\BOOKMARK [0][-]{Doc-Start}{\376\377\000P\000r\000e\000f\000a\000c\000e}{}% 1
\BOOKMARK [0][-]{chapter*.1}{\376\377\006\176\006\314\006\064\006\257\006\101\006\052\006\047\006\061}{}% 2
\BOOKMARK [-1][-]{part.1}{\376\377\006\047\006\110\006\104\000\040\006\105\006\071\006\105\006\047\006\061\006\314\000\040\006\206\006\047\006\061\006\206\006\110\006\050\000\040\006\110\000\040\006\101\006\314\006\062\006\314\006\251\000\040\006\050\006\106\006\314\006\047\006\057\006\314}{}% 3
\BOOKMARK [0][-]{chapter.1}{\376\377\006\105\006\102\006\057\006\105\006\107\000\040\006\110\000\040\006\063\006\047\006\056\006\052\006\047\006\061\000\040\006\176\006\061\006\110\006\230\006\107}{part.1}% 4
\BOOKMARK [1][-]{section.1.1}{\376\377\006\062\006\105\006\314\006\106\006\107\000\040\006\110\000\040\006\047\006\106\006\257\006\314\006\062\006\107}{chapter.1}% 5
\BOOKMARK [1][-]{section.1.2}{\376\377\006\206\006\047\006\104\006\064\000\040\006\257\006\060\006\047\006\061\000\040\006\047\006\062\000\040\000Q\000K\000D\000\040\006\106\006\070\006\061\006\314\000\040\006\050\006\107\000\040\000Q\000K\000D\000\040\006\071\006\105\006\104\006\314}{chapter.1}% 6
\BOOKMARK [1][-]{section.1.3}{\376\377\006\066\006\061\006\110\006\061\006\052\000\040\006\064\006\050\006\314\006\107\040\014\006\063\006\047\006\062\006\314\000\040\006\057\006\061\000\040\006\063\006\047\006\105\006\047\006\106\006\107\040\014\006\107\006\047\006\314\000\040\000Q\000K\000D}{chapter.1}% 7
\BOOKMARK [1][-]{section.1.4}{\376\377\006\050\006\314\006\047\006\106\000\040\006\105\006\063\006\046\006\104\006\107\000\040\006\110\000\040\006\107\006\057\006\101\000\040\006\176\006\061\006\110\006\230\006\107}{chapter.1}% 8
\BOOKMARK [1][-]{section.1.5}{\376\377\006\106\006\105\006\047\006\314\000\040\006\251\006\104\006\314\000\040\006\101\006\061\006\314\006\105\040\014\006\110\006\061\006\251\000\040\006\064\006\050\006\314\006\107\040\014\006\063\006\047\006\062\006\314}{chapter.1}% 9
\BOOKMARK [1][-]{section.1.6}{\376\377\006\105\006\064\006\047\006\061\006\251\006\052\040\014\006\107\006\047\000\040\006\110\000\040\006\102\006\047\006\050\006\104\006\314\006\052\040\014\006\107\006\047\006\314\000\040\006\047\006\065\006\104\006\314\000\040\006\101\006\061\006\314\006\105\040\014\006\110\006\061\006\251}{chapter.1}% 10
\BOOKMARK [1][-]{section.1.7}{\376\377\006\063\006\047\006\056\006\052\006\047\006\061\000\040\006\106\006\061\006\105\040\014\006\047\006\101\006\062\006\047\006\061\006\314\000\040\006\110\000\040\006\047\006\054\006\061\006\047\006\314\000\040\006\176\006\061\006\110\006\230\006\107}{chapter.1}% 11
\BOOKMARK [1][-]{section.1.8}{\376\377\006\063\006\047\006\056\006\052\006\047\006\061\000\040\006\257\006\062\006\047\006\061\006\064}{chapter.1}% 12
\BOOKMARK [0][-]{chapter.2}{\376\377\006\176\006\314\006\251\006\061\006\050\006\106\006\057\006\314\000\040\006\107\006\063\006\052\006\107\000\040\006\110\000\040\006\176\006\047\006\061\006\047\006\105\006\052\006\061\006\107\006\047}{part.1}% 13
\BOOKMARK [1][-]{section.2.1}{\376\377\006\106\006\105\006\047\006\314\000\040\006\251\006\104\006\314\000\040\006\110\000\040\006\107\006\057\006\101\000\040\006\105\006\047\006\230\006\110\006\104\000\040\000p\000a\000r\000a\000m\000s\000.\000p\000y}{chapter.2}% 14
\BOOKMARK [1][-]{section.2.2}{\376\377\006\105\006\050\006\047\006\106\006\314\000\040\006\052\006\046\006\110\006\061\006\314\000\040\006\110\000\040\006\101\006\314\006\062\006\314\006\251\006\314\000\040\006\057\006\061\000\040\000p\000a\000r\000a\000m\000s\000.\000p\000y}{chapter.2}% 15
\BOOKMARK [2][-]{subsection.2.2.1}{\376\377\006\047\006\105\006\106\006\314\006\052\006\120\000\040\006\052\006\061\006\251\006\314\006\050\040\014\006\176\006\060\006\314\006\061\000\040\006\110\000\040\006\176\006\047\006\061\006\047\006\105\006\052\006\061\006\107\006\047\006\314\000\040\006\047\006\120\006\176\006\063\006\314\006\104\006\110\006\106}{section.2.2}% 16
\BOOKMARK [2][-]{subsection.2.2.2}{\376\377\006\251\006\047\006\061\006\047\006\314\006\314\000\040\006\052\006\065\006\055\006\314\006\055\000\040\006\056\006\067\006\047\000\040\006\110\000\040\006\066\006\061\006\314\006\050\000\040\000f\000-\000E\000C}{section.2.2}% 17
\BOOKMARK [2][-]{subsection.2.2.3}{\376\377\006\047\006\052\006\104\006\047\006\101\006\120\000\040\006\251\006\047\006\106\006\047\006\104\000\040\006\110\000\040\006\105\006\057\006\104\040\014\006\107\006\047\006\314\000\040\006\206\006\106\006\057\040\014\006\054\006\062\006\046\006\314}{section.2.2}% 18
\BOOKMARK [2][-]{subsection.2.2.4}{\376\377\006\047\006\056\006\052\006\104\006\047\006\104\040\014\006\107\006\047\006\314\000\040\006\072\006\314\006\061\006\056\006\067\006\314\006\120\000\040\000W\000D\000M\000:\000\040\006\176\006\061\006\047\006\251\006\106\006\057\006\257\006\314\006\120\000\040\006\061\006\047\006\105\006\047\006\106}{section.2.2}% 19
\BOOKMARK [2][-]{subsection.2.2.5}{\376\377\006\101\006\314\006\062\006\314\006\251\006\120\000\040\006\105\006\047\006\230\006\110\006\104\006\047\006\063\006\314\006\110\006\106\006\120\000\040\006\062\006\314\006\061\006\055\006\047\006\105\006\104\000\040\000\050\000S\000C\000M\000\051}{section.2.2}% 20
\BOOKMARK [2][-]{subsection.2.2.6}{\376\377\006\176\006\061\006\047\006\251\006\106\006\057\006\257\006\314\040\014\006\054\006\050\006\061\006\047\006\106\006\314\006\120\000\040\006\101\006\071\006\047\006\104}{section.2.2}% 21
\BOOKMARK [1][-]{section.2.3}{\376\377\006\052\006\055\006\104\006\314\006\104\000\040\006\105\006\071\006\105\006\047\006\061\006\314\000\040\006\110\000\040\006\063\006\047\006\056\006\052\006\047\006\061\000\040\006\057\006\047\006\057\006\107\040\014\006\107\006\047\000\040\006\057\006\061\000\040\000p\000a\000r\000a\000m\000s\000.\000p\000y}{chapter.2}% 22
\BOOKMARK [2][-]{subsection.2.3.1}{\376\377\006\251\006\104\006\047\006\063\000\040\000Q\000K\000D\000P\000a\000r\000a\000m\000s\000:\000\040\006\314\006\251\000\040\006\057\006\314\006\052\006\047\006\251\006\104\006\047\006\063\006\120\000\040\006\047\006\314\006\063\006\052\006\047}{section.2.3}% 23
\BOOKMARK [2][-]{subsection.2.3.2}{\376\377\006\057\006\063\006\052\006\107\040\014\006\050\006\106\006\057\006\314\006\120\000\040\006\101\006\314\006\104\006\057\006\107\006\047}{section.2.3}% 24
\BOOKMARK [2][-]{subsection.2.3.3}{\376\377\006\176\006\061\006\110\006\052\006\251\006\104\040\014\006\107\006\047\006\314\000\040\006\052\006\047\006\314\006\176\006\314\000\040\006\110\000\040\000P\000r\000o\000t\000o\000c\000o\000l}{section.2.3}% 25
\BOOKMARK [2][-]{subsection.2.3.4}{\376\377\006\064\006\105\006\047\006\061\006\064\040\014\006\107\006\047\000\040\000\050\000E\000n\000u\000m\000s\000\051}{section.2.3}% 26
\BOOKMARK [2][-]{subsection.2.3.5}{\376\377\006\063\006\314\006\063\006\052\006\105\006\120\000\040\006\106\006\063\006\056\006\107\040\014\006\063\006\047\006\062\006\314\006\120\000\040\006\064\006\120\006\105\006\047}{section.2.3}% 27
\BOOKMARK [2][-]{subsection.2.3.6}{\376\377\006\105\006\055\006\057\006\110\006\057\006\314\006\052\040\014\006\107\006\047\006\314\000\040\006\063\006\061\006\314\006\047\006\104\040\014\006\063\006\047\006\062\006\314}{section.2.3}% 28
\BOOKMARK [1][-]{section.2.4}{\376\377\006\176\006\314\006\047\006\057\006\107\040\014\006\063\006\047\006\062\006\314\000\040\006\061\006\314\006\047\006\066\006\314\000\040\006\110\000\040\006\047\006\104\006\257\006\110\006\061\006\314\006\052\006\105\006\314\000\040\006\057\006\061\000\040\000p\000a\000r\000a\000m\000s\000.\000p\000y}{chapter.2}% 29
\BOOKMARK [2][-]{subsection.2.4.1}{\376\377\006\101\006\061\006\105\006\110\006\104\006\120\000\040\006\110\006\047\006\055\006\057\006\120\000\040\006\047\006\052\006\104\006\047\006\101\006\120\000\040\006\251\006\104}{section.2.4}% 30
\BOOKMARK [2][-]{subsection.2.4.2}{\376\377\006\047\006\071\006\052\006\050\006\047\006\061\006\063\006\106\006\054\006\314\006\120\000\040\006\047\006\105\006\106\006\314\006\052\006\120\000\040\006\052\006\061\006\251\006\314\006\050\040\014\006\176\006\060\006\314\006\061}{section.2.4}% 31
\BOOKMARK [2][-]{subsection.2.4.3}{\376\377\006\047\006\104\006\257\006\110\006\061\006\314\006\052\006\105\006\120\000\040\006\052\006\050\006\057\006\314\006\104\006\120\000\040\006\047\006\314\006\105\006\106\006\120\000\040\006\064\006\105\006\047\006\061\006\064\040\014\006\107\006\047}{section.2.4}% 32
\BOOKMARK [2][-]{subsection.2.4.4}{\376\377\006\063\006\061\006\314\006\047\006\104\040\014\006\063\006\047\006\062\006\314\006\120\000\040\006\050\006\047\006\062\006\257\006\064\006\052\006\314\000\040\006\110\000\040\006\055\006\101\006\047\006\070\006\052\000\040\006\057\006\061\000\040\006\050\006\061\006\047\006\050\006\061\000\040\006\106\006\064\006\052\006\120\000\040\000s\000e\000e\000d}{section.2.4}% 33
\BOOKMARK [2][-]{subsection.2.4.5}{\376\377\006\105\006\052\006\057\000\040\000f\000r\000o\000m\000\137\000d\000i\000c\000t\000:\000\040\006\050\006\047\006\062\006\063\006\047\006\062\006\314\006\120\000\040\006\063\006\047\006\062\006\257\006\047\006\061}{section.2.4}% 34
\BOOKMARK [2][-]{subsection.2.4.6}{\376\377\006\105\006\052\006\057\000\040\000w\000i\000t\000h\000\137\000c\000h\000a\000n\000n\000e\000l\000\137\000r\000e\000b\000u\000i\000l\000t\000\040\006\110\000\040\006\055\006\101\006\047\006\070\006\052\006\120\000\040\006\314\006\251\006\176\006\047\006\061\006\206\006\257\006\314\006\120\000\040\006\047\006\052\006\104\006\047\006\101}{section.2.4}% 35
\BOOKMARK [2][-]{subsection.2.4.7}{\376\377\006\052\006\110\006\047\006\050\006\071\006\120\000\040\006\251\006\047\006\061\006\056\006\047\006\106\006\107\040\014\006\314\000\040\000L\000i\000m\000\040\0002\0000\0001\0004}{section.2.4}% 36
\BOOKMARK [1][-]{section.2.5}{\376\377\006\047\006\061\006\063\006\047\006\104\000\040\006\110\000\040\006\057\006\061\006\314\006\047\006\101\006\052\000\040\006\050\006\047\000\040\006\063\006\047\006\314\006\061\000\040\006\105\006\047\006\230\006\110\006\104\040\014\006\107\006\047\000\040\006\057\006\061\000\040\000p\000a\000r\000a\000m\000s\000.\000p\000y}{chapter.2}% 37
\BOOKMARK [2][-]{subsection.2.5.1}{\376\377\006\110\006\047\006\050\006\063\006\052\006\257\006\314\040\014\006\107\006\047\006\314\000\040\006\110\006\061\006\110\006\057\006\314}{section.2.5}% 38
\BOOKMARK [2][-]{subsection.2.5.2}{\376\377\006\056\006\061\006\110\006\054\006\314\040\014\006\107\006\047\000\040\006\110\000\040\006\106\006\102\006\047\006\067\006\120\000\040\006\105\006\065\006\061\006\101}{section.2.5}% 39
\BOOKMARK [2][-]{subsection.2.5.3}{\376\377\006\102\006\061\006\047\006\061\006\057\006\047\006\057\006\120\000\040\006\063\006\061\006\314\006\047\006\104\040\014\006\063\006\047\006\062\006\314}{section.2.5}% 40
\BOOKMARK [1][-]{section.2.6}{\376\377\006\106\006\105\006\047\006\314\000\040\006\251\006\104\006\314\000\040\006\110\000\040\006\107\006\057\006\101\000\040\006\105\006\047\006\230\006\110\006\104\000\040\000c\000o\000n\000s\000t\000a\000n\000t\000s\000\137\000h\000e\000l\000p\000e\000r\000s\000.\000p\000y}{chapter.2}% 41
\BOOKMARK [1][-]{section.2.7}{\376\377\006\105\006\050\006\047\006\106\006\314\000\040\006\052\006\046\006\110\006\061\006\314\000\040\006\110\000\040\006\101\006\314\006\062\006\314\006\251\006\314\000\040\006\057\006\061\000\040\000c\000o\000n\000s\000t\000a\000n\000t\000s\000\137\000h\000e\000l\000p\000e\000r\000s\000.\000p\000y}{chapter.2}% 42
\BOOKMARK [2][-]{subsection.2.7.1}{\376\377\006\052\006\055\006\104\006\314\006\104\006\120\000\040\006\071\006\057\006\057\006\314\006\120\000\040\006\105\006\105\006\314\006\062\006\120\000\040\006\064\006\106\006\047\006\110\006\061}{section.2.7}% 43
\BOOKMARK [2][-]{subsection.2.7.2}{\376\377\006\042\006\106\006\052\006\061\006\110\006\176\006\314\006\120\000\040\006\064\006\047\006\106\006\110\006\106\000\040\006\110\000\040\006\106\006\047\006\176\006\047\006\314\006\057\006\047\006\061\006\314\006\120\000\040\006\071\006\057\006\057\006\314}{section.2.7}% 44
\BOOKMARK [2][-]{subsection.2.7.3}{\376\377\006\106\006\061\006\105\006\047\006\104\040\014\006\063\006\047\006\062\006\314\006\120\000\040\000L\0001\000\040\006\110\000\040\006\052\006\110\006\062\006\314\006\071\006\120\000\040\006\047\006\055\006\052\006\105\006\047\006\104}{section.2.7}% 45
\BOOKMARK [2][-]{subsection.2.7.4}{\376\377\006\052\006\050\006\057\006\314\006\104\006\120\000\040\006\057\006\063\006\314\040\014\006\050\006\104\000\040\006\050\006\107\000\040\006\056\006\067\006\314}{section.2.7}% 46
\BOOKMARK [2][-]{subsection.2.7.5}{\376\377\006\050\006\061\006\057\006\047\006\061\006\120\000\040\006\047\006\055\006\052\006\105\006\047\006\104\006\120\000\040\006\105\006\071\006\052\006\050\006\061}{section.2.7}% 47
\BOOKMARK [1][-]{section.2.8}{\376\377\006\052\006\055\006\104\006\314\006\104\000\040\006\105\006\071\006\105\006\047\006\061\006\314\000\040\006\110\000\040\006\063\006\047\006\056\006\052\006\047\006\061\000\040\006\057\006\047\006\057\006\107\040\014\006\107\006\047\000\040\006\057\006\061\000\040\000c\000o\000n\000s\000t\000a\000n\000t\000s\000\137\000h\000e\000l\000p\000e\000r\000s\000.\000p\000y}{chapter.2}% 48
\BOOKMARK [2][-]{subsection.2.8.1}{\376\377\006\101\006\107\006\061\006\063\006\052\006\120\000\040\006\052\006\110\006\047\006\050\006\071\006\120\000\040\006\071\006\105\006\110\006\105\006\314}{section.2.8}% 49
\BOOKMARK [2][-]{subsection.2.8.2}{\376\377\006\052\006\110\006\047\006\050\006\071\006\120\000\040\006\251\006\105\006\251\006\314\006\120\000\040\006\056\006\065\006\110\006\065\006\314}{section.2.8}% 50
\BOOKMARK [2][-]{subsection.2.8.3}{\376\377\006\052\006\047\006\050\006\071\006\120\000\040\000\137\000t\000o\000\137\000r\000e\000a\000l\000\137\0001\000d\000\137\000a\000r\000r\000a\000y\000\050\000\051\000:\000\040\006\047\006\071\006\052\006\050\006\047\006\061\006\063\006\106\006\054\006\314\006\120\000\040\006\042\006\061\006\047\006\314\006\107\040\014\006\047\006\314}{section.2.8}% 51
\BOOKMARK [2][-]{subsection.2.8.4}{\376\377\006\052\006\047\006\314\006\176\040\014\006\107\006\314\006\106\006\052\040\014\006\107\006\047\006\314\000\040\000A\000r\000r\000a\000y\000L\000i\000k\000e\000\040\006\110\000\040\000N\000D\000A\000r\000r\000a\000y}{section.2.8}% 52
\BOOKMARK [1][-]{section.2.9}{\376\377\006\176\006\314\006\047\006\057\006\107\040\014\006\063\006\047\006\062\006\314\000\040\006\061\006\314\006\047\006\066\006\314\000\040\006\110\000\040\006\047\006\104\006\257\006\110\006\061\006\314\006\052\006\105\006\314\000\040\006\057\006\061\000\040\000c\000o\000n\000s\000t\000a\000n\000t\000s\000\137\000h\000e\000l\000p\000e\000r\000s\000.\000p\000y}{chapter.2}% 53
\BOOKMARK [2][-]{subsection.2.9.1}{\376\377\006\052\006\047\006\050\006\071\000\040\000i\000s\000\137\000c\000l\000o\000s\000e\000\050\000\051\000:\000\040\006\105\006\102\006\047\006\314\006\063\006\107\040\014\006\314\000\040\006\047\006\314\006\105\006\106}{section.2.9}% 54
\BOOKMARK [2][-]{subsection.2.9.2}{\376\377\006\052\006\047\006\050\006\071\000\040\000i\000s\000\137\000v\000a\000l\000i\000d\000\137\000p\000r\000o\000b\000a\000b\000i\000l\000i\000t\000y\000\050\000\051\000:\000\040\006\047\006\071\006\052\006\050\006\047\006\061\006\063\006\106\006\054\006\314\006\120\000\040\006\050\006\047\006\062\006\107\040\014\006\314\000\040\006\047\006\055\006\052\006\105\006\047\006\104}{section.2.9}% 55
\BOOKMARK [2][-]{subsection.2.9.3}{\376\377\006\052\006\047\006\050\006\071\000\040\000c\000l\000a\000m\000p\000\137\000p\000r\000o\000b\000a\000b\000i\000l\000i\000t\000y\000\050\000\051\000:\000\040\006\050\006\061\006\064\006\120\000\040\006\047\006\055\006\052\006\105\006\047\006\104}{section.2.9}% 56
\BOOKMARK [2][-]{subsection.2.9.4}{\376\377\006\052\006\047\006\050\006\071\000\040\000c\000l\000a\000m\000p\000\137\000p\000r\000o\000b\000a\000b\000i\000l\000i\000t\000i\000e\000s\000\050\000\051\000:\000\040\006\106\006\063\006\056\006\107\040\014\006\314\000\040\006\050\006\061\006\057\006\047\006\061\006\314}{section.2.9}% 57
\BOOKMARK [2][-]{subsection.2.9.5}{\376\377\006\052\006\047\006\050\006\071\000\040\000r\000e\000n\000o\000r\000m\000a\000l\000i\000z\000e\000\137\000n\000o\000r\000m\000a\000l\000i\000z\000e\000\137\000p\000r\000o\000b\000a\000b\000i\000l\000i\000t\000i\000e\000s\000\050\000\051\000:\000\040\006\106\006\061\006\105\006\047\006\104\040\014\006\063\006\047\006\062\006\314\000\040\006\050\006\047\000\040\000f\000a\000l\000l\000b\000a\000c\000k}{section.2.9}% 58
\BOOKMARK [2][-]{subsection.2.9.6}{\376\377\006\052\006\047\006\050\006\071\000\040\000d\000b\000\137\000t\000o\000\137\000l\000i\000n\000e\000a\000r\000\050\000\051\000:\000\040\006\052\006\050\006\057\006\314\006\104\006\120\000\040\006\047\006\314\006\105\006\106}{section.2.9}% 59
\BOOKMARK [2][-]{subsection.2.9.7}{\376\377\006\052\006\047\006\050\006\071\000\040\000i\000s\000\137\000p\000r\000o\000b\000\137\000v\000e\000c\000t\000o\000r\000\050\000\051\000:\000\040\006\047\006\071\006\052\006\050\006\047\006\061\006\063\006\106\006\054\006\314\006\120\000\040\006\050\006\061\006\057\006\047\006\061\006\120\000\040\006\047\006\055\006\052\006\105\006\047\006\104}{section.2.9}% 60
\BOOKMARK [1][-]{section.2.10}{\376\377\006\047\006\061\006\063\006\047\006\104\000\040\006\110\000\040\006\057\006\061\006\314\006\047\006\101\006\052\000\040\006\050\006\047\000\040\006\063\006\047\006\314\006\061\000\040\006\105\006\047\006\230\006\110\006\104\040\014\006\107\006\047\000\040\006\057\006\061\000\040\000c\000o\000n\000s\000t\000a\000n\000t\000s\000\137\000h\000e\000l\000p\000e\000r\000s\000.\000p\000y}{chapter.2}% 61
\BOOKMARK [2][-]{subsection.2.10.1}{\376\377\006\110\006\047\006\050\006\063\006\052\006\257\006\314\040\014\006\107\006\047\006\314\000\040\006\110\006\061\006\110\006\057\006\314}{section.2.10}% 62
\BOOKMARK [2][-]{subsection.2.10.2}{\376\377\006\106\006\102\006\047\006\067\006\120\000\040\006\105\006\065\006\061\006\101}{section.2.10}% 63
\BOOKMARK [2][-]{subsection.2.10.3}{\376\377\006\102\006\061\006\047\006\061\006\057\006\047\006\057\006\120\000\040\006\061\006\047\006\050\006\067}{section.2.10}% 64
\BOOKMARK [1][-]{section.2.11}{\376\377\006\106\006\105\006\047\006\314\000\040\006\251\006\104\006\314\000\040\006\110\000\040\006\107\006\057\006\101\000\040\006\105\006\047\006\230\006\110\006\104\000\040\000c\000o\000n\000s\000t\000a\000n\000t\000s\000\137\000d\000e\000f\000i\000n\000i\000t\000i\000o\000n\000s\000.\000p\000y}{chapter.2}% 65
\BOOKMARK [1][-]{section.2.12}{\376\377\006\105\006\050\006\047\006\106\006\314\000\040\006\052\006\046\006\110\006\061\006\314\000\040\006\110\000\040\006\101\006\314\006\062\006\314\006\251\006\314\000\040\006\057\006\061\000\040\000c\000o\000n\000s\000t\000a\000n\000t\000s\000\137\000d\000e\000f\000i\000n\000i\000t\000i\000o\000n\000s\000.\000p\000y}{chapter.2}% 66
\BOOKMARK [2][-]{subsection.2.12.1}{\376\377\006\063\006\104\006\063\006\104\006\107\040\014\006\105\006\061\006\047\006\052\006\050\006\120\000\040\006\052\006\104\006\110\006\061\006\047\006\106\006\063}{section.2.12}% 67
\BOOKMARK [2][-]{subsection.2.12.2}{\376\377\006\056\006\067\006\047\006\314\000\040\006\105\006\047\006\064\006\314\006\106\000\040\006\110\000\040\000Y\0001\000\137\000S\000A\000F\000E\000\137\000T\000H\000R\000E\000S\000H\000O\000L\000D}{section.2.12}% 68
\BOOKMARK [2][-]{subsection.2.12.3}{\376\377\006\053\006\047\006\050\006\052\040\014\006\107\006\047\006\314\000\040\006\101\006\314\006\062\006\314\006\251\006\314\006\120\000\040\000S\000I\000\040\0002\0000\0001\0009}{section.2.12}% 69
\BOOKMARK [2][-]{subsection.2.12.4}{\376\377\006\050\006\060\006\061\006\120\000\040\006\052\006\110\006\104\006\314\006\057\006\106\006\057\006\107\040\014\006\314\000\040\006\071\006\057\006\057\006\120\000\040\006\052\006\065\006\047\006\057\006\101\006\314\006\120\000\040\000P\000C\000G\0006\0004}{section.2.12}% 70
\BOOKMARK [2][-]{subsection.2.12.5}{\376\377\006\042\006\063\006\052\006\047\006\106\006\107\040\014\006\314\000\040\006\057\006\105\006\120\000\040\006\176\006\110\006\047\006\063\006\110\006\106}{section.2.12}% 71
\BOOKMARK [2][-]{subsection.2.12.6}{\376\377\006\061\006\110\006\064\040\014\006\107\006\047\006\314\000\040\000L\000P\000\040\000S\000o\000l\000v\000e\000r}{section.2.12}% 72
\BOOKMARK [1][-]{section.2.13}{\376\377\006\052\006\055\006\104\006\314\006\104\000\040\006\105\006\071\006\105\006\047\006\061\006\314\000\040\006\110\000\040\006\063\006\047\006\056\006\052\006\047\006\061\000\040\006\057\006\047\006\057\006\107\040\014\006\107\006\047\000\040\006\057\006\061\000\040\000c\000o\000n\000s\000t\000a\000n\000t\000s\000\137\000d\000e\000f\000i\000n\000i\000t\000i\000o\000n\000s\000.\000p\000y}{chapter.2}% 73
\BOOKMARK [2][-]{subsection.2.13.1}{\376\377\006\047\006\063\006\052\006\101\006\047\006\057\006\107\040\014\006\314\000\040\006\257\006\063\006\052\006\061\006\057\006\107\000\040\006\047\006\062\000\040\000F\000i\000n\000a\000l}{section.2.13}% 74
\BOOKMARK [2][-]{subsection.2.13.2}{\376\377\006\106\006\110\006\071\006\120\000\040\000L\000i\000t\000e\000r\000a\000l\000\040\006\110\000\040\000T\000y\000p\000e\000A\000l\000i\000a\000s}{section.2.13}% 75
\BOOKMARK [2][-]{subsection.2.13.3}{\376\377\006\101\006\107\006\061\006\063\006\052\006\120\000\040\000P\000U\000B\000L\000I\000C\000\137\000C\000O\000N\000S\000T\000A\000N\000T\000\137\000N\000A\000M\000E\000S}{section.2.13}% 76
\BOOKMARK [2][-]{subsection.2.13.4}{\376\377\006\053\006\047\006\050\006\052\006\120\000\040\000M\000I\000N\000\137\000S\000U\000C\000C\000E\000S\000S\000F\000U\000L\000\137\000Z\0001\000\137\000B\000A\000S\000I\000S\000\137\000E\000V\000E\000N\000T\000S\000\137\000F\000O\000R\000\137\000P\000H\000A\000S\000E\000\137\000E\000S\000T}{section.2.13}% 77
\BOOKMARK [1][-]{section.2.14}{\376\377\006\176\006\314\006\047\006\057\006\107\040\014\006\063\006\047\006\062\006\314\000\040\006\061\006\314\006\047\006\066\006\314\000\040\006\110\000\040\006\047\006\104\006\257\006\110\006\061\006\314\006\052\006\105\006\314\000\040\006\057\006\061\000\040\000c\000o\000n\000s\000t\000a\000n\000t\000s\000\137\000d\000e\000f\000i\000n\000i\000t\000i\000o\000n\000s\000.\000p\000y}{chapter.2}% 78
\BOOKMARK [2][-]{subsection.2.14.1}{\376\377\006\105\006\055\006\047\006\063\006\050\006\107\040\014\006\314\000\040\000E\000P\000S\000\040\006\047\006\062\000\040\000N\000u\000m\000P\000y}{section.2.14}% 79
\BOOKMARK [2][-]{subsection.2.14.2}{\376\377\006\105\006\055\006\047\006\063\006\050\006\107\040\014\006\314\000\040\000Y\0001\000\137\000S\000A\000F\000E\000\137\000T\000H\000R\000E\000S\000H\000O\000L\000D\000\040\006\050\006\047\000\040\006\105\006\047\006\251\006\062\006\314\006\105\006\105}{section.2.14}% 80
\BOOKMARK [2][-]{subsection.2.14.3}{\376\377\006\052\006\106\006\070\006\314\006\105\006\120\000\040\000E\000N\000T\000R\000O\000P\000Y\000\137\000P\000R\000O\000B\000\137\000C\000L\000A\000M\000P\000\040\006\050\006\061\006\047\006\050\006\061\000\040\006\050\006\047\000\040\000N\000U\000M\000E\000R\000I\000C\000\137\000A\000B\000S\000\137\000T\000O\000L}{section.2.14}% 81
\BOOKMARK [2][-]{subsection.2.14.4}{\376\377\006\105\006\055\006\047\006\063\006\050\006\107\040\014\006\314\000\040\000L\000P\000\137\000C\000O\000N\000S\000T\000R\000A\000I\000N\000T\000\137\000V\000I\000O\000L\000A\000T\000I\000O\000N\000\137\000T\000O\000L}{section.2.14}% 82
\BOOKMARK [2][-]{subsection.2.14.5}{\376\377\006\053\006\047\006\050\006\052\040\014\006\107\006\047\006\314\000\040\000S\000I\000\040\0002\0000\0001\0009}{section.2.14}% 83
\BOOKMARK [2][-]{subsection.2.14.6}{\376\377\006\105\006\047\006\251\006\061\006\110\006\314\000\040\006\050\006\060\006\061\006\120\000\040\000P\000C\000G\0006\0004}{section.2.14}% 84
\BOOKMARK [1][-]{section.2.15}{\376\377\006\047\006\061\006\063\006\047\006\104\000\040\006\110\000\040\006\057\006\061\006\314\006\047\006\101\006\052\000\040\006\050\006\047\000\040\006\063\006\047\006\314\006\061\000\040\006\105\006\047\006\230\006\110\006\104\040\014\006\107\006\047\000\040\006\057\006\061\000\040\000c\000o\000n\000s\000t\000a\000n\000t\000s\000\137\000d\000e\000f\000i\000n\000i\000t\000i\000o\000n\000s\000.\000p\000y}{chapter.2}% 85
\BOOKMARK [2][-]{subsection.2.15.1}{\376\377\006\071\006\057\006\105\006\120\000\040\006\110\006\047\006\050\006\063\006\052\006\257\006\314\006\120\000\040\006\110\006\061\006\110\006\057\006\314}{section.2.15}% 86
\BOOKMARK [2][-]{subsection.2.15.2}{\376\377\006\106\006\102\006\047\006\067\006\120\000\040\006\105\006\065\006\061\006\101}{section.2.15}% 87
\BOOKMARK [2][-]{subsection.2.15.3}{\376\377\006\102\006\061\006\047\006\061\006\057\006\047\006\057\006\120\000\040\000P\000U\000B\000L\000I\000C\000\137\000C\000O\000N\000S\000T\000A\000N\000T\000\137\000N\000A\000M\000E\000S}{section.2.15}% 88
\BOOKMARK [1][-]{section.2.16}{\376\377\006\106\006\105\006\047\006\314\000\040\006\251\006\104\006\314\000\040\006\110\000\040\006\107\006\057\006\101\000\040\006\105\006\047\006\230\006\110\006\104\000\040\000c\000o\000n\000s\000t\000a\000n\000t\000s\000.\000p\000y}{chapter.2}% 89
\BOOKMARK [1][-]{section.2.17}{\376\377\006\105\006\050\006\047\006\106\006\314\000\040\006\052\006\046\006\110\006\061\006\314\000\040\006\110\000\040\006\101\006\314\006\062\006\314\006\251\006\314\000\040\006\057\006\061\000\040\000c\000o\000n\000s\000t\000a\000n\000t\000s\000.\000p\000y}{chapter.2}% 90
\BOOKMARK [2][-]{subsection.2.17.1}{\376\377\006\047\006\104\006\257\006\110\006\314\000\040\006\101\006\063\006\047\006\057\000\040\006\057\006\061\000\040\006\105\006\107\006\106\006\057\006\063\006\314\000\040\006\106\006\061\006\105\040\014\006\047\006\101\006\062\006\047\006\061}{section.2.17}% 91
\BOOKMARK [2][-]{subsection.2.17.2}{\376\377\006\176\006\047\006\314\006\057\006\047\006\061\006\314\006\120\000\040\006\061\006\047\006\050\006\067\000\040\006\110\000\040\006\106\006\063\006\056\006\107\040\014\006\063\006\047\006\062\006\314}{section.2.17}% 92
\BOOKMARK [2][-]{subsection.2.17.3}{\376\377\006\053\006\047\006\050\006\052\040\014\006\107\006\047\006\314\000\040\006\101\006\314\006\062\006\314\006\251\006\314\006\120\000\040\006\052\006\251\006\105\006\314\006\104\006\314}{section.2.17}% 93
\BOOKMARK [1][-]{section.2.18}{\376\377\006\052\006\055\006\104\006\314\006\104\000\040\006\105\006\071\006\105\006\047\006\061\006\314\000\040\006\110\000\040\006\063\006\047\006\056\006\052\006\047\006\061\000\040\006\057\006\047\006\057\006\107\040\014\006\107\006\047\000\040\006\057\006\061\000\040\000c\000o\000n\000s\000t\000a\000n\000t\000s\000.\000p\000y}{chapter.2}% 94
\BOOKMARK [2][-]{subsection.2.18.1}{\376\377\006\063\006\047\006\056\006\052\006\047\006\061\006\120\000\040\006\110\006\047\006\061\006\057\006\047\006\052}{section.2.18}% 95
\BOOKMARK [2][-]{subsection.2.18.2}{\376\377\006\052\006\071\006\061\006\314\006\101\006\120\000\040\000\137\000\137\000a\000l\000l\000\137\000\137\000\040\006\176\006\110\006\314\006\047}{section.2.18}% 96
\BOOKMARK [2][-]{subsection.2.18.3}{\376\377\006\052\006\047\006\050\006\071\000\040\000a\000s\000\137\000d\000i\000c\000t\000\050\000\051}{section.2.18}% 97
\BOOKMARK [2][-]{subsection.2.18.4}{\376\377\006\071\006\057\006\105\006\120\000\040\006\047\006\063\006\052\006\101\006\047\006\057\006\107\000\040\006\047\006\062\000\040\000F\000i\000n\000a\000l}{section.2.18}% 98
\BOOKMARK [1][-]{section.2.19}{\376\377\006\176\006\314\006\047\006\057\006\107\040\014\006\063\006\047\006\062\006\314\000\040\006\061\006\314\006\047\006\066\006\314\000\040\006\110\000\040\006\047\006\104\006\257\006\110\006\061\006\314\006\052\006\105\006\314\000\040\006\057\006\061\000\040\000c\000o\000n\000s\000t\000a\000n\000t\000s\000.\000p\000y}{chapter.2}% 99
\BOOKMARK [2][-]{subsection.2.19.1}{\376\377\006\176\006\314\006\047\006\057\006\107\040\014\006\063\006\047\006\062\006\314\006\120\000\040\000a\000s\000\137\000d\000i\000c\000t\000\050\000\051}{section.2.19}% 100
\BOOKMARK [2][-]{subsection.2.19.2}{\376\377\006\105\006\102\006\057\006\047\006\061\006\120\000\040\000S\000I\000\040\0002\0000\0001\0009\000\040\006\063\006\061\006\071\006\052\006\120\000\040\006\106\006\110\006\061}{section.2.19}% 101
\BOOKMARK [2][-]{subsection.2.19.3}{\376\377\006\052\006\071\006\061\006\314\006\101\006\120\000\040\006\105\006\110\006\047\006\062\006\314\006\120\000\040\000C\000O\000N\000S\000T\000\137\000P\000L\000A\000N\000C\000K}{section.2.19}% 102
\BOOKMARK [2][-]{subsection.2.19.4}{\376\377\006\052\006\061\006\251\006\314\006\050\006\120\000\040\000A\000P\000I\000\040\006\047\006\062\000\040\006\057\006\110\000\040\006\105\006\106\006\050\006\071}{section.2.19}% 103
\BOOKMARK [1][-]{section.2.20}{\376\377\006\047\006\061\006\063\006\047\006\104\000\040\006\110\000\040\006\057\006\061\006\314\006\047\006\101\006\052\000\040\006\050\006\047\000\040\006\063\006\047\006\314\006\061\000\040\006\105\006\047\006\230\006\110\006\104\040\014\006\107\006\047\000\040\006\057\006\061\000\040\000c\000o\000n\000s\000t\000a\000n\000t\000s\000.\000p\000y}{chapter.2}% 104
\BOOKMARK [2][-]{subsection.2.20.1}{\376\377\006\110\006\047\006\050\006\063\006\052\006\257\006\314\040\014\006\107\006\047\006\314\000\040\006\110\006\061\006\110\006\057\006\314}{section.2.20}% 105
\BOOKMARK [2][-]{subsection.2.20.2}{\376\377\006\106\006\102\006\047\006\067\006\120\000\040\006\105\006\065\006\061\006\101}{section.2.20}% 106
\BOOKMARK [2][-]{subsection.2.20.3}{\376\377\006\102\006\061\006\047\006\061\006\057\006\047\006\057\006\120\000\040\006\106\006\063\006\056\006\107\040\014\006\257\006\060\006\047\006\061\006\314}{section.2.20}% 107
\BOOKMARK [2][-]{subsection.2.20.4}{\376\377\006\054\006\105\006\071\040\014\006\050\006\106\006\057\006\314\006\120\000\040\006\105\006\071\006\105\006\047\006\061\006\314\006\120\000\040\006\206\006\107\006\047\006\061\000\040\006\105\006\047\006\230\006\110\006\104}{section.2.20}% 108
\BOOKMARK [0][-]{chapter.3}{\376\377\006\101\006\314\006\062\006\314\006\251\000\040\006\110\000\040\006\064\006\050\006\314\006\107\040\014\006\063\006\047\006\062\006\314\000\040\006\251\006\047\006\106\006\047\006\104}{part.1}% 109
\BOOKMARK [1][-]{section.3.1}{\376\377\006\106\006\105\006\047\006\314\000\040\006\251\006\104\006\314\000\040\006\110\000\040\006\107\006\057\006\101\000\040\006\105\006\047\006\230\006\110\006\104}{chapter.3}% 110
\BOOKMARK [1][-]{section.3.2}{\376\377\006\105\006\050\006\047\006\106\006\314\000\040\006\052\006\046\006\110\006\061\006\314\000\040\006\110\000\040\006\101\006\314\006\062\006\314\006\251\006\314}{chapter.3}% 111
\BOOKMARK [2][-]{subsection.3.2.1}{\376\377\006\102\006\047\006\106\006\110\006\106\000\040\000B\000e\000e\000r\000-\000L\000a\000m\000b\000e\000r\000t\000\040\006\110\000\040\006\052\006\104\006\101\006\047\006\052\000\040\006\101\006\314\006\050\006\061\000\040\006\106\006\110\006\061\006\314}{section.3.2}% 112
\BOOKMARK [2][-]{subsection.3.2.2}{\376\377\006\052\006\101\006\251\006\314\006\251\000\040\000c\000h\000a\000n\000n\000e\000l\000\040\006\047\006\062\000\040\006\050\006\107\006\061\006\107\040\014\006\314\000\040\006\251\006\104\006\314\000\040\006\042\006\064\006\251\006\047\006\061\006\063\006\047\006\062}{section.3.2}% 113
\BOOKMARK [2][-]{subsection.3.2.3}{\376\377\006\176\006\057\006\314\006\057\006\107\040\014\006\314\000\040\006\062\006\314\006\061\006\106\006\061\006\105\006\047\006\104\000\040\006\050\006\110\006\057\006\106\000\040\006\110\000\040\006\063\006\061\006\061\006\314\006\062\000\040\006\071\006\057\006\057\006\314}{section.3.2}% 114
\BOOKMARK [2][-]{subsection.3.2.4}{\376\377\006\106\006\110\006\314\006\062\000\040\006\055\006\061\006\047\006\061\006\052\006\314\000\040\000J\000o\000h\000n\000s\000o\000n\000-\000N\000y\000q\000u\000i\000s\000t}{section.3.2}% 115
\BOOKMARK [2][-]{subsection.3.2.5}{\376\377\006\106\006\110\006\314\006\062\000\040\006\064\006\047\006\052\000\040\000S\000c\000h\000o\000t\000t\000k\000y}{section.3.2}% 116
\BOOKMARK [2][-]{subsection.3.2.6}{\376\377\006\251\006\063\006\061\000\040\006\052\006\104\006\101\006\047\006\052\000\040\006\052\006\251\040\014\006\251\006\314\006\104\006\110\006\105\006\052\006\061\006\314\000\040\006\110\000\040\006\052\006\102\006\061\006\314\006\050\000\040\006\056\006\067\006\314}{section.3.2}% 117
\BOOKMARK [2][-]{subsection.3.2.7}{\376\377\006\052\006\061\006\251\006\314\006\050\000\040\006\042\006\050\006\064\006\047\006\061\006\314\000\040\006\251\006\047\006\106\006\047\006\104\040\014\006\107\006\047}{section.3.2}% 118
\BOOKMARK [2][-]{subsection.3.2.8}{\376\377\006\176\006\047\006\064\006\064\000\040\006\251\006\061\006\110\006\105\006\047\006\052\006\314\006\251\000\040\006\110\000\040\006\105\006\055\006\057\006\110\006\057\006\314\006\052\040\014\006\107\006\047\006\314\000\040\006\105\006\057\006\104}{section.3.2}% 119
\BOOKMARK [1][-]{section.3.3}{\376\377\006\052\006\055\006\104\006\314\006\104\000\040\006\105\006\071\006\105\006\047\006\061\006\314\000\040\006\110\000\040\006\063\006\047\006\056\006\052\006\047\006\061\000\040\006\057\006\047\006\057\006\107\040\014\006\107\006\047}{chapter.3}% 120
\BOOKMARK [2][-]{subsection.3.3.1}{\376\377\006\251\006\104\006\047\006\063\000\040\000F\000i\000b\000e\000r\000C\000h\000a\000n\000n\000e\000l\000\040\006\050\006\107\040\014\006\071\006\106\006\110\006\047\006\106\000\040\000F\000r\000o\000z\000e\000n\000\040\000D\000a\000t\000a\000c\000l\000a\000s\000s}{section.3.3}% 121
\BOOKMARK [2][-]{subsection.3.3.2}{\376\377\006\101\006\314\006\104\006\057\006\107\006\047\006\314\000\040\006\251\006\104\006\047\006\063\000\040\006\110\000\040\006\106\006\102\006\064\000\040\006\042\006\106\040\014\006\107\006\047}{section.3.3}% 122
\BOOKMARK [2][-]{subsection.3.3.3}{\376\377\000\137\000\137\000h\000a\000s\000h\000\137\000\137\000\040\000=\000\040\000N\000o\000n\000e\000:\000\040\006\106\006\047\006\063\006\047\006\062\006\257\006\047\006\061\006\314\006\120\000\040\006\052\006\063\006\047\006\110\006\314\006\120\000\040\006\105\006\050\006\052\006\106\006\314\000\040\006\050\006\061\000\040\006\052\006\104\006\110\006\061\006\047\006\106\006\063}{section.3.3}% 123
\BOOKMARK [2][-]{subsection.3.3.4}{\376\377\006\062\006\314\006\061\006\251\006\104\006\047\006\063\006\120\000\040\000A\000t\000t\000e\000n\000u\000a\000t\000i\000o\000n\000O\000n\000l\000y\000F\000i\000b\000e\000r\000C\000h\000a\000n\000n\000e\000l}{section.3.3}% 124
\BOOKMARK [2][-]{subsection.3.3.5}{\376\377\006\053\006\047\006\050\006\052\040\014\006\107\006\047\006\314\000\040\006\042\006\063\006\052\006\047\006\106\006\107\040\014\006\047\006\314}{section.3.3}% 125
\BOOKMARK [2][-]{subsection.3.3.6}{\376\377\006\105\006\057\006\314\006\061\006\314\006\052\000\040\000s\000t\000r\000i\000c\000t\000\040\000m\000o\000d\000e\000\040\006\050\006\047\000\040\000C\000o\000n\000t\000e\000x\000t\000V\000a\000r}{section.3.3}% 126
\BOOKMARK [2][-]{subsection.3.3.7}{\376\377\006\053\006\050\006\052\006\120\000\040\006\107\006\064\006\057\006\047\006\061\006\107\006\047\006\314\000\040\006\101\006\314\006\062\006\314\006\251\006\314\000\040\006\105\006\064\006\251\006\110\006\251}{section.3.3}% 127
\BOOKMARK [2][-]{subsection.3.3.8}{\376\377\006\251\006\104\006\047\006\063\006\120\000\040\000E\000l\000e\000c\000t\000r\000i\000c\000a\000l\000N\000o\000i\000s\000e\000C\000o\000n\000f\000i\000g}{section.3.3}% 128
\BOOKMARK [2][-]{subsection.3.3.9}{\376\377\006\251\006\104\006\047\006\063\006\120\000\040\000C\000h\000a\000n\000n\000e\000l\000S\000i\000m\000P\000a\000r\000a\000m\000s}{section.3.3}% 129
\BOOKMARK [1][-]{section.3.4}{\376\377\006\176\006\314\006\047\006\057\006\107\040\014\006\063\006\047\006\062\006\314\000\040\006\061\006\314\006\047\006\066\006\314\000\040\006\110\000\040\006\047\006\104\006\257\006\110\006\061\006\314\006\052\006\105\006\314}{chapter.3}% 130
\BOOKMARK [2][-]{subsection.3.4.1}{\376\377\006\105\006\055\006\047\006\063\006\050\006\107\040\014\006\314\000\040\006\066\006\061\006\314\006\050\000\040\006\047\006\106\006\052\006\102\006\047\006\104\000\040\006\057\006\061\000\040\000\137\000c\000o\000m\000p\000u\000t\000e\000\137\000t\000r\000a\000n\000s\000m\000i\000t\000t\000a\000n\000c\000e}{section.3.4}% 131
\BOOKMARK [2][-]{subsection.3.4.2}{\376\377\006\050\006\061\006\061\006\063\006\314\006\120\000\040\006\063\006\104\006\047\006\105\006\052\006\120\000\040\006\066\006\061\006\314\006\050\000\040\006\047\006\106\006\052\006\102\006\047\006\104}{section.3.4}% 132
\BOOKMARK [2][-]{subsection.3.4.3}{\376\377\006\105\006\055\006\047\006\063\006\050\006\107\040\014\006\314\000\040\006\251\006\063\006\061\000\040\006\052\006\104\006\101\006\047\006\052\006\120\000\040\006\052\006\251\040\014\006\251\006\314\006\104\006\110\006\105\006\052\006\061\006\314}{section.3.4}% 133
\BOOKMARK [2][-]{subsection.3.4.4}{\376\377\006\052\006\102\006\061\006\314\006\050\000\040\006\056\006\067\006\314\006\120\000\040\006\052\006\104\006\101\006\047\006\052\000\040\006\110\000\040\006\107\006\064\006\057\006\047\006\061\006\120\000\040\006\105\006\106\006\063\006\110\006\056\040\014\006\063\006\047\006\062\006\314}{section.3.4}% 134
\BOOKMARK [2][-]{subsection.3.4.5}{\376\377\006\052\006\061\006\251\006\314\006\050\000\040\006\042\006\050\006\064\006\047\006\061\006\314\000\040\006\251\006\047\006\106\006\047\006\104\040\014\006\107\006\047}{section.3.4}% 135
\BOOKMARK [2][-]{subsection.3.4.6}{\376\377\006\052\006\061\006\251\006\314\006\050\006\120\000\040\006\042\006\050\006\064\006\047\006\061\006\314\006\120\000\040\006\050\006\057\006\110\006\106\000\040\006\047\006\071\006\052\006\050\006\047\006\061\006\063\006\106\006\054\006\314}{section.3.4}% 136
\BOOKMARK [2][-]{subsection.3.4.7}{\376\377\006\105\006\055\006\047\006\063\006\050\006\107\040\014\006\314\000\040\006\106\006\110\006\314\006\062\000\040\006\055\006\061\006\047\006\061\006\052\006\314}{section.3.4}% 137
\BOOKMARK [2][-]{subsection.3.4.8}{\376\377\006\105\006\055\006\047\006\063\006\050\006\107\040\014\006\314\000\040\006\106\006\110\006\314\006\062\000\040\006\064\006\047\006\052}{section.3.4}% 138
\BOOKMARK [2][-]{subsection.3.4.9}{\376\377\006\052\006\061\006\251\006\314\006\050\006\120\000\040\006\106\006\110\006\314\006\062\006\107\006\047\006\314\000\040\006\105\006\063\006\052\006\102\006\104}{section.3.4}% 139
\BOOKMARK [2][-]{subsection.3.4.10}{\376\377\006\105\006\052\006\057\006\120\000\040\000f\000r\000o\000m\000\137\000t\000o\000t\000a\000l\000\137\000l\000o\000s\000s\000\040\006\110\000\040\006\063\006\047\006\056\006\052\006\120\000\040\006\057\006\110\000\040\006\105\006\061\006\055\006\104\006\107\040\014\006\047\006\314}{section.3.4}% 140
\BOOKMARK [2][-]{subsection.3.4.11}{\376\377\006\105\006\052\006\057\006\120\000\040\000\137\000f\000a\000s\000t\000\137\000c\000o\000n\000s\000t\000r\000u\000c\000t}{section.3.4}% 141
\BOOKMARK [2][-]{subsection.3.4.12}{\376\377\006\105\006\052\006\057\006\120\000\040\000v\000a\000l\000i\000d\000a\000t\000e}{section.3.4}% 142
\BOOKMARK [2][-]{subsection.3.4.13}{\376\377\006\105\006\052\006\057\006\120\000\040\000l\000i\000n\000k\000\137\000e\000f\000f\000i\000c\000i\000e\000n\000c\000y}{section.3.4}% 143
\BOOKMARK [2][-]{subsection.3.4.14}{\376\377\006\052\006\110\006\047\006\050\006\071\000\040\006\050\006\061\006\057\006\047\006\061\006\314\006\120\000\040\000t\000r\000a\000n\000s\000m\000i\000t\000t\000a\000n\000c\000e\000\137\000a\000r\000r\000a\000y\000\040\006\110\000\040\000t\000r\000a\000n\000s\000m\000i\000t\000t\000a\000n\000c\000e\000\137\000s\000c\000a\000l\000a\000r}{section.3.4}% 144
\BOOKMARK [1][-]{section.3.5}{\376\377\006\047\006\061\006\063\006\047\006\104\000\040\006\110\000\040\006\057\006\061\006\314\006\047\006\101\006\052\000\040\006\050\006\047\000\040\006\063\006\047\006\314\006\061\000\040\006\105\006\047\006\230\006\110\006\104\040\014\006\107\006\047}{chapter.3}% 145
\BOOKMARK [2][-]{subsection.3.5.1}{\376\377\006\110\006\047\006\050\006\063\006\052\006\257\006\314\040\014\006\107\006\047\006\314\000\040\006\110\006\061\006\110\006\057\006\314\000\040\006\050\006\107\000\040\000c\000h\000a\000n\000n\000e\000l\000.\000p\000y}{section.3.5}% 146
\BOOKMARK [2][-]{subsection.3.5.2}{\376\377\006\110\006\047\006\050\006\063\006\052\006\257\006\314\040\014\006\107\006\047\006\314\000\040\006\110\006\061\006\110\006\057\006\314\000\040\006\050\006\107\000\040\000n\000o\000i\000s\000e\000\137\000m\000o\000d\000e\000l\000s\000.\000p\000y}{section.3.5}% 147
\BOOKMARK [2][-]{subsection.3.5.3}{\376\377\006\056\006\061\006\110\006\054\006\314\040\014\006\107\006\047\000\040\006\110\000\040\006\105\006\065\006\061\006\101\040\014\006\251\006\106\006\106\006\057\006\257\006\047\006\106}{section.3.5}% 148
\BOOKMARK [2][-]{subsection.3.5.4}{\376\377\006\054\006\061\006\314\006\047\006\106\000\040\006\057\006\047\006\057\006\107\000\040\006\047\006\062\000\040\006\110\006\061\006\110\006\057\006\314\000\040\006\052\006\047\000\040\006\056\006\061\006\110\006\054\006\314}{section.3.5}% 149
\BOOKMARK [2][-]{subsection.3.5.5}{\376\377\006\105\006\057\006\314\006\061\006\314\006\052\006\120\000\040\006\106\006\063\006\056\006\107\040\014\006\257\006\060\006\047\006\061\006\314\000\040\006\110\000\040\006\063\006\047\006\062\006\257\006\047\006\061\006\314\006\120\006\176\006\063\006\314\006\106}{section.3.5}% 150
\BOOKMARK [2][-]{subsection.3.5.6}{\376\377\006\061\006\101\006\052\006\047\006\061\000\040\006\057\006\061\000\040\006\050\006\061\006\047\006\050\006\061\000\040\006\056\006\067\006\047\000\040\006\110\000\040\006\176\006\314\006\047\006\105\040\014\006\107\006\047\006\314\000\040\006\052\006\064\006\056\006\314\006\065\006\314}{section.3.5}% 151
\BOOKMARK [2][-]{subsection.3.5.7}{\376\377\006\054\006\105\006\071\040\014\006\050\006\106\006\057\006\314\006\120\000\040\006\105\006\071\006\105\006\047\006\061\006\314}{section.3.5}% 152
\BOOKMARK [0][-]{chapter.4}{\376\377\006\105\006\106\006\047\006\050\006\071\000\040\006\106\006\110\006\061\006\314}{part.1}% 153
\BOOKMARK [1][-]{section.4.1}{\376\377\006\106\006\105\006\047\006\314\000\040\006\251\006\104\006\314\000\040\006\110\000\040\006\107\006\057\006\101\000\040\006\105\006\047\006\230\006\110\006\104}{chapter.4}% 154
\BOOKMARK [1][-]{section.4.2}{\376\377\006\105\006\050\006\047\006\106\006\314\000\040\006\052\006\046\006\110\006\061\006\314\000\040\006\110\000\040\006\101\006\314\006\062\006\314\006\251\006\314}{chapter.4}% 155
\BOOKMARK [2][-]{subsection.4.2.1}{\376\377\006\042\006\105\006\047\006\061\000\040\006\176\006\110\006\047\006\063\006\110\006\106\000\040\006\110\000\040\006\105\006\106\006\047\006\050\006\071\000\040\006\104\006\314\006\062\006\061\006\314\000\040\006\052\006\066\006\071\006\314\006\101\040\014\006\064\006\057\006\107}{section.4.2}% 156
\BOOKMARK [2][-]{subsection.4.2.2}{\376\377\006\042\006\105\006\047\006\061\000\040\006\257\006\061\006\105\006\047\006\314\006\314\000\040\000\050\006\050\006\110\006\062\000-\006\042\006\314\006\106\006\064\006\052\006\314\006\106\000\051\000\040\006\110\000\040\006\105\006\106\006\047\006\050\006\071\000\040\006\106\006\110\006\061\000\040\006\257\006\061\006\105\006\047\006\314\006\314}{section.4.2}% 157
\BOOKMARK [2][-]{subsection.4.2.3}{\376\377\006\105\006\047\006\052\006\061\006\314\006\063\000\040\006\206\006\257\006\047\006\104\006\314\000\040\006\057\006\061\000\040\006\176\006\047\006\314\006\107\040\014\006\314\000\040\006\101\006\110\006\251\000\040\006\110\000\040\006\105\006\057\006\104\040\014\006\063\006\047\006\062\006\314\000\040\006\055\006\047\006\104\006\052\040\014\006\107\006\047\006\314\000\040\006\072\006\314\006\061\006\251\006\104\006\047\006\063\006\314\006\251}{section.4.2}% 158
\BOOKMARK [2][-]{subsection.4.2.4}{\376\377\006\101\006\061\006\042\006\314\006\106\006\057\006\107\006\047\006\314\000\040\006\047\006\052\006\104\006\047\006\101\000\040\006\061\006\110\006\314\000\040\006\105\006\047\006\052\006\061\006\314\006\063\000\040\006\206\006\257\006\047\006\104\006\314\000:\000\040\006\052\006\102\006\063\006\314\006\105\000\040\006\251\006\047\006\106\006\047\006\104\000\040\006\110\000\040\006\064\006\251\006\063\006\052\000\040\006\257\006\063\006\314\006\104}{section.4.2}% 159
\BOOKMARK [2][-]{subsection.4.2.5}{\376\377\006\105\006\110\006\057\006\110\006\104\006\047\006\052\006\110\006\061\000\040\006\105\006\047\006\056\000-\006\062\006\106\006\057\006\061\000\040\006\110\000\040\006\047\006\106\006\052\006\102\006\047\006\104\000\040\006\042\006\061\006\047\006\105\040\014\006\064\006\314\006\050}{section.4.2}% 160
\BOOKMARK [2][-]{subsection.4.2.6}{\376\377\006\105\006\057\006\110\006\104\006\047\006\063\006\314\006\110\006\106\000\040\006\062\006\314\006\061\006\055\006\047\006\105\006\104\000\040\000\050\000S\000C\000M\000\051\000\040\006\110\000\040\006\047\006\052\006\055\006\047\006\057\000\040\006\230\006\047\006\251\006\110\006\050\006\314\000-\006\042\006\106\006\257\006\061}{section.4.2}% 161
\BOOKMARK [2][-]{subsection.4.2.7}{\376\377\006\054\006\314\006\052\006\061\000\040\006\064\006\057\006\052\000:\000\040\006\105\006\057\006\104\000\040\006\257\006\110\006\063\006\314\000\040\006\050\006\047\000\040\006\052\006\065\006\055\006\314\006\055\000\040\006\050\006\047\006\314\006\047\006\063}{section.4.2}% 162
\BOOKMARK [1][-]{section.4.3}{\376\377\006\052\006\055\006\104\006\314\006\104\000\040\006\105\006\071\006\105\006\047\006\061\006\314\000\040\006\110\000\040\006\063\006\047\006\056\006\052\006\047\006\061\000\040\006\057\006\047\006\057\006\107\040\014\006\107\006\047}{chapter.4}% 163
\BOOKMARK [2][-]{subsection.4.3.1}{\376\377\006\063\006\104\006\063\006\104\006\107\040\014\006\105\006\061\006\047\006\052\006\050\000\040\006\110\006\061\006\047\006\053\006\052\006\314\000\040\006\251\006\104\006\047\006\063\040\014\006\107\006\047\006\314\000\040\006\105\006\106\006\050\006\071}{section.4.3}% 164
\BOOKMARK [2][-]{subsection.4.3.2}{\376\377\006\251\006\104\006\047\006\063\000\040\000S\000o\000u\000r\000c\000e\000S\000i\000m\000P\000a\000r\000a\000m\000s\000:\000\040\006\050\006\063\006\052\006\107\040\014\006\314\000\040\006\314\006\056\040\014\006\062\006\057\006\107\040\014\006\314\000\040\006\176\006\047\006\061\006\047\006\105\006\052\006\061\006\107\006\047\006\314\000\040\006\064\006\050\006\314\006\107\040\014\006\063\006\047\006\062\006\314}{section.4.3}% 165
\BOOKMARK [2][-]{subsection.4.3.3}{\376\377\006\251\006\104\006\047\006\063\000\040\000M\000Z\000M\000C\000o\000n\000f\000i\000g\000:\000\040\006\105\006\110\006\057\006\110\006\104\006\047\006\052\006\110\006\061\000\040\006\105\006\047\006\056\000-\006\062\006\106\006\057\006\061}{section.4.3}% 166
\BOOKMARK [2][-]{subsection.4.3.4}{\376\377\006\251\006\104\006\047\006\063\000\040\000\137\000B\000o\000u\000n\000d\000e\000d\000L\000R\000U\000C\000a\000c\000h\000e\000:\000\040\006\251\006\064\006\120\000\040\000L\000R\000U\000\040\006\050\006\047\000\040\006\047\006\106\006\057\006\047\006\062\006\107\040\014\006\314\000\040\006\105\006\055\006\057\006\110\006\057}{section.4.3}% 167
\BOOKMARK [2][-]{subsection.4.3.5}{\376\377\006\053\006\047\006\050\006\052\040\014\006\107\006\047\006\314\000\040\006\071\006\057\006\057\006\314\000\040\006\105\006\047\006\230\006\110\006\104\000-\006\105\006\055\006\104\006\314}{section.4.3}% 168
\BOOKMARK [1][-]{section.4.4}{\376\377\006\176\006\314\006\047\006\057\006\107\040\014\006\063\006\047\006\062\006\314\000\040\006\061\006\314\006\047\006\066\006\314\000\040\006\110\000\040\006\047\006\104\006\257\006\110\006\061\006\314\006\052\006\105\006\314}{chapter.4}% 169
\BOOKMARK [2][-]{subsection.4.4.1}{\376\377\006\052\006\110\006\047\006\050\006\071\000\040\006\052\006\055\006\104\006\314\006\104\006\314\000\040\006\052\006\110\006\062\006\314\006\071\000\040\006\052\006\071\006\057\006\047\006\057\000\040\006\101\006\110\006\052\006\110\006\106}{section.4.4}% 170
\BOOKMARK [2][-]{subsection.4.4.2}{\376\377\006\105\006\052\006\057\000\040\000\137\000s\000c\000m\000\137\000s\000c\000a\000l\000i\000n\000g\000\137\000f\000a\000c\000t\000o\000r\000:\000\040\006\066\006\061\006\314\006\050\000\040\006\105\006\102\006\314\006\047\006\063\000\040\000S\000C\000M}{section.4.4}% 171
\BOOKMARK [2][-]{subsection.4.4.3}{\376\377\006\105\006\052\006\057\000\040\000\137\000c\000a\000l\000c\000u\000l\000a\000t\000e\000\137\000e\000f\000f\000e\000c\000t\000i\000v\000e\000\137\000m\000u\000s\000:\000\040\006\047\006\071\006\105\006\047\006\104\000\040\006\106\006\047\006\251\006\047\006\105\006\104\040\014\006\107\006\047\006\314\000\040\006\251\006\104\006\047\006\063\006\314\006\251}{section.4.4}% 172
\BOOKMARK [2][-]{subsection.4.4.4}{\376\377\006\105\006\052\006\057\000\040\000\137\000a\000p\000p\000l\000y\000\137\000i\000n\000t\000e\000n\000s\000i\000t\000y\000\137\000j\000i\000t\000t\000e\000r\000:\000\040\006\105\006\057\006\104\040\014\006\107\006\047\006\314\000\040\006\054\006\314\006\052\006\061}{section.4.4}% 173
\BOOKMARK [2][-]{subsection.4.4.5}{\376\377\006\105\006\052\006\057\000\040\000g\000e\000n\000e\000r\000a\000t\000e\000\137\000p\000h\000o\000t\000o\000n\000s\000:\000\040\006\052\006\110\006\104\006\314\006\057\000\040\006\106\006\107\006\047\006\314\006\314\000\040\006\101\006\110\006\052\006\110\006\106}{section.4.4}% 174
\BOOKMARK [2][-]{subsection.4.4.6}{\376\377\006\105\006\052\006\057\000\040\000M\000Z\000M\000C\000o\000n\000f\000i\000g\000.\000a\000p\000p\000l\000y\000:\000\040\006\071\006\105\006\104\006\314\006\047\006\052\000\040\006\105\006\110\006\057\006\110\006\104\006\047\006\052\006\110\006\061}{section.4.4}% 175
\BOOKMARK [2][-]{subsection.4.4.7}{\376\377\006\105\006\052\006\057\000\040\000\137\000b\000u\000i\000l\000d\000\137\000r\000h\000o\000\137\000t\000e\000n\000s\000o\000r\000:\000\040\006\063\006\047\006\056\006\052\000\040\006\052\006\047\006\106\006\063\006\110\006\061\000\040\006\105\006\047\006\052\006\061\006\314\006\063\000\040\006\206\006\257\006\047\006\104\006\314}{section.4.4}% 176
\BOOKMARK [2][-]{subsection.4.4.8}{\376\377\006\105\006\052\006\057\000\040\000\137\000a\000p\000p\000l\000y\000\137\000d\000m\000\137\000l\000o\000s\000s\000\137\000p\000r\000o\000c\000e\000s\000s\000e\000s\000:\000\040\006\047\006\071\006\105\006\047\006\104\000\040\006\047\006\052\006\104\006\047\006\101\000\040\006\061\006\110\006\314\000\040\006\105\006\047\006\052\006\061\006\314\006\063\000\040\006\206\006\257\006\047\006\104\006\314}{section.4.4}% 177
\BOOKMARK [1][-]{section.4.5}{\376\377\006\047\006\061\006\063\006\047\006\104\000\040\006\110\000\040\006\057\006\061\006\314\006\047\006\101\006\052\000\040\006\050\006\047\000\040\006\063\006\047\006\314\006\061\000\040\006\105\006\047\006\230\006\110\006\104\040\014\006\107\006\047}{chapter.4}% 178
\BOOKMARK [2][-]{subsection.4.5.1}{\376\377\006\110\006\061\006\110\006\057\006\314\040\014\006\107\006\047\006\314\000\040\006\105\006\047\006\230\006\110\006\104}{section.4.5}% 179
\BOOKMARK [2][-]{subsection.4.5.2}{\376\377\006\056\006\061\006\110\006\054\006\314\040\014\006\107\006\047\006\314\000\040\006\105\006\047\006\230\006\110\006\104}{section.4.5}% 180
\BOOKMARK [2][-]{subsection.4.5.3}{\376\377\006\110\006\047\006\050\006\063\006\052\006\257\006\314\040\014\006\107\006\047\006\314\000\040\006\057\006\047\006\056\006\104\006\314}{section.4.5}% 181
\BOOKMARK [2][-]{subsection.4.5.4}{\376\377\006\054\006\061\006\314\006\047\006\106\006\120\000\040\006\057\006\047\006\057\006\107\000\040\006\057\006\061\000\040\006\064\006\050\006\314\006\107\040\014\006\063\006\047\006\062\006\314\006\120\000\040\006\251\006\047\006\105\006\104}{section.4.5}% 182
\BOOKMARK [0][-]{chapter.5}{\376\377\006\105\006\057\006\104\040\014\006\107\006\047\006\314\000\040\006\042\006\064\006\251\006\047\006\061\006\063\006\047\006\062\000\040\006\110\000\040\006\063\006\047\006\056\006\052\006\047\006\061\006\107\006\047\006\314\000\040\006\057\006\047\006\057\006\107}{part.1}% 183
\BOOKMARK [1][-]{section.5.1}{\376\377\006\106\006\105\006\047\006\314\000\040\006\251\006\104\006\314\000\040\006\110\000\040\006\107\006\057\006\101\000\040\006\105\006\047\006\230\006\110\006\104}{chapter.5}% 184
\BOOKMARK [1][-]{section.5.2}{\376\377\006\105\006\050\006\047\006\106\006\314\000\040\006\052\006\046\006\110\006\061\006\314\000\040\006\110\000\040\006\101\006\314\006\062\006\314\006\251\006\314}{chapter.5}% 185
\BOOKMARK [1][-]{section.5.3}{\376\377\006\052\006\055\006\104\006\314\006\104\000\040\006\105\006\071\006\105\006\047\006\061\006\314\000\040\006\110\000\040\006\063\006\047\006\056\006\052\006\047\006\061\000\040\006\057\006\047\006\057\006\107\040\014\006\107\006\047}{chapter.5}% 186
\BOOKMARK [1][-]{section.5.4}{\376\377\006\176\006\314\006\047\006\057\006\107\040\014\006\063\006\047\006\062\006\314\000\040\006\061\006\314\006\047\006\066\006\314\000\040\006\110\000\040\006\047\006\104\006\257\006\110\006\061\006\314\006\052\006\105\006\314}{chapter.5}% 187
\BOOKMARK [1][-]{section.5.5}{\376\377\006\047\006\061\006\063\006\047\006\104\000\040\006\110\000\040\006\057\006\061\006\314\006\047\006\101\006\052\000\040\006\050\006\047\000\040\006\063\006\047\006\314\006\061\000\040\006\105\006\047\006\230\006\110\006\104\040\014\006\107\006\047}{chapter.5}% 188
\BOOKMARK [1][-]{section.5.6}{\376\377\006\106\006\105\006\047\006\314\000\040\006\251\006\104\006\314\000\040\006\110\000\040\006\107\006\057\006\101\000\040\006\105\006\047\006\230\006\110\006\104}{chapter.5}% 189
\BOOKMARK [1][-]{section.5.7}{\376\377\006\105\006\050\006\047\006\106\006\314\000\040\006\052\006\046\006\110\006\061\006\314\000\040\006\110\000\040\006\101\006\314\006\062\006\314\006\251\006\314}{chapter.5}% 190
\BOOKMARK [1][-]{section.5.8}{\376\377\006\052\006\055\006\104\006\314\006\104\000\040\006\105\006\071\006\105\006\047\006\061\006\314\000\040\006\110\000\040\006\063\006\047\006\056\006\052\006\047\006\061\000\040\006\057\006\047\006\057\006\107\040\014\006\107\006\047}{chapter.5}% 191
\BOOKMARK [1][-]{section.5.9}{\376\377\006\176\006\314\006\047\006\057\006\107\040\014\006\063\006\047\006\062\006\314\000\040\006\061\006\314\006\047\006\066\006\314\000\040\006\110\000\040\006\047\006\104\006\257\006\110\006\061\006\314\006\052\006\105\006\314}{chapter.5}% 192
\BOOKMARK [1][-]{section.5.10}{\376\377\006\047\006\061\006\063\006\047\006\104\000\040\006\110\000\040\006\057\006\061\006\314\006\047\006\101\006\052\000\040\006\050\006\047\000\040\006\063\006\047\006\314\006\061\000\040\006\105\006\047\006\230\006\110\006\104\040\014\006\107\006\047}{chapter.5}% 193
\BOOKMARK [1][-]{section.5.11}{\376\377\006\106\006\105\006\047\006\314\000\040\006\251\006\104\006\314\000\040\006\110\000\040\006\107\006\057\006\101\000\040\006\105\006\047\006\230\006\110\006\104}{chapter.5}% 194
\BOOKMARK [1][-]{section.5.12}{\376\377\006\105\006\050\006\047\006\106\006\314\000\040\006\052\006\046\006\110\006\061\006\314\000\040\006\110\000\040\006\101\006\314\006\062\006\314\006\251\006\314}{chapter.5}% 195
\BOOKMARK [1][-]{section.5.13}{\376\377\006\052\006\055\006\104\006\314\006\104\000\040\006\105\006\071\006\105\006\047\006\061\006\314\000\040\006\110\000\040\006\063\006\047\006\056\006\052\006\047\006\061\000\040\006\057\006\047\006\057\006\107\040\014\006\107\006\047}{chapter.5}% 196
\BOOKMARK [1][-]{section.5.14}{\376\377\006\176\006\314\006\047\006\057\006\107\040\014\006\063\006\047\006\062\006\314\000\040\006\061\006\314\006\047\006\066\006\314\000\040\006\110\000\040\006\047\006\104\006\257\006\110\006\061\006\314\006\052\006\105\006\314}{chapter.5}% 197
\BOOKMARK [1][-]{section.5.15}{\376\377\006\047\006\061\006\063\006\047\006\104\000\040\006\110\000\040\006\057\006\061\006\314\006\047\006\101\006\052\000\040\006\050\006\047\000\040\006\063\006\047\006\314\006\061\000\040\006\105\006\047\006\230\006\110\006\104\040\014\006\107\006\047}{chapter.5}% 198
\BOOKMARK [-1][-]{part.2}{\376\377\006\057\006\110\006\105\000\040\006\047\006\053\006\050\006\047\006\052\040\014\006\107\006\047\006\314\000\040\006\047\006\105\006\106\006\314\006\052\006\314\000\040\006\061\006\105\006\062\006\106\006\257\006\047\006\061\006\314}{}% 199
\BOOKMARK [0][-]{chapter.6}{\376\377\006\063\006\047\006\056\006\052\006\047\006\061\000\040\006\050\006\106\006\314\006\047\006\057\006\314\006\106\000\040\006\047\006\053\006\050\006\047\006\052\000\040\006\047\006\105\006\106\006\314\006\052}{part.2}% 200
\BOOKMARK [1][-]{section.6.1}{\376\377\006\106\006\105\006\047\006\314\040\014\000\040\006\251\006\104\006\314\000\040\006\110\000\040\006\107\006\057\006\101\000\040\006\105\006\047\006\230\006\110\006\104}{chapter.6}% 201
\BOOKMARK [1][-]{section.6.2}{\376\377\006\105\006\050\006\047\006\106\006\314\000\040\006\052\006\046\006\110\006\061\006\314\000\040\006\110\000\040\006\101\006\314\006\062\006\314\006\251\006\314}{chapter.6}% 202
\BOOKMARK [2][-]{subsection.6.2.1}{\376\377\006\047\006\105\006\106\006\314\006\052\000\040\006\102\006\047\006\050\006\104\000\040\006\052\006\061\006\251\006\314\006\050\000\040\006\110\000\040\006\052\006\102\006\063\006\314\006\105\000\040\006\050\006\110\006\057\006\054\006\107\000\040\000e\000p\000s\000i\000l\000o\000n}{section.6.2}% 203
\BOOKMARK [2][-]{subsection.6.2.2}{\376\377\006\052\006\056\006\105\006\314\006\106\000\040\006\176\006\047\006\061\006\047\006\105\006\052\006\061\000\040\006\110\000\040\006\251\006\061\006\047\006\106\040\014\006\107\006\047\006\314\000\040\006\042\006\105\006\047\006\061\006\314}{section.6.2}% 204
\BOOKMARK [2][-]{subsection.6.2.3}{\376\377\006\042\006\106\006\052\006\061\006\110\006\176\006\314\000\040\006\050\006\047\006\314\006\106\006\061\006\314\000\040\006\110\000\040\006\052\006\102\006\110\006\314\006\052\000\040\006\055\006\061\006\314\006\105\000\040\006\056\006\065\006\110\006\065\006\314}{section.6.2}% 205
\BOOKMARK [2][-]{subsection.6.2.4}{\376\377\006\050\006\061\006\106\006\047\006\105\006\107\040\014\006\061\006\314\006\062\006\314\000\040\006\056\006\067\006\314\000\040\006\057\006\061\000\040\006\052\006\056\006\105\006\314\006\106\000\040\000D\000e\000c\000o\000y}{section.6.2}% 206
\BOOKMARK [1][-]{section.6.3}{\376\377\006\052\006\055\006\104\006\314\006\104\000\040\006\105\006\071\006\105\006\047\006\061\006\314\000\040\006\110\000\040\006\063\006\047\006\056\006\052\006\047\006\061\000\040\006\057\006\047\006\057\006\107\040\014\006\107\006\047}{chapter.6}% 207
\BOOKMARK [2][-]{subsection.6.3.1}{\376\377\006\110\006\047\006\061\006\057\006\063\006\047\006\062\006\314\000\040\006\110\006\047\006\050\006\063\006\052\006\257\006\314\040\014\006\107\006\047}{section.6.3}% 208
\BOOKMARK [2][-]{subsection.6.3.2}{\376\377\006\053\006\047\006\050\006\052\040\014\006\107\006\047\006\314\000\040\006\105\006\047\006\230\006\110\006\104\000\040\006\110\000\040\000T\000y\000p\000e\000A\000l\000i\000a\000s}{section.6.3}% 209
\BOOKMARK [2][-]{subsection.6.3.3}{\376\377\006\064\006\105\006\047\006\061\006\064\040\014\006\107\006\047\000\040\006\110\000\040\000E\000n\000u\000m\006\107\006\047\006\314\000\040\006\056\006\067\006\047}{section.6.3}% 210
\BOOKMARK [2][-]{subsection.6.3.4}{\376\377\000D\000a\000t\000a\000c\000l\000a\000s\000s\006\107\006\047\006\314\000\040\006\057\006\047\006\057\006\107}{section.6.3}% 211
\BOOKMARK [2][-]{subsection.6.3.5}{\376\377\006\251\006\104\006\047\006\063\000\040\006\176\006\047\006\314\006\107\000\040\006\047\006\106\006\052\006\062\006\047\006\071\006\314\000\040\000F\000i\000n\000i\000t\000e\000K\000e\000y\000P\000r\000o\000o\000f}{section.6.3}% 212
\BOOKMARK [1][-]{section.6.4}{\376\377\006\176\006\314\006\047\006\057\006\107\040\014\006\063\006\047\006\062\006\314\000\040\006\061\006\314\006\047\006\066\006\314\000\040\006\110\000\040\006\047\006\104\006\257\006\110\006\061\006\314\006\052\006\105\006\314}{chapter.6}% 213
\BOOKMARK [2][-]{subsection.6.4.1}{\376\377\006\052\006\050\006\057\006\314\006\104\000\040\006\106\006\110\006\071\040\014\006\107\006\047\000\040\006\050\006\061\006\047\006\314\000\040\000J\000S\000O\000N}{section.6.4}% 214
\BOOKMARK [2][-]{subsection.6.4.2}{\376\377\006\251\006\061\006\047\006\106\040\014\006\107\006\047\006\314\000\040\006\042\006\105\006\047\006\061\006\314\000\040\006\057\006\061\000\040\006\071\006\105\006\104}{section.6.4}% 215
\BOOKMARK [2][-]{subsection.6.4.3}{\376\377\006\105\006\055\006\047\006\063\006\050\006\107\000\040\006\042\006\106\006\052\006\061\006\110\006\176\006\314\000\040\006\050\006\047\006\314\006\106\006\061\006\314}{section.6.4}% 216
\BOOKMARK [2][-]{subsection.6.4.4}{\376\377\006\105\006\052\006\057\006\107\006\047\006\314\000\040\006\047\006\314\006\105\006\106\000\040\006\071\006\057\006\057\006\314}{section.6.4}% 217
\BOOKMARK [2][-]{subsection.6.4.5}{\376\377\006\105\006\057\006\314\006\061\006\314\006\052\000\040\006\062\006\105\006\047\006\106\040\014\006\063\006\106\006\054\006\314\000\040\006\110\000\040\006\257\006\062\006\047\006\061\006\064\040\014\006\257\006\314\006\061\006\314\000\040\000A\000u\000d\000i\000t}{section.6.4}% 218
\BOOKMARK [2][-]{subsection.6.4.6}{\376\377\006\052\006\110\006\066\006\314\006\055\000\040\006\052\006\065\006\105\006\314\006\105\000\040\006\251\006\104\006\314\006\057}{section.6.4}% 219
\BOOKMARK [2][-]{subsection.6.4.7}{\376\377\006\105\006\064\006\052\006\102\000\040\006\251\006\061\006\057\006\106\000\040\000S\000e\000e\000d\000\040\006\101\006\061\006\062\006\106\006\057\000\040\006\050\006\047\000\040\000H\000M\000A\000C}{section.6.4}% 220
\BOOKMARK [1][-]{section.6.5}{\376\377\006\047\006\061\006\063\006\047\006\104\000\040\006\110\000\040\006\057\006\061\006\314\006\047\006\101\006\052\000\040\006\050\006\047\000\040\006\063\006\047\006\314\006\061\000\040\006\105\006\047\006\230\006\110\006\104\040\014\006\107\006\047}{chapter.6}% 221
\BOOKMARK [2][-]{subsection.6.5.1}{\376\377\006\110\006\061\006\110\006\057\006\314\040\014\006\107\006\047\006\314\000\040\006\105\006\047\006\230\006\110\006\104}{section.6.5}% 222
\BOOKMARK [2][-]{subsection.6.5.2}{\376\377\006\056\006\061\006\110\006\054\006\314\040\014\006\107\006\047\006\314\000\040\006\105\006\047\006\230\006\110\006\104}{section.6.5}% 223
\BOOKMARK [2][-]{subsection.6.5.3}{\376\377\006\054\006\061\006\314\006\047\006\106\000\040\006\057\006\047\006\057\006\107\000\040\006\057\006\061\000\040\006\063\006\061\006\047\006\063\006\061\000\040\006\101\006\061\006\314\006\105\040\014\006\110\006\061\006\251}{section.6.5}% 224
\BOOKMARK [0][-]{chapter.7}{\376\377\006\047\006\053\006\050\006\047\006\052\000\040\006\047\006\105\006\106\006\314\006\052\000\040\006\251\006\104\006\314\006\057\000\040\006\105\006\055\006\057\006\110\006\057\000\040\006\104\006\314\006\105\000\040\006\362\006\360\006\361\006\364}{part.2}% 225
\BOOKMARK [1][-]{section.7.1}{\376\377\006\106\006\105\006\047\006\314\040\014\000\040\006\251\006\104\006\314\000\040\006\110\000\040\006\107\006\057\006\101\000\040\006\105\006\047\006\230\006\110\006\104}{chapter.7}% 226
\BOOKMARK [1][-]{section.7.2}{\376\377\006\105\006\050\006\047\006\106\006\314\000\040\006\052\006\046\006\110\006\061\006\314\000\040\006\110\000\040\006\101\006\314\006\062\006\314\006\251\006\314}{chapter.7}% 227
\BOOKMARK [2][-]{subsection.7.2.1}{\376\377\006\176\006\061\006\110\006\052\006\251\006\104\000\040\000D\000e\000c\000o\000y\000-\000S\000t\000a\000t\000e\000\040\006\050\006\047\000\040\006\063\006\107\000\040\006\064\006\057\006\052}{section.7.2}% 228
\BOOKMARK [2][-]{subsection.7.2.2}{\376\377\006\052\006\056\006\065\006\314\006\065\000\040\000e\000p\000s\000i\000l\000o\000n\000\040\006\110\000\040\006\362\006\361\000\040\006\061\006\110\006\314\006\057\006\047\006\057\000\040\006\064\006\251\006\063\006\052}{section.7.2}% 229
\BOOKMARK [2][-]{subsection.7.2.3}{\376\377\006\251\006\061\006\047\006\106\040\014\006\107\006\047\006\314\000\040\000H\000o\000e\000f\000f\000d\000i\000n\000g\000\040\006\110\000\040\006\047\006\106\006\257\006\314\006\062\006\107\000\040\006\047\006\063\006\052\006\061\006\047\006\052\006\230\006\314\000\040\006\107\006\314\006\050\006\061\006\314\006\057}{section.7.2}% 230
\BOOKMARK [2][-]{subsection.7.2.4}{\376\377\006\047\006\063\006\052\006\061\006\047\006\052\006\230\006\314\000\040\006\107\006\314\006\050\006\061\006\314\006\057\000\040\000H\000o\000e\000f\000f\000d\000i\000n\000g\000/\000C\000h\000e\000r\000n\000o\000f\000f}{section.7.2}% 231
\BOOKMARK [2][-]{subsection.7.2.5}{\376\377\006\101\006\061\006\105\006\110\006\104\000\040\006\052\006\055\006\104\006\314\006\104\006\314\000\040\006\251\006\061\006\047\006\106\000\040\006\176\006\047\006\314\006\314\006\106\000\040\006\050\006\047\006\062\006\057\006\107\000\040\006\056\006\104\006\043}{section.7.2}% 232
\BOOKMARK [2][-]{subsection.7.2.6}{\376\377\006\101\006\061\006\105\006\110\006\104\000\040\006\052\006\055\006\104\006\314\006\104\006\314\000\040\006\251\006\061\006\047\006\106\000\040\006\176\006\047\006\314\006\314\006\106\000\040\006\050\006\047\006\062\006\057\006\107\000\040\006\052\006\251\040\014\006\101\006\110\006\052\006\110\006\106\006\314}{section.7.2}% 233
\BOOKMARK [2][-]{subsection.7.2.7}{\376\377\006\101\006\061\006\105\006\110\006\104\000\040\006\052\006\055\006\104\006\314\006\104\006\314\000\040\006\251\006\061\006\047\006\106\000\040\006\050\006\047\006\104\006\047\006\314\000\040\006\056\006\067\006\047\006\314\000\040\006\052\006\251\040\014\006\101\006\110\006\052\006\110\006\106\006\314}{section.7.2}% 234
\BOOKMARK [2][-]{subsection.7.2.8}{\376\377\006\251\006\061\006\047\006\106\000\040\006\050\006\047\006\104\006\047\006\314\000\040\006\056\006\067\006\047\006\314\000\040\006\101\006\047\006\062\000\040\006\050\006\047\000\040\006\106\006\110\006\063\006\047\006\106\000\040\006\106\006\105\006\110\006\106\006\107\040\014\006\257\006\314\006\061\006\314\000\040\006\052\006\065\006\047\006\057\006\101\006\314}{section.7.2}% 235
\BOOKMARK [2][-]{subsection.7.2.9}{\376\377\006\067\006\110\006\104\000\040\006\251\006\104\006\314\006\057\000\040\006\047\006\105\006\106\000\040\006\110\000\040\006\106\006\064\006\052\000\040\006\052\006\065\006\055\006\314\006\055\000\040\006\056\006\067\006\047}{section.7.2}% 236
\BOOKMARK [2][-]{subsection.7.2.10}{\376\377\006\102\006\314\006\057\000\040\006\101\006\314\006\062\006\314\006\251\006\314\000\040\006\057\006\101\006\047\006\071\006\314\000\040\006\061\006\110\006\314\000\040\006\067\006\110\006\104\000\040\006\251\006\104\006\314\006\057}{section.7.2}% 237
\BOOKMARK [1][-]{section.7.3}{\376\377\006\052\006\055\006\104\006\314\006\104\000\040\006\105\006\071\006\105\006\047\006\061\006\314\000\040\006\110\000\040\006\063\006\047\006\056\006\052\006\047\006\061\000\040\006\057\006\047\006\057\006\107\040\014\006\107\006\047}{chapter.7}% 238
\BOOKMARK [2][-]{subsection.7.3.1}{\376\377\006\053\006\047\006\050\006\052\040\014\006\107\006\047\006\314\000\040\006\105\006\047\006\230\006\110\006\104\000\040\006\110\000\040\006\251\006\106\006\052\006\061\006\104\000\040\006\071\006\057\006\057\006\314}{section.7.3}% 239
\BOOKMARK [2][-]{subsection.7.3.2}{\376\377\000D\000e\000c\000o\000y\000E\000s\000t\000i\000m\000a\000t\000e\000s\000L\000i\000m\0002\0000\0001\0004}{section.7.3}% 240
\BOOKMARK [2][-]{subsection.7.3.3}{\376\377\000L\000i\000m\0002\0000\0001\0004\000P\000r\000o\000o\000f\000\040\006\110\000\040\006\063\006\047\006\062\006\106\006\057\006\107\000\040\006\042\006\106}{section.7.3}% 241
\BOOKMARK [2][-]{subsection.7.3.4}{\376\377\006\105\006\052\006\057\006\107\006\047\006\314\000\040\006\047\006\063\006\052\006\047\006\052\006\314\006\251\000\040\006\047\006\314\006\105\006\106\000\040\006\071\006\057\006\057\006\314}{section.7.3}% 242
\BOOKMARK [2][-]{subsection.7.3.5}{\376\377\006\047\006\071\006\052\006\050\006\047\006\061\006\063\006\106\006\054\006\314\000\040\000T\000a\000l\000l\000y\000C\000o\000u\000n\000t\000s}{section.7.3}% 243
\BOOKMARK [1][-]{section.7.4}{\376\377\006\176\006\314\006\047\006\057\006\107\040\014\006\063\006\047\006\062\006\314\000\040\006\061\006\314\006\047\006\066\006\314\000\040\006\110\000\040\006\047\006\104\006\257\006\110\006\061\006\314\006\052\006\105\006\314}{chapter.7}% 244
\BOOKMARK [2][-]{subsection.7.4.1}{\376\377\006\047\006\071\006\052\006\050\006\047\006\061\006\063\006\106\006\054\006\314\000\040\006\176\006\314\006\251\006\061\006\050\006\106\006\057\006\314}{section.7.4}% 245
\BOOKMARK [2][-]{subsection.7.4.2}{\376\377\006\105\006\055\006\047\006\063\006\050\006\107\000\040\006\052\006\110\006\062\006\314\006\071\000\040\000P\000o\000i\000s\000s\000o\000n\000\040\006\110\000\040\000t\000a\000u\000\137\000n}{section.7.4}% 246
\BOOKMARK [2][-]{subsection.7.4.3}{\376\377\006\251\006\061\006\047\006\106\040\014\006\107\006\047\006\314\000\040\006\107\006\314\006\050\006\061\006\314\006\057\000\040\000H\000o\000e\000f\000f\000d\000i\000n\000g\000/\000C\000h\000e\000r\000n\000o\000f\000f\000\040\006\050\006\047\000\040\006\057\006\110\000\040\006\176\006\047\006\061\006\047\006\105\006\052\006\061}{section.7.4}% 247
\BOOKMARK [2][-]{subsection.7.4.4}{\376\377\006\105\006\063\006\314\006\061\000\040\000N\000-\000d\000e\000c\000o\000y\000\040\006\105\006\050\006\052\006\106\006\314\000\040\006\050\006\061\000\040\000L\000P}{section.7.4}% 248
\BOOKMARK [2][-]{subsection.7.4.5}{\376\377\006\176\006\314\006\047\006\057\006\107\040\014\006\063\006\047\006\062\006\314\000\040\006\105\006\071\006\047\006\057\006\104\006\107\000\040\000\050\0002\000\051\000:\000\040\006\251\006\061\006\047\006\106\000\040\006\176\006\047\006\314\006\314\006\106\000\040\006\050\006\047\006\062\006\057\006\107\000\040\006\056\006\104\006\043}{section.7.4}% 249
\BOOKMARK [2][-]{subsection.7.4.6}{\376\377\006\176\006\314\006\047\006\057\006\107\040\014\006\063\006\047\006\062\006\314\000\040\006\105\006\071\006\047\006\057\006\104\006\107\000\040\000\050\0003\000\051\000:\000\040\006\251\006\061\006\047\006\106\000\040\006\176\006\047\006\314\006\314\006\106\000\040\006\050\006\047\006\062\006\057\006\107\000\040\006\052\006\251\040\014\006\101\006\110\006\052\006\110\006\106\006\314}{section.7.4}% 250
\BOOKMARK [2][-]{subsection.7.4.7}{\376\377\006\176\006\314\006\047\006\057\006\107\040\014\006\063\006\047\006\062\006\314\000\040\006\105\006\071\006\047\006\057\006\104\006\107\000\040\000\050\0004\000\051\000:\000\040\006\251\006\061\006\047\006\106\000\040\006\050\006\047\006\104\006\047\006\314\000\040\006\056\006\067\006\047\006\314\000\040\006\052\006\251\040\014\006\101\006\110\006\052\006\110\006\106\006\314}{section.7.4}% 251
\BOOKMARK [2][-]{subsection.7.4.8}{\376\377\006\176\006\314\006\047\006\057\006\107\040\014\006\063\006\047\006\062\006\314\000\040\006\105\006\071\006\047\006\057\006\104\006\107\000\040\000\050\0005\000\051\000:\000\040\006\251\006\061\006\047\006\106\000\040\006\050\006\047\006\104\006\047\006\314\000\040\006\056\006\067\006\047\006\314\000\040\006\101\006\047\006\062}{section.7.4}% 252
\BOOKMARK [2][-]{subsection.7.4.9}{\376\377\006\105\006\055\006\047\006\063\006\050\006\107\000\040\006\106\006\064\006\052\000\040\006\052\006\065\006\055\006\314\006\055\000\040\006\056\006\067\006\047}{section.7.4}% 253
\BOOKMARK [2][-]{subsection.7.4.10}{\376\377\006\055\006\104\000\040\006\052\006\251\006\061\006\047\006\061\006\314\000\040\000e\000p\000s\000i\000l\000o\000n\000\040\000=\000\040\000k\000a\000p\000p\000a\000\040\000*\000\040\000l}{section.7.4}% 254
\BOOKMARK [2][-]{subsection.7.4.11}{\376\377\006\106\006\061\006\105\006\047\006\104\040\014\006\063\006\047\006\062\006\314\000\040\000s\000t\000a\000t\000s\000\137\000m\000a\000p\000\040\006\110\000\040\006\106\006\052\006\047\006\314\006\054\000\040\006\065\006\101\006\061}{section.7.4}% 255
\BOOKMARK [2][-]{subsection.7.4.12}{\376\377\006\105\006\055\006\047\006\063\006\050\006\107\000\040\006\047\006\065\006\104\006\314\000\040\006\067\006\110\006\104\000\040\006\251\006\104\006\314\006\057}{section.7.4}% 256
\BOOKMARK [2][-]{subsection.7.4.13}{\376\377\006\102\006\314\006\057\000\040\006\057\006\101\006\047\006\071\006\314\000\040\006\101\006\314\006\062\006\314\006\251\006\314\000\040\006\057\006\061\000\040\000c\000a\000l\000c\000u\000l\000a\000t\000e\000\137\000k\000e\000y\000\137\000l\000e\000n\000g\000t\000h}{section.7.4}% 257
\BOOKMARK [1][-]{section.7.5}{\376\377\006\047\006\061\006\063\006\047\006\104\000\040\006\110\000\040\006\057\006\061\006\314\006\047\006\101\006\052\000\040\006\050\006\047\000\040\006\063\006\047\006\314\006\061\000\040\006\105\006\047\006\230\006\110\006\104\040\014\006\107\006\047}{chapter.7}% 258
\BOOKMARK [2][-]{subsection.7.5.1}{\376\377\006\110\006\061\006\110\006\057\006\314\040\014\006\107\006\047\006\314\000\040\006\105\006\047\006\230\006\110\006\104}{section.7.5}% 259
\BOOKMARK [2][-]{subsection.7.5.2}{\376\377\006\056\006\061\006\110\006\054\006\314\040\014\006\107\006\047\006\314\000\040\006\105\006\047\006\230\006\110\006\104}{section.7.5}% 260
\BOOKMARK [2][-]{subsection.7.5.3}{\376\377\006\054\006\061\006\314\006\047\006\106\000\040\006\057\006\047\006\057\006\107\000\040\006\057\006\061\000\040\006\063\006\061\006\047\006\063\006\061\000\040\006\101\006\061\006\314\006\105\040\014\006\110\006\061\006\251}{section.7.5}% 261
\BOOKMARK [0][-]{chapter.8}{\376\377\006\050\006\061\006\107\006\047\006\106\040\014\006\107\006\047\006\314\000\040\000\050\000M\000a\000,\000\040\0002\0000\0000\0005\000\051\000\040\006\110\000\040\000\050\000W\000a\000n\000g\000,\000\040\0002\0000\0000\0005\000\051}{part.2}% 262
\BOOKMARK [1][-]{section.8.1}{\376\377\006\106\006\105\006\047\006\314\040\014\000\040\006\251\006\104\006\314\000\040\006\110\000\040\006\107\006\057\006\101\000\040\006\105\006\047\006\230\006\110\006\104}{chapter.8}% 263
\BOOKMARK [1][-]{section.8.2}{\376\377\006\105\006\050\006\047\006\106\006\314\000\040\006\052\006\046\006\110\006\061\006\314\000\040\006\110\000\040\006\101\006\314\006\062\006\314\006\251\006\314}{chapter.8}% 264
\BOOKMARK [2][-]{subsection.8.2.1}{\376\377\006\055\006\105\006\104\006\107\000\040\000P\000h\000o\000t\000o\000n\000-\000N\000u\000m\000b\000e\000r\000\040\000S\000p\000l\000i\000t\000t\000i\000n\000g\000\040\006\110\000\040\006\047\006\106\006\257\006\314\006\062\006\107\000\040\000D\000e\000c\000o\000y\000-\000S\000t\000a\000t\000e}{section.8.2}% 265
\BOOKMARK [2][-]{subsection.8.2.2}{\376\377\006\052\006\110\006\062\006\314\006\071\000\040\006\042\006\105\006\047\006\061\006\314\000\040\006\101\006\110\006\052\006\110\006\106\040\014\006\107\006\047\006\314\000\040\006\047\006\061\006\063\006\047\006\104\006\314}{section.8.2}% 266
\BOOKMARK [2][-]{subsection.8.2.3}{\376\377\006\050\006\047\006\062\006\057\006\107\006\014\000\040\006\056\006\067\006\047\000\040\006\110\000\040\000G\000a\000i\000n}{section.8.2}% 267
\BOOKMARK [2][-]{subsection.8.2.4}{\376\377\006\251\006\061\006\047\006\106\000\040\006\176\006\047\006\314\006\314\006\106\000\040\006\050\006\047\006\062\006\057\006\107\000\040\006\052\006\251\040\014\006\101\006\110\006\052\006\110\006\106\006\314\000\040\006\057\006\061\000\040\006\176\006\061\006\110\006\052\006\251\006\104\000\040\000V\000a\000c\000u\000u\000m\000\040\000+\000\040\000W\000e\000a\000k}{section.8.2}% 268
\BOOKMARK [2][-]{subsection.8.2.5}{\376\377\006\251\006\061\006\047\006\106\000\040\006\050\006\047\006\104\006\047\006\314\000\040\006\056\006\067\006\047\006\314\000\040\006\052\006\251\040\014\006\101\006\110\006\052\006\110\006\106\006\314}{section.8.2}% 269
\BOOKMARK [2][-]{subsection.8.2.6}{\376\377\006\251\006\063\006\061\000\040\006\050\006\061\006\206\006\063\006\050\040\014\006\257\006\060\006\047\006\061\006\314\040\014\006\064\006\057\006\107\000\040\000\050\000T\000a\000g\000g\000e\000d\000\040\000F\000r\000a\000c\000t\000i\000o\000n\000\051}{section.8.2}% 270
\BOOKMARK [2][-]{subsection.8.2.7}{\376\377\006\101\006\061\006\105\006\110\006\104\000\040\000G\000L\000L\000P\000\040\006\050\006\061\006\047\006\314\000\040\006\106\006\061\006\056\000\040\006\251\006\104\006\314\006\057}{section.8.2}% 271
\BOOKMARK [2][-]{subsection.8.2.8}{\376\377\006\101\006\061\006\105\006\110\006\104\000\040\000W\000e\000a\000k\000\040\000G\000L\000L\000P\000\040\000\050\006\105\006\071\006\047\006\057\006\104\006\107\000\040\0004\0003\000\051}{section.8.2}% 272
\BOOKMARK [2][-]{subsection.8.2.9}{\376\377\006\055\006\057\000\040\000A\000s\000y\000m\000p\000t\000o\000t\000i\000c\000\040\006\050\006\047\000\040\000I\000n\000f\000i\000n\000i\000t\000e\000\040\000D\000e\000c\000o\000y}{section.8.2}% 273
\BOOKMARK [2][-]{subsection.8.2.10}{\376\377\006\056\006\067\006\047\006\314\000\040\006\105\006\106\006\050\006\071\000\040\006\110\000\040\006\206\006\047\006\061\006\206\006\110\006\050\000\040\000W\000a\000n\000g\000\040\0002\0000\0000\0008}{section.8.2}% 274
\BOOKMARK [2][-]{subsection.8.2.11}{\376\377\006\106\006\061\006\056\000\040\006\251\006\104\006\314\006\057\000\040\006\057\006\061\000\040\006\206\006\047\006\061\006\206\006\110\006\050\000\040\000W\000a\000n\000g\000\040\0002\0000\0000\0008}{section.8.2}% 275
\BOOKMARK [1][-]{section.8.3}{\376\377\006\052\006\055\006\104\006\314\006\104\000\040\006\105\006\071\006\105\006\047\006\061\006\314\000\040\006\110\000\040\006\063\006\047\006\056\006\052\006\047\006\061\000\040\006\057\006\047\006\057\006\107\040\014\006\107\006\047}{chapter.8}% 276
\BOOKMARK [2][-]{subsection.8.3.1}{\376\377\006\063\006\104\006\063\006\104\006\107\040\014\006\105\006\061\006\047\006\052\006\050\000\040\006\251\006\104\006\047\006\063\000\040\006\057\006\061\000\040\006\105\006\047\006\230\006\110\006\104\000\040\000m\000a\0002\0000\0000\0005\000.\000p\000y}{section.8.3}% 277
\BOOKMARK [2][-]{subsection.8.3.2}{\376\377\006\105\006\052\006\057\000\040\000\137\000g\000e\000t\000\137\000p\000r\000o\000b\000\137\000n\000\040\006\110\000\040\006\047\006\106\006\052\006\056\006\047\006\050\000\040\006\052\006\110\006\062\006\314\006\071\000\040\006\042\006\105\006\047\006\061\006\314}{section.8.3}% 278
\BOOKMARK [2][-]{subsection.8.3.3}{\376\377\006\106\006\061\006\105\006\047\006\104\040\014\006\063\006\047\006\062\006\314\000\040\006\251\006\104\006\314\006\057\006\107\006\047\006\314\000\040\000s\000t\000a\000t\000s\000\137\000m\000a\000p\000\040\006\050\006\047\000\040\000\137\000n\000o\000r\000m\000a\000l\000i\000z\000e\000\137\000s\000t\000a\000t\000s\000\137\000m\000a\000p}{section.8.3}% 279
\BOOKMARK [2][-]{subsection.8.3.4}{\376\377\006\052\006\056\006\065\006\314\006\065\000\040\006\050\006\110\006\057\006\054\006\107\000\040\000\040\006\057\006\061\000\040\006\206\006\047\006\061\006\206\006\110\006\050\000\040\000M\000a\000\040\0002\0000\0000\0005}{section.8.3}% 280
\BOOKMARK [2][-]{subsection.8.3.5}{\376\377\006\063\006\047\006\056\006\052\006\047\006\061\000\040\000d\000a\000t\000a\000c\000l\000a\000s\000s\000\040\006\057\006\061\000\040\006\105\006\047\006\230\006\110\006\104\000\040\000w\000a\000n\000g\0002\0000\0000\0005\000.\000p\000y}{section.8.3}% 281
\BOOKMARK [2][-]{subsection.8.3.6}{\376\377\006\047\006\071\006\052\006\050\006\047\006\061\006\063\006\106\006\054\006\314\000\040\006\176\006\314\006\251\006\061\006\050\006\050\006\061\006\314\000\040\006\057\006\061\000\040\000W\000a\000n\000g\0002\0000\0000\0005\000P\000r\000o\000o\000f}{section.8.3}% 282
\BOOKMARK [2][-]{subsection.8.3.7}{\376\377\006\105\006\057\006\314\006\061\006\314\006\052\000\040\006\056\006\067\006\047\006\314\000\040\006\052\006\067\006\050\006\314\006\102\006\314\000\040\000\050\000A\000d\000a\000p\000t\000i\000v\000e\000\040\000E\000r\000r\000o\000r\000\040\000C\000o\000r\000r\000e\000c\000t\000i\000o\000n\000\051}{section.8.3}% 283
\BOOKMARK [2][-]{subsection.8.3.8}{\376\377\006\106\006\102\006\064\006\107\040\014\006\314\000\040\006\106\006\105\006\047\006\057\006\107\006\047\000\040\000\050\000N\000o\000t\000a\000t\000i\000o\000n\000\040\000M\000a\000p\000\051}{section.8.3}% 284
\BOOKMARK [1][-]{section.8.4}{\376\377\006\176\006\314\006\047\006\057\006\107\040\014\006\063\006\047\006\062\006\314\000\040\006\061\006\314\006\047\006\066\006\314\000\040\006\110\000\040\006\047\006\104\006\257\006\110\006\061\006\314\006\052\006\105\006\314}{chapter.8}% 285
\BOOKMARK [2][-]{subsection.8.4.1}{\376\377\006\105\006\055\006\047\006\063\006\050\006\107\000\040\006\106\006\061\006\056\000\040\000G\000L\000L\000P\000\040\006\047\006\063\006\052\006\047\006\106\006\057\006\047\006\061\006\057}{section.8.4}% 286
\BOOKMARK [2][-]{subsection.8.4.2}{\376\377\006\176\006\314\006\047\006\057\006\107\040\014\006\063\006\047\006\062\006\314\000\040\006\176\006\061\006\110\006\052\006\251\006\104\000\040\000V\000a\000c\000u\000u\000m\000\040\000+\000\040\000W\000e\000a\000k}{section.8.4}% 287
\BOOKMARK [2][-]{subsection.8.4.3}{\376\377\006\176\006\314\006\047\006\057\006\107\040\014\006\063\006\047\006\062\006\314\000\040\006\176\006\061\006\110\006\052\006\251\006\104\000\040\000G\000e\000n\000e\000r\000a\000l\000\040\000T\000w\000o\000-\000D\000e\000c\000o\000y}{section.8.4}% 288
\BOOKMARK [2][-]{subsection.8.4.4}{\376\377\006\176\006\314\006\047\006\057\006\107\040\014\006\063\006\047\006\062\006\314\000\040\006\176\006\061\006\110\006\052\006\251\006\104\000\040\000O\000n\000e\000-\000D\000e\000c\000o\000y}{section.8.4}% 289
\BOOKMARK [2][-]{subsection.8.4.5}{\376\377\006\176\006\314\006\047\006\057\006\107\040\014\006\063\006\047\006\062\006\314\000\040\006\176\006\061\006\110\006\052\006\251\006\104\000\040\006\206\006\106\006\057\000\040\000D\000e\000c\000o\000y\000\040\006\050\006\047\000\040\000L\000P}{section.8.4}% 290
\BOOKMARK [2][-]{subsection.8.4.6}{\376\377\006\176\006\314\006\047\006\057\006\107\040\014\006\063\006\047\006\062\006\314\000\040\006\055\006\057\000\040\000A\000s\000y\000m\000p\000t\000o\000t\000i\000c}{section.8.4}% 291
\BOOKMARK [2][-]{subsection.8.4.7}{\376\377\006\176\006\314\006\047\006\057\006\107\040\014\006\063\006\047\006\062\006\314\000\040\006\206\006\047\006\061\006\206\006\110\006\050\000\040\000W\000a\000n\000g\000\040\0002\0000\0000\0008}{section.8.4}% 292
\BOOKMARK [1][-]{section.8.5}{\376\377\006\047\006\061\006\063\006\047\006\104\000\040\006\110\000\040\006\057\006\061\006\314\006\047\006\101\006\052\000\040\006\050\006\047\000\040\006\063\006\047\006\314\006\061\000\040\006\105\006\047\006\230\006\110\006\104\040\014\006\107\006\047}{chapter.8}% 293
\BOOKMARK [2][-]{subsection.8.5.1}{\376\377\006\110\006\061\006\110\006\057\006\314\040\014\006\107\006\047\006\314\000\040\006\105\006\047\006\230\006\110\006\104\000\040\000m\000a\0002\0000\0000\0005\000.\000p\000y}{section.8.5}% 294
\BOOKMARK [2][-]{subsection.8.5.2}{\376\377\006\110\006\061\006\110\006\057\006\314\040\014\006\107\006\047\006\314\000\040\006\105\006\047\006\230\006\110\006\104\000\040\000w\000a\000n\000g\0002\0000\0000\0005\000.\000p\000y}{section.8.5}% 295
\BOOKMARK [2][-]{subsection.8.5.3}{\376\377\006\056\006\061\006\110\006\054\006\314\040\014\006\107\006\047\006\314\000\040\006\105\006\047\006\230\006\110\006\104}{section.8.5}% 296
\BOOKMARK [2][-]{subsection.8.5.4}{\376\377\006\110\006\047\006\050\006\063\006\052\006\257\006\314\040\014\006\107\006\047\006\314\000\040\006\057\006\047\006\056\006\104\006\314\000\040\006\110\000\040\006\056\006\047\006\061\006\054\006\314}{section.8.5}% 297
\BOOKMARK [2][-]{subsection.8.5.5}{\376\377\006\054\006\061\006\314\006\047\006\106\000\040\006\057\006\047\006\057\006\107\000\040\006\057\006\061\000\040\006\063\006\061\006\047\006\063\006\061\000\040\006\101\006\061\006\314\006\105\040\014\006\110\006\061\006\251}{section.8.5}% 298
\BOOKMARK [2][-]{subsection.8.5.6}{\376\377\006\047\006\106\006\052\006\056\006\047\006\050\000\040\006\105\006\314\006\047\006\106\000\040\000M\000a\000\040\0002\0000\0000\0005\000\040\006\110\000\040\000W\000a\000n\000g\000\040\0002\0000\0000\0008}{section.8.5}% 299
\BOOKMARK [0][-]{chapter.9}{\376\377\006\047\006\053\006\050\006\047\006\052\000\040\006\047\006\105\006\106\006\314\006\052\000\040\006\101\006\064\006\061\006\057\006\107}{part.2}% 300
\BOOKMARK [1][-]{section.9.1}{\376\377\006\106\006\105\006\047\006\314\000\040\006\251\006\104\006\314\000\040\006\110\000\040\006\107\006\057\006\101\000\040\006\105\006\047\006\230\006\110\006\104}{chapter.9}% 301
\BOOKMARK [1][-]{section.9.2}{\376\377\006\105\006\050\006\047\006\106\006\314\000\040\006\052\006\046\006\110\006\061\006\314\000\040\006\110\000\040\006\101\006\314\006\062\006\314\006\251\006\314}{chapter.9}% 302
\BOOKMARK [2][-]{subsection.9.2.1}{\376\377\006\047\006\105\006\106\006\314\006\052\000\040\006\052\006\061\006\251\006\314\006\050\006\314\000\040\006\110\000\040\006\050\006\110\006\057\006\054\006\107\040\014\006\314\000\040}{section.9.2}% 303
\BOOKMARK [2][-]{subsection.9.2.2}{\376\377\006\056\006\067\006\047\006\314\000\040\006\101\006\047\006\062\000\040\006\057\006\061\000\040\006\105\006\102\006\047\006\050\006\104\000\040\006\056\006\067\006\047\006\314\000\040\006\050\006\314\006\052}{section.9.2}% 304
\BOOKMARK [2][-]{subsection.9.2.3}{\376\377\006\042\006\106\006\052\006\061\006\110\006\176\006\314\000\040\006\050\006\047\006\314\006\106\006\061\006\314\000\040\006\110\000\040\006\050\006\061\006\064\000\040\006\071\006\057\006\057\006\314}{section.9.2}% 305
\BOOKMARK [2][-]{subsection.9.2.4}{\376\377\006\042\006\106\006\052\006\061\006\110\006\176\006\314\000\040\006\105\006\110\006\054\006\110\006\057\000\040\006\110\000\040\006\105\006\071\006\047\006\057\006\104\006\300\000\040\006\251\006\104\006\314\006\057\000\040\006\106\006\107\006\047\006\314\006\314}{section.9.2}% 306
\BOOKMARK [2][-]{subsection.9.2.5}{\376\377\006\052\006\056\006\105\006\314\006\106\000\040\006\064\006\105\006\047\006\061\006\064\000\040\006\052\006\251\040\014\006\101\006\110\006\052\006\110\006\106\006\314\000\040\006\057\006\061\000\040\006\057\006\110\000\040\006\176\006\047\006\314\006\107}{section.9.2}% 307
\BOOKMARK [2][-]{subsection.9.2.6}{\376\377\006\054\006\061\006\314\006\105\006\107\040\014\006\107\006\047\006\314\000\040\000P\000A\000\040\006\110\000\040\006\052\006\065\006\055\006\314\006\055}{section.9.2}% 308
\BOOKMARK [1][-]{section.9.3}{\376\377\006\052\006\055\006\104\006\314\006\104\000\040\006\105\006\071\006\105\006\047\006\061\006\314\000\040\006\110\000\040\006\063\006\047\006\056\006\052\006\047\006\061\000\040\006\057\006\047\006\057\006\107\040\014\006\107\006\047}{chapter.9}% 309
\BOOKMARK [2][-]{subsection.9.3.1}{\376\377\006\063\006\104\006\063\006\104\006\300\000\040\006\251\006\104\006\047\006\063\040\014\006\107\006\047\000\040\006\110\000\040\006\110\006\047\006\061\006\053\006\052}{section.9.3}% 310
\BOOKMARK [2][-]{subsection.9.3.2}{\376\377\006\064\006\105\006\047\006\061\006\300\000\040\006\056\006\067\006\047\006\107\006\047\006\314\000\040\006\063\006\047\006\056\006\052\006\047\006\061\006\314\006\047\006\101\006\052\006\107}{section.9.3}% 311
\BOOKMARK [2][-]{subsection.9.3.3}{\376\377\006\063\006\047\006\056\006\052\006\047\006\061\000\040\000d\000a\000t\000a\000c\000l\000a\000s\000s\000\040\006\050\006\061\006\047\006\314\000\040\006\110\006\061\006\110\006\057\006\314\000\040\006\110\000\040\006\056\006\061\006\110\006\054\006\314}{section.9.3}% 312
\BOOKMARK [2][-]{subsection.9.3.4}{\376\377\006\047\006\063\006\052\006\053\006\106\006\047\006\107\006\047\006\314\000\040\006\063\006\101\006\047\006\061\006\064\006\314}{section.9.3}% 313
\BOOKMARK [2][-]{subsection.9.3.5}{\376\377\006\053\006\047\006\050\006\052\040\014\006\107\006\047\006\314\000\040\006\071\006\057\006\057\006\314\000\040\006\110\000\040\006\050\006\061\006\064\040\014\006\107\006\047}{section.9.3}% 314
\BOOKMARK [1][-]{section.9.4}{\376\377\006\176\006\314\006\047\006\057\006\107\040\014\006\063\006\047\006\062\006\314\000\040\006\061\006\314\006\047\006\066\006\314\000\040\006\110\000\040\006\047\006\104\006\257\006\110\006\061\006\314\006\052\006\105\006\314}{chapter.9}% 315
\BOOKMARK [2][-]{subsection.9.4.1}{\376\377\006\052\006\056\006\065\006\314\006\065\000\040\006\050\006\110\006\057\006\054\006\300\000\040\000\040\006\050\006\047\000\040\006\055\006\047\006\064\006\314\006\300\000\040\006\071\006\057\006\057\006\314}{section.9.4}% 316
\BOOKMARK [2][-]{subsection.9.4.2}{\376\377\006\105\006\052\006\057\000\040\006\047\006\065\006\104\006\314\000\040\006\105\006\055\006\047\006\063\006\050\006\300\000\040\006\067\006\110\006\104\000\040\006\251\006\104\006\314\006\057}{section.9.4}% 317
\BOOKMARK [2][-]{subsection.9.4.3}{\376\377\006\105\006\055\006\047\006\063\006\050\006\300\000\040\006\064\006\105\006\047\006\061\006\064\000\040\006\052\006\251\040\014\006\101\006\110\006\052\006\110\006\106\006\314\000\040\006\057\006\061\000\040\006\055\006\047\006\104\006\052\000\040\000D\000e\000c\000o\000y\000-\000S\000t\000a\000t\000e}{section.9.4}% 318
\BOOKMARK [2][-]{subsection.9.4.4}{\376\377\006\105\006\055\006\047\006\063\006\050\006\300\000\040\006\106\006\064\006\052\000\040\006\052\006\065\006\055\006\314\006\055\000\040\006\056\006\067\006\047}{section.9.4}% 319
\BOOKMARK [2][-]{subsection.9.4.5}{\376\377\006\105\006\055\006\047\006\063\006\050\006\300\000\040\006\251\006\061\006\047\006\106\000\040\006\050\006\047\006\104\006\047\006\314\000\040\006\056\006\067\006\047\006\314\000\040\006\101\006\047\006\062}{section.9.4}% 320
\BOOKMARK [2][-]{subsection.9.4.6}{\376\377\006\105\006\055\006\047\006\063\006\050\006\300\000\040\006\054\006\061\006\314\006\105\006\107\040\014\006\107\006\047\006\314\000\040\000P\000A\000\040\006\110\000\040\006\052\006\065\006\055\006\314\006\055}{section.9.4}% 321
\BOOKMARK [2][-]{subsection.9.4.7}{\376\377\006\052\006\110\006\047\006\050\006\071\000\040\006\251\006\105\006\251\006\314\000\040\006\176\006\047\006\314\006\057\006\047\006\061\006\314\000\040\006\071\006\057\006\057\006\314}{section.9.4}% 322
\BOOKMARK [2][-]{subsection.9.4.8}{\376\377\006\106\006\061\006\105\006\047\006\104\040\014\006\063\006\047\006\062\006\314\000\040\006\052\006\056\006\105\006\314\006\106\040\014\006\107\006\047\006\314\000\040\000D\000e\000c\000o\000y}{section.9.4}% 323
\BOOKMARK [2][-]{subsection.9.4.9}{\376\377\006\106\006\107\006\047\006\314\006\314\040\014\006\063\006\047\006\062\006\314\000\040\006\106\006\052\006\314\006\054\006\107\000\040\006\110\000\040\006\053\006\050\006\052\000\040\006\176\006\061\006\110\006\110\006\106\006\047\006\106\006\063}{section.9.4}% 324
\BOOKMARK [1][-]{section.9.5}{\376\377\006\047\006\061\006\063\006\047\006\104\000\040\006\110\000\040\006\057\006\061\006\314\006\047\006\101\006\052\000\040\006\050\006\047\000\040\006\063\006\047\006\314\006\061\000\040\006\105\006\047\006\230\006\110\006\104\040\014\006\107\006\047}{chapter.9}% 325
\BOOKMARK [2][-]{subsection.9.5.1}{\376\377\006\110\006\061\006\110\006\057\006\314\040\014\006\107\006\047\006\314\000\040\006\105\006\047\006\230\006\110\006\104}{section.9.5}% 326
\BOOKMARK [2][-]{subsection.9.5.2}{\376\377\006\056\006\061\006\110\006\054\006\314\040\014\006\107\006\047\006\314\000\040\006\105\006\047\006\230\006\110\006\104}{section.9.5}% 327
\BOOKMARK [2][-]{subsection.9.5.3}{\376\377\006\110\006\047\006\050\006\063\006\052\006\257\006\314\040\014\006\107\006\047\006\314\000\040\006\057\006\047\006\056\006\104\006\314\000\040\006\110\000\040\006\056\006\047\006\061\006\054\006\314}{section.9.5}% 328
\BOOKMARK [2][-]{subsection.9.5.4}{\376\377\006\054\006\061\006\314\006\047\006\106\000\040\006\057\006\047\006\057\006\107\000\040\006\057\006\061\000\040\006\063\006\061\006\047\006\063\006\061\000\040\006\101\006\061\006\314\006\105\040\014\006\110\006\061\006\251}{section.9.5}% 329
\BOOKMARK [0][-]{chapter.10}{\376\377\006\050\006\107\006\314\006\106\006\107\040\014\006\063\006\047\006\062\006\314\000\040\006\176\006\047\006\061\006\047\006\105\006\052\006\061\006\107\006\047\000\040\006\050\006\047\000\040\006\047\006\063\006\052\006\101\006\047\006\057\006\107\000\040\006\047\006\062\000\040\006\050\006\061\006\106\006\047\006\105\006\107\040\014\006\061\006\314\006\062\006\314\000\040\006\056\006\067\006\314\000\040\000\050\000L\000P\000\051}{part.2}% 330
\BOOKMARK [1][-]{section.10.1}{\376\377\006\106\006\105\006\047\006\314\000\040\006\251\006\104\006\314\000\040\006\110\000\040\006\107\006\057\006\101\000\040\006\105\006\047\006\230\006\110\006\104}{chapter.10}% 331
\BOOKMARK [1][-]{section.10.2}{\376\377\006\105\006\050\006\047\006\106\006\314\000\040\006\052\006\046\006\110\006\061\006\314\000\040\006\110\000\040\006\101\006\314\006\062\006\314\006\251\006\314}{chapter.10}% 332
\BOOKMARK [2][-]{subsection.10.2.1}{\376\377\006\106\006\061\006\056\000\040\006\251\006\104\006\314\006\057\000\040\000G\000L\000L\000P\000\040\006\110\000\040\006\110\006\047\006\050\006\063\006\052\006\257\006\314\000\040\006\072\006\314\006\061\006\056\006\067\006\314\000\040\006\050\006\107\000\040}{section.10.2}% 333
\BOOKMARK [2][-]{subsection.10.2.2}{\376\377\006\050\006\107\006\314\006\106\006\107\040\014\006\063\006\047\006\062\006\314\000\040\000\040\006\050\006\061\006\047\006\314\000\040\006\251\006\104\006\314\006\057\000\040\006\105\006\052\006\106\006\047\006\107\006\314}{section.10.2}% 334
\BOOKMARK [2][-]{subsection.10.2.3}{\376\377\006\050\006\107\006\314\006\106\006\107\040\014\006\063\006\047\006\062\006\314\000\040\006\052\006\110\006\047\006\105\006\047\006\106\000\040\000P\000s\006\014\000\040\000P\000d\000\040\006\110\000\040}{section.10.2}% 335
\BOOKMARK [2][-]{subsection.10.2.4}{\376\377\006\251\006\047\006\106\006\047\006\104\000\040\000A\000m\000p\000l\000i\000t\000u\000d\000e\000\040\000D\000a\000m\000p\000i\000n\000g\000\040\006\110\000\040\000C\000h\000a\000p\000m\000a\000n\000\040\0002\0000\0001\0008}{section.10.2}% 336
\BOOKMARK [2][-]{subsection.10.2.5}{\376\377\006\050\006\107\006\314\006\106\006\107\040\014\006\063\006\047\006\062\006\314\000\040\006\251\006\104\006\314\006\057\000\040\006\105\006\052\006\106\006\047\006\107\006\314\000\040\000L\000i\000m\000\040\0002\0000\0001\0004}{section.10.2}% 337
\BOOKMARK [2][-]{subsection.10.2.6}{\376\377\006\105\006\055\006\057\006\110\006\057\006\314\006\052\040\014\006\107\006\047\006\314\000\040\006\101\006\314\006\062\006\314\006\251\006\314\000\040\006\110\000\040\006\105\006\106\006\067\006\102\000\040\006\054\006\061\006\314\006\105\006\107}{section.10.2}% 338
\BOOKMARK [1][-]{section.10.3}{\376\377\006\052\006\055\006\104\006\314\006\104\000\040\006\105\006\071\006\105\006\047\006\061\006\314\000\040\006\110\000\040\006\063\006\047\006\056\006\052\006\047\006\061\000\040\006\057\006\047\006\057\006\107\040\014\006\107\006\047}{chapter.10}% 339
\BOOKMARK [2][-]{subsection.10.3.1}{\376\377\006\063\006\047\006\056\006\052\006\047\006\061\000\040\006\251\006\104\006\314\000\040\006\105\006\047\006\230\006\110\006\104}{section.10.3}% 340
\BOOKMARK [2][-]{subsection.10.3.2}{\376\377\006\251\006\104\006\047\006\063\000\040\000M\000a\0002\0000\0000\0005\000G\000l\000o\000b\000a\000l\000O\000p\000t\000i\000m\000i\000z\000e\000r}{section.10.3}% 341
\BOOKMARK [2][-]{subsection.10.3.3}{\376\377\006\105\006\052\006\057\000\040\000o\000b\000j\000e\000c\000t\000i\000v\000e\000\040\006\110\000\040\006\054\006\061\006\314\006\105\006\107\040\014\006\107\006\047}{section.10.3}% 342
\BOOKMARK [2][-]{subsection.10.3.4}{\376\377\006\105\006\052\006\057\000\040\000g\000r\000a\000d\000i\000e\000n\000t\000\040\006\050\006\047\000\040\006\052\006\101\006\047\006\066\006\104\000\040\006\105\006\055\006\057\006\110\006\057}{section.10.3}% 343
\BOOKMARK [2][-]{subsection.10.3.5}{\376\377\006\047\006\104\006\257\006\110\006\314\000\040\000c\000a\000l\000l\000b\000a\000c\000k\000\040\006\110\000\040\006\052\006\062\006\061\006\314\006\102\000\040\006\110\006\047\006\050\006\063\006\052\006\257\006\314}{section.10.3}% 344
\BOOKMARK [2][-]{subsection.10.3.6}{\376\377\000T\000y\000p\000e\000\040\000H\000i\000n\000t\000\040\006\107\006\047\000\040\006\110\000\040\006\047\006\314\006\105\006\106\006\314\000\040\006\106\006\110\006\071}{section.10.3}% 345
\BOOKMARK [1][-]{section.10.4}{\376\377\006\176\006\314\006\047\006\057\006\107\040\014\006\063\006\047\006\062\006\314\000\040\006\061\006\314\006\047\006\066\006\314\000\040\006\110\000\040\006\047\006\104\006\257\006\110\006\061\006\314\006\052\006\105\006\314}{chapter.10}% 346
\BOOKMARK [2][-]{subsection.10.4.1}{\376\377\006\105\006\055\006\047\006\063\006\050\006\300\000\040\000\040\006\050\006\107\006\314\006\106\006\107\000\040\006\050\006\061\000\040\006\047\006\063\006\047\006\063\000\040\006\105\006\071\006\047\006\057\006\104\006\300\000\040\0001\0002\000\040\006\105\006\102\006\047\006\104\006\300\000\040\000M\000a\000\040\0002\0000\0000\0005}{section.10.4}% 347
\BOOKMARK [2][-]{subsection.10.4.2}{\376\377\006\050\006\107\006\314\006\106\006\107\040\014\006\063\006\047\006\062\006\314\000\040\000\040\006\050\006\047\000\040\006\061\006\110\006\064\000\040\000B\000r\000e\000n\000t}{section.10.4}% 348
\BOOKMARK [2][-]{subsection.10.4.3}{\376\377\006\050\006\107\006\314\006\106\006\107\040\014\006\063\006\047\006\062\006\314\000\040\006\047\006\055\006\052\006\105\006\047\006\104\006\047\006\052\000\040\006\052\006\110\006\062\006\314\006\071\000\040\006\176\006\047\006\104\006\063}{section.10.4}% 349
\BOOKMARK [2][-]{subsection.10.4.4}{\376\377\006\050\006\107\006\314\006\106\006\107\040\014\006\063\006\047\006\062\006\314\000\040\006\052\006\110\006\047\006\105\006\047\006\106\000\040\006\063\006\107\000\040\006\176\006\047\006\061\006\047\006\105\006\052\006\061}{section.10.4}% 350
\BOOKMARK [2][-]{subsection.10.4.5}{\376\377\006\050\006\107\006\314\006\106\006\107\040\014\006\063\006\047\006\062\006\314\000\040\006\251\006\104\006\314\006\057\000\040\006\105\006\052\006\106\006\047\006\107\006\314\000\040\000L\000i\000m\000\040\0002\0000\0001\0004}{section.10.4}% 351
\BOOKMARK [2][-]{subsection.10.4.6}{\376\377\006\050\006\107\006\314\006\106\006\107\040\014\006\063\006\047\006\062\006\314\000\040\006\062\006\047\006\110\006\314\006\300\000\040\006\206\006\061\006\056\006\064\000\040\006\057\006\061\000\040\000C\000h\000a\000p\000m\000a\000n\000\040\0002\0000\0001\0008}{section.10.4}% 352
\BOOKMARK [2][-]{subsection.10.4.7}{\376\377\006\050\006\107\006\314\006\106\006\107\040\014\006\063\006\047\006\062\006\314\000\040\006\047\006\251\006\052\006\064\006\047\006\101\006\314\000\040\006\064\006\057\006\052\040\014\006\107\006\047}{section.10.4}% 353
\BOOKMARK [1][-]{section.10.5}{\376\377\006\047\006\061\006\063\006\047\006\104\000\040\006\110\000\040\006\057\006\061\006\314\006\047\006\101\006\052\000\040\006\050\006\047\000\040\006\063\006\047\006\314\006\061\000\040\006\105\006\047\006\230\006\110\006\104\040\014\006\107\006\047}{chapter.10}% 354
\BOOKMARK [2][-]{subsection.10.5.1}{\376\377\006\110\006\061\006\110\006\057\006\314\040\014\006\107\006\047\006\314\000\040\006\105\006\047\006\230\006\110\006\104}{section.10.5}% 355
\BOOKMARK [2][-]{subsection.10.5.2}{\376\377\006\056\006\061\006\110\006\054\006\314\040\014\006\107\006\047\006\314\000\040\006\105\006\047\006\230\006\110\006\104}{section.10.5}% 356
\BOOKMARK [2][-]{subsection.10.5.3}{\376\377\006\110\006\047\006\050\006\063\006\052\006\257\006\314\040\014\006\107\006\047\006\314\000\040\006\057\006\047\006\056\006\104\006\314\000\040\006\110\000\040\006\056\006\047\006\061\006\054\006\314}{section.10.5}% 357
\BOOKMARK [2][-]{subsection.10.5.4}{\376\377\006\054\006\061\006\314\006\047\006\106\000\040\006\057\006\047\006\057\006\107\000\040\006\057\006\061\000\040\006\063\006\061\006\047\006\063\006\061\000\040\006\101\006\061\006\314\006\105\040\014\006\110\006\061\006\251}{section.10.5}% 358
\BOOKMARK [-1][-]{part.3}{\376\377\006\063\006\110\006\105\000\040\006\056\006\067\000\040\006\104\006\110\006\104\006\107\000\040\006\047\006\054\006\061\006\047\000\040\006\110\000\040\006\104\006\047\006\314\006\107\000\040\006\064\006\050\006\251\006\107}{}% 359
\BOOKMARK [0][-]{chapter.11}{\376\377\006\047\006\063\006\251\006\061\006\314\006\176\006\052\000\040\006\047\006\065\006\104\006\314\000\040\006\047\006\054\006\061\006\047}{part.3}% 360
\BOOKMARK [1][-]{section.11.1}{\376\377\006\106\006\105\006\047\006\314\000\040\006\251\006\104\006\314\000\040\006\110\000\040\006\107\006\057\006\101\000\040\006\105\006\047\006\230\006\110\006\104}{chapter.11}% 361
\BOOKMARK [1][-]{section.11.2}{\376\377\006\105\006\050\006\047\006\106\006\314\000\040\006\052\006\046\006\110\006\061\006\314\000\040\006\110\000\040\006\101\006\314\006\062\006\314\006\251\006\314}{chapter.11}% 362
\BOOKMARK [2][-]{subsection.11.2.1}{\376\377\006\063\006\047\006\056\006\052\006\047\006\061\000\040\006\176\006\314\006\251\006\061\006\050\006\106\006\057\006\314\000\040\006\063\006\104\006\063\006\104\006\107\040\014\006\105\006\061\006\047\006\052\006\050\006\314\000\040\006\110\000\040\006\047\006\065\006\104\000\040\000S\000i\000n\000g\000l\000e\000\040\000S\000o\000u\000r\000c\000e\000\040\000o\000f\000\040\000T\000r\000u\000t\000h}{section.11.2}% 363
\BOOKMARK [2][-]{subsection.11.2.2}{\376\377\006\052\006\056\006\065\006\314\006\065\000\040\006\050\006\110\006\057\006\054\006\107\000\040\006\047\006\105\006\106\006\314\006\052\006\314\000\040\000\040\006\110\000\040\000C\000o\000m\000p\000o\000s\000a\000b\000l\000e\000\040\000S\000e\000c\000u\000r\000i\000t\000y}{section.11.2}% 364
\BOOKMARK [2][-]{subsection.11.2.3}{\376\377\006\101\006\314\006\062\006\314\006\251\000\040\006\057\006\047\006\061\006\251\000\040\006\251\006\047\006\106\006\052\000\040\006\110\000\040\006\101\006\061\006\066\000\040\000A\000p\000p\000e\000n\000d\000i\000x\000\040\000B\000\040\006\105\006\102\006\047\006\104\006\300\000\040\000L\000i\000m\000\040\0002\0000\0001\0004}{section.11.2}% 365
\BOOKMARK [2][-]{subsection.11.2.4}{\376\377\006\105\006\057\006\104\000\040\006\101\006\314\006\062\006\314\006\251\006\314\000\040\000Q\000B\000E\000R\000\040\006\063\006\314\006\257\006\106\006\047\006\104\000\040\006\110\000\040\006\057\006\251\006\110\006\314}{section.11.2}% 366
\BOOKMARK [2][-]{subsection.11.2.5}{\376\377\006\052\006\046\006\110\006\061\006\314\000\040\000R\000o\000g\000e\000r\000s\000\040\000e\000t\000\040\000a\000l\000.\000\040\000\050\0002\0000\0000\0007\000\051\000\040\006\050\006\061\006\047\006\314\000\040\006\106\006\061\006\056\000\040\006\050\006\314\006\052\000\040\000s\000i\000f\000t\000e\000d}{section.11.2}% 367
\BOOKMARK [2][-]{subsection.11.2.6}{\376\377\006\052\006\046\006\110\006\061\006\314\000\040\000D\000e\000a\000d\000\040\000T\000i\000m\000e\000\040\006\042\006\064\006\251\006\047\006\061\006\063\006\047\006\062\000:\000\040\000N\000o\000n\000-\000P\000a\000r\000a\000l\000y\000z\000a\000b\000l\000e}{section.11.2}% 368
\BOOKMARK [2][-]{subsection.11.2.7}{\376\377\006\105\006\057\006\104\000\040\000A\000f\000t\000e\000r\000p\000u\000l\000s\000e\000\040\006\042\006\064\006\251\006\047\006\061\006\063\006\047\006\062}{section.11.2}% 369
\BOOKMARK [2][-]{subsection.11.2.8}{\376\377\006\106\006\110\006\314\006\062\000\040\000R\000a\000m\000a\000n\000\040\006\057\006\061\000\040\000D\000W\000D\000M\000\040\006\110\000\040\006\105\006\057\006\104\000\040\006\101\006\314\006\062\006\314\006\251\006\314}{section.11.2}% 370
\BOOKMARK [2][-]{subsection.11.2.9}{\376\377\006\050\006\107\006\314\006\106\006\107\040\014\006\063\006\047\006\062\006\314\000\040\006\176\006\047\006\061\006\047\006\105\006\052\006\061\006\107\006\047\006\314\000\040\006\176\006\047\006\104\006\063\000\040\006\050\006\047\000\040\000G\000L\000L\000P}{section.11.2}% 371
\BOOKMARK [1][-]{section.11.3}{\376\377\006\052\006\055\006\104\006\314\006\104\000\040\006\105\006\071\006\105\006\047\006\061\006\314\000\040\006\110\000\040\006\063\006\047\006\056\006\052\006\047\006\061\000\040\006\057\006\047\006\057\006\107\040\014\006\107\006\047}{chapter.11}% 372
\BOOKMARK [2][-]{subsection.11.3.1}{\376\377\000D\000E\000F\000A\000U\000L\000T\000\137\000C\000O\000N\000F\000I\000G\000\040\006\110\000\040\000D\000E\000F\000A\000U\000L\000T\000\137\000S\000W\000E\000E\000P\000S}{section.11.3}% 373
\BOOKMARK [2][-]{subsection.11.3.2}{\376\377\006\047\006\104\006\257\006\110\006\314\000\040\000A\000d\000a\000p\000t\000e\000r\000:\000\040\006\052\006\110\006\047\006\050\006\071\000\040\000b\000u\000i\000l\000d\000\137\000*}{section.11.3}% 374
\BOOKMARK [2][-]{subsection.11.3.3}{\376\377\006\052\006\047\006\050\006\071\000\040\000p\000a\000r\000s\000e\000\137\000e\000n\000u\000m\000\040\006\110\000\040\006\314\006\251\006\176\006\047\006\061\006\206\006\107\040\014\006\063\006\047\006\062\006\314\000\040\000E\000n\000u\000m}{section.11.3}% 375
\BOOKMARK [2][-]{subsection.11.3.4}{\376\377\006\251\006\104\006\047\006\063\000\040\000\137\000W\000o\000r\000k\000e\000r\000S\000t\000a\000t\000e\000\040\006\110\000\040\006\047\006\104\006\257\006\110\006\314\000\040\000S\000t\000a\000t\000e\000\040\000E\000n\000c\000a\000p\000s\000u\000l\000a\000t\000i\000o\000n}{section.11.3}% 376
\BOOKMARK [2][-]{subsection.11.3.5}{\376\377\006\063\006\047\006\056\006\052\006\047\006\061\000\040\006\057\006\047\006\057\006\107\040\014\006\314\000\040\000T\000a\000l\000l\000y\000C\000o\000u\000n\000t\000s}{section.11.3}% 377
\BOOKMARK [2][-]{subsection.11.3.6}{\376\377\000S\000i\000m\000u\000l\000a\000t\000i\000o\000n\000R\000e\000s\000u\000l\000t\000s\000\040\006\050\006\107\000\040\006\071\006\106\006\110\006\047\006\106\000\040\006\056\006\061\006\110\006\054\006\314\000\040\006\054\006\047\006\105\006\071}{section.11.3}% 378
\BOOKMARK [2][-]{subsection.11.3.7}{\376\377\000D\000E\000T\000E\000C\000T\000O\000R\000\137\000M\000E\000T\000A\000D\000A\000T\000A\000\137\000K\000E\000Y\000S\006\014\000\040\000D\000E\000T\000E\000C\000T\000O\000R\000\137\000O\000V\000E\000R\000R\000I\000D\000E\000\137\000K\000E\000Y\000S\000\040\006\110\000\040\000P\000A\000R\000A\000M\000S\000\137\000M\000E\000T\000A\000D\000A\000T\000A\000\137\000K\000E\000Y\000S}{section.11.3}% 379
\BOOKMARK [2][-]{subsection.11.3.8}{\376\377\006\047\006\104\006\257\006\110\006\314\000\040\000S\000i\000m\000P\000a\000r\000a\000m\000s\000:\000\040\000C\000h\000a\000n\000n\000e\000l\000S\000i\000m\000P\000a\000r\000a\000m\000s\006\014\000\040\000S\000o\000u\000r\000c\000e\000S\000i\000m\000P\000a\000r\000a\000m\000s\006\014\000\040\000D\000e\000t\000e\000c\000t\000o\000r\000S\000i\000m\000P\000a\000r\000a\000m\000s}{section.11.3}% 380
\BOOKMARK [1][-]{section.11.4}{\376\377\006\176\006\314\006\047\006\057\006\107\040\014\006\063\006\047\006\062\006\314\000\040\006\061\006\314\006\047\006\066\006\314\000\040\006\110\000\040\006\047\006\104\006\257\006\110\006\061\006\314\006\052\006\105\006\314}{chapter.11}% 381
\BOOKMARK [2][-]{subsection.11.4.1}{\376\377\006\052\006\047\006\050\006\071\000\040\000s\000e\000t\000\137\000n\000e\000s\000t\000e\000d\000\137\000v\000a\000l\000u\000e\000:\000\040\006\047\006\071\006\105\006\047\006\104\000\040\000o\000v\000e\000r\000r\000i\000d\000e\000s\000\040\006\061\006\110\006\314\000\040\006\176\006\314\006\251\006\061\006\050\006\106\006\057\006\314\000\040\006\052\006\110\006\057\006\061\006\052\006\110}{section.11.4}% 382
\BOOKMARK [2][-]{subsection.11.4.2}{\376\377\006\052\006\047\006\050\006\071\000\040\000b\000u\000i\000l\000d\000\137\000e\000p\000s\000i\000l\000o\000n\000\137\000a\000l\000l\000o\000c\000a\000t\000i\000o\000n\000:\000\040\006\047\006\071\006\052\006\050\006\047\006\061\006\063\006\106\006\054\006\314\000\040\006\050\006\110\006\057\006\054\006\300\000\040\006\047\006\105\006\106\006\314\006\052\006\314}{section.11.4}% 383
\BOOKMARK [2][-]{subsection.11.4.3}{\376\377\006\052\006\047\006\050\006\071\000\040\000b\000u\000i\000l\000d\000\137\000o\000p\000t\000i\000c\000a\000l\000\137\000s\000o\000u\000r\000c\000e\000\137\000c\000o\000n\000f\000i\000g\000:\000\040\006\047\006\063\006\052\006\106\006\052\006\047\006\054\000\040\000s\000o\000u\000r\000c\000e\000\137\000r\000a\000t\000e}{section.11.4}% 384
\BOOKMARK [2][-]{subsection.11.4.4}{\376\377\006\052\006\047\006\050\006\071\000\040\000b\000u\000i\000l\000d\000\137\000d\000e\000t\000e\000c\000t\000o\000r\000:\000\040\006\047\006\104\006\257\006\110\006\314\000\040\000f\000r\000o\000m\000\137\000c\000o\000n\000f\000i\000g\000\137\000d\000i\000c\000t}{section.11.4}% 385
\BOOKMARK [2][-]{subsection.11.4.5}{\376\377\006\052\006\047\006\050\006\071\000\040\000t\000a\000l\000l\000y\000\137\000c\000o\000u\000n\000t\000s\000\137\000f\000r\000o\000m\000\137\000s\000i\000f\000t\000i\000n\000g\000\137\000r\000e\000s\000u\000l\000t\000s}{section.11.4}% 386
\BOOKMARK [2][-]{subsection.11.4.6}{\376\377\006\052\006\047\006\050\006\071\000\040\000\137\000c\000o\000m\000p\000u\000t\000e\000\137\000r\000a\000m\000a\000n\000\137\000d\000a\000r\000k\000\137\000r\000a\000t\000e\000\137\000h\000z\000:\000\040\006\106\006\110\006\314\006\062\000\040\000R\000a\000m\000a\000n}{section.11.4}% 387
\BOOKMARK [2][-]{subsection.11.4.7}{\376\377\006\052\006\047\006\050\006\071\000\040\000\137\000c\000o\000m\000p\000u\000t\000e\000\137\000r\000o\000g\000e\000r\000s\000\137\000a\000n\000a\000l\000y\000t\000i\000c\000\137\000s\000b\000r}{section.11.4}% 388
\BOOKMARK [2][-]{subsection.11.4.8}{\376\377\006\052\006\047\006\050\006\071\000\040\000\137\000b\000a\000l\000a\000n\000c\000e\000\137\000d\000e\000c\000o\000y\000\137\000p\000r\000o\000b\000a\000b\000i\000l\000i\000t\000i\000e\000s}{section.11.4}% 389
\BOOKMARK [2][-]{subsection.11.4.9}{\376\377\006\052\006\047\006\050\006\071\000\040\000\137\000o\000p\000t\000i\000m\000i\000z\000e\000\137\000p\000u\000l\000s\000e\000s\000\137\000f\000o\000r\000\137\000d\000i\000s\000t\000a\000n\000c\000e\000:\000\040\006\050\006\107\006\314\006\106\006\107\040\014\006\063\006\047\006\062\006\314\000\040\006\176\006\047\006\104\006\063}{section.11.4}% 390
\BOOKMARK [2][-]{subsection.11.4.10}{\376\377\006\052\006\047\006\050\006\071\000\040\000i\000n\000i\000t\000\137\000w\000o\000r\000k\000e\000r\000\040\006\110\000\040\006\047\006\104\006\257\006\110\006\314\000\040\000i\000n\000i\000t\000i\000a\000l\000i\000z\000e\000r}{section.11.4}% 391
\BOOKMARK [2][-]{subsection.11.4.11}{\376\377\006\052\006\047\006\050\006\071\000\040\000r\000u\000n\000\137\000s\000i\000n\000g\000l\000e\000\137\000s\000i\000m\000u\000l\000a\000t\000i\000o\000n\000:\000\040\006\107\006\063\006\052\006\300\000\040\006\047\006\065\006\104\006\314}{section.11.4}% 392
\BOOKMARK [2][-]{subsection.11.4.12}{\376\377\006\105\006\057\006\314\006\061\006\314\006\052\000\040\000A\000P\000I\000\040\006\105\006\052\006\101\006\047\006\110\006\052\000\040\006\251\006\104\006\047\006\063\040\014\006\107\006\047\006\314\000\040\006\047\006\053\006\050\006\047\006\052}{section.11.4}% 393
\BOOKMARK [2][-]{subsection.11.4.13}{\376\377\006\105\006\057\006\314\006\061\006\314\006\052\000\040\006\056\006\067\006\047\000\040\006\110\000\040\006\063\006\047\006\056\006\052\000\040\006\061\006\057\006\314\006\101\000\040\000C\000S\000V\000\040\006\056\006\067\006\047}{section.11.4}% 394
\BOOKMARK [2][-]{subsection.11.4.14}{\376\377\006\052\006\047\006\050\006\071\000\040\000r\000u\000n\000\137\000a\000n\000d\000\137\000s\000a\000v\000e\000\137\000c\000s\000v\000:\000\040\006\107\006\105\006\047\006\107\006\106\006\257\040\014\006\251\006\106\006\106\006\057\006\107\000\040\006\047\006\065\006\104\006\314}{section.11.4}% 395
\BOOKMARK [2][-]{subsection.11.4.15}{\376\377\006\105\006\055\006\047\006\063\006\050\006\300\000\040\000Q\000B\000E\000R\000\040\006\047\006\065\006\104\006\047\006\055\040\014\006\064\006\057\006\107\000\040\006\110\000\040\006\101\006\047\006\065\006\104\006\300\000\040\006\047\006\067\006\105\006\314\006\106\006\047\006\106}{section.11.4}% 396
\BOOKMARK [2][-]{subsection.11.4.16}{\376\377\006\047\006\063\006\052\006\101\006\047\006\057\006\107\000\040\006\047\006\062\000\040\000d\000i\000s\000p\000a\000t\000c\000h\000\137\000w\000o\000r\000k\000\137\000i\000t\000e\000m\000s}{section.11.4}% 397
\BOOKMARK [2][-]{subsection.11.4.17}{\376\377\006\052\006\047\006\050\006\071\000\040\000b\000u\000i\000l\000d\000\137\000p\000n\000\137\000l\000o\000o\000k\000u\000p\000\137\000t\000a\000b\000l\000e}{section.11.4}% 398
\BOOKMARK [2][-]{subsection.11.4.18}{\376\377\006\052\006\110\006\047\006\050\006\071\000\040\000l\000o\000g\000\137\000s\000o\000u\000r\000c\000e\000\137\000d\000e\000t\000a\000i\000l\000s\000\040\006\110\000\040\000l\000o\000g\000\137\000d\000e\000t\000e\000c\000t\000o\000r\000\137\000d\000e\000t\000a\000i\000l\000s}{section.11.4}% 399
\BOOKMARK [2][-]{subsection.11.4.19}{\376\377\006\052\006\110\006\047\006\050\006\071\000\040\006\251\006\105\006\251\006\314\000\040\000p\000i\000p\000e\000l\000i\000n\000e}{section.11.4}% 400
\BOOKMARK [2][-]{subsection.11.4.20}{\376\377\006\047\006\104\006\257\006\110\006\314\000\040\000\137\000\137\000m\000a\000i\000n\000\137\000\137\000\040\006\110\000\040\000C\000L\000I}{section.11.4}% 401
\BOOKMARK [1][-]{section.11.5}{\376\377\006\047\006\061\006\063\006\047\006\104\000\040\006\110\000\040\006\057\006\061\006\314\006\047\006\101\006\052\000\040\006\050\006\047\000\040\006\063\006\047\006\314\006\061\000\040\006\105\006\047\006\230\006\110\006\104\040\014\006\107\006\047}{chapter.11}% 402
\BOOKMARK [2][-]{subsection.11.5.1}{\376\377\006\110\006\061\006\110\006\057\006\314\040\014\006\107\006\047\006\314\000\040\006\047\006\065\006\104\006\314\000\040\006\105\006\047\006\230\006\110\006\104}{section.11.5}% 403
\BOOKMARK [2][-]{subsection.11.5.2}{\376\377\006\056\006\061\006\110\006\054\006\314\040\014\006\107\006\047\006\314\000\040\006\047\006\065\006\104\006\314\000\040\006\105\006\047\006\230\006\110\006\104}{section.11.5}% 404
\BOOKMARK [2][-]{subsection.11.5.3}{\376\377\006\052\006\071\006\047\006\105\006\104\000\040\006\050\006\047\000\040\006\105\006\047\006\230\006\110\006\104\000\040\000q\000k\000d\000.\000s\000o\000u\000r\000c\000e\000s}{section.11.5}% 405
\BOOKMARK [2][-]{subsection.11.5.4}{\376\377\006\052\006\071\006\047\006\105\006\104\000\040\006\050\006\047\000\040\006\105\006\047\006\230\006\110\006\104\000\040\000q\000k\000d\000.\000d\000e\000t\000e\000c\000t\000o\000r\000s}{section.11.5}% 406
\BOOKMARK [2][-]{subsection.11.5.5}{\376\377\006\052\006\071\006\047\006\105\006\104\000\040\006\050\006\047\000\040\006\105\006\047\006\230\006\110\006\104\000\040\000q\000k\000d\000.\000c\000h\000a\000n\000n\000e\000l}{section.11.5}% 407
\BOOKMARK [2][-]{subsection.11.5.6}{\376\377\006\052\006\071\006\047\006\105\006\104\000\040\006\050\006\047\000\040\006\105\006\047\006\230\006\110\006\104\000\040\000q\000k\000d\000.\000p\000r\000o\000t\000o\000c\000o\000l\000s}{section.11.5}% 408
\BOOKMARK [2][-]{subsection.11.5.7}{\376\377\006\052\006\071\006\047\006\105\006\104\000\040\006\050\006\047\000\040\006\105\006\047\006\230\006\110\006\104\040\014\006\107\006\047\006\314\000\040\006\047\006\053\006\050\006\047\006\052\000\040\006\047\006\105\006\106\006\314\006\052\006\314}{section.11.5}% 409
\BOOKMARK [2][-]{subsection.11.5.8}{\376\377\006\052\006\071\006\047\006\105\006\104\000\040\006\050\006\047\000\040\006\105\006\047\006\230\006\110\006\104\000\040\000m\000a\000i\000n\000\137\000o\000p\000t\000i\000m\000i\000z\000e\000d\000\137\000d\000i\000s\000p\000a\000t\000c\000h}{section.11.5}% 410
\BOOKMARK [2][-]{subsection.11.5.9}{\376\377\006\052\006\071\006\047\006\105\006\104\000\040\006\050\006\047\000\040\000q\000k\000d\000.\000p\000a\000r\000a\000m\000s\006\014\000\040\000q\000k\000d\000.\000i\000o\006\014\000\040\000q\000k\000d\000.\000e\000x\000c\000e\000p\000t\000i\000o\000n\000s\000\040\006\110\000\040\000q\000k\000d\000.\000d\000a\000t\000a\000t\000y\000p\000e\000s}{section.11.5}% 411
\BOOKMARK [2][-]{subsection.11.5.10}{\376\377\006\105\006\057\006\314\006\061\006\314\006\052\000\040\006\056\006\067\006\047\000\040\006\110\000\040\006\052\006\050\006\057\006\314\006\104\000\040\006\047\006\063\006\052\006\053\006\106\006\047}{section.11.5}% 412
\BOOKMARK [2][-]{subsection.11.5.11}{\376\377\006\105\006\057\006\314\006\061\006\314\006\052\000\040\000K\000e\000y\000b\000o\000a\000r\000d\000I\000n\000t\000e\000r\000r\000u\000p\000t}{section.11.5}% 413
\BOOKMARK [2][-]{subsection.11.5.12}{\376\377\006\106\006\102\006\064\000\040\006\105\006\047\006\230\006\110\006\104\000\040\006\057\006\061\000\040\006\047\006\251\006\110\006\063\006\314\006\063\006\052\006\105\000\040\006\251\006\104\006\314}{section.11.5}% 414
\BOOKMARK [0][-]{chapter.12}{\376\377\006\104\006\047\006\314\006\107\000\040\006\064\006\050\006\251\006\107\000\040\000Q\000K\000D\000\040\006\110\000\040\006\105\006\063\006\314\006\061\006\314\006\047\006\050\006\314}{part.3}% 415
\BOOKMARK [1][-]{section.12.1}{\376\377\006\106\006\105\006\047\006\314\000\040\006\251\006\104\006\314\000\040\006\110\000\040\006\107\006\057\006\101\000\040\006\105\006\047\006\230\006\110\006\104}{chapter.12}% 416
\BOOKMARK [1][-]{section.12.2}{\376\377\006\105\006\050\006\047\006\106\006\314\000\040\006\052\006\046\006\110\006\061\006\314\000\040\006\110\000\040\006\101\006\314\006\062\006\314\006\251\006\314}{chapter.12}% 417
\BOOKMARK [2][-]{subsection.12.2.1}{\376\377\006\105\006\057\006\104\000\040\006\251\006\047\006\106\006\047\006\104\000\040\006\101\006\314\006\050\006\061\000\040\006\106\006\110\006\061\006\314\000\040\006\110\000\040\006\047\006\106\006\052\006\102\006\047\006\104}{section.12.2}% 418
\BOOKMARK [2][-]{subsection.12.2.2}{\376\377\006\105\006\057\006\104\000\040\006\056\006\067\006\047\006\314\000\040\006\251\006\110\006\047\006\106\006\052\006\110\006\105\006\314\000\040\000\050\000Q\000B\000E\000R\000\051}{section.12.2}% 419
\BOOKMARK [2][-]{subsection.12.2.3}{\376\377\006\042\006\106\006\052\006\061\006\110\006\176\006\314\000\040\006\050\006\047\006\314\006\106\006\061\006\314\000\040\006\110\000\040\006\251\006\063\006\061\000\040\006\047\006\105\006\106\000\040\006\251\006\104\006\314\006\057}{section.12.2}% 420
\BOOKMARK [2][-]{subsection.12.2.4}{\376\377\006\105\006\057\006\104\000\040\006\047\006\063\006\052\006\056\006\061\000\040\006\251\006\104\006\314\006\057\000\040\006\110\000\040\006\101\006\064\006\047\006\061\000\040\000\050\000P\000o\000o\000l\000\040\000P\000r\000e\000s\000s\000u\000r\000e\000\051}{section.12.2}% 421
\BOOKMARK [2][-]{subsection.12.2.5}{\376\377\006\052\006\047\006\050\006\071\000\040\006\107\006\062\006\314\006\106\006\107\000\040\000S\000P\000F\000+\000\040\006\110\000\040\006\047\006\104\006\257\006\110\006\061\006\314\006\052\006\105\000\040\000D\000i\000j\000k\000s\000t\000r\000a}{section.12.2}% 422
\BOOKMARK [2][-]{subsection.12.2.6}{\376\377\006\176\006\061\006\110\006\052\006\251\006\104\000\040\000T\000r\000u\000s\000t\000e\000d\000\040\000R\000e\000l\000a\000y\000\040\006\105\006\050\006\052\006\106\006\314\000\040\006\050\006\061\000\040\000X\000O\000R}{section.12.2}% 423
\BOOKMARK [2][-]{subsection.12.2.7}{\376\377\006\063\006\110\006\314\006\314\006\206\040\014\006\107\006\047\006\314\000\040\006\106\006\110\006\061\006\314\000\040\006\110\000\040\006\176\006\314\006\251\006\061\006\050\006\106\006\057\006\314\000\040\006\176\006\110\006\314\006\047}{section.12.2}% 424
\BOOKMARK [1][-]{section.12.3}{\376\377\006\052\006\055\006\104\006\314\006\104\000\040\006\105\006\071\006\105\006\047\006\061\006\314\000\040\006\110\000\040\006\063\006\047\006\056\006\052\006\047\006\061\000\040\006\057\006\047\006\057\006\107\040\014\006\107\006\047}{chapter.12}% 425
\BOOKMARK [2][-]{subsection.12.3.1}{\376\377\006\064\006\105\006\047\006\061\006\064\040\014\006\107\006\047\000\040\000\050\000E\000n\000u\000m\000s\000\051\000\040\006\110\000\040\006\053\006\047\006\050\006\052\040\014\006\107\006\047\006\314\000\040\006\063\006\061\006\047\006\063\006\061\006\314}{section.12.3}% 426
\BOOKMARK [2][-]{subsection.12.3.2}{\376\377\006\057\006\047\006\057\006\107\040\014\006\251\006\104\006\047\006\063\000\040\000K\000e\000y\000B\000l\000o\000c\000k}{section.12.3}% 427
\BOOKMARK [2][-]{subsection.12.3.3}{\376\377\006\251\006\104\006\047\006\063\000\040\000K\000e\000y\000P\000o\000o\000l\000\040\006\110\000\040\006\105\006\057\006\314\006\061\006\314\006\052\000\040\006\206\006\061\006\056\006\107\000\040\006\055\006\314\006\047\006\052}{section.12.3}% 428
\BOOKMARK [2][-]{subsection.12.3.4}{\376\377\006\251\006\104\006\047\006\063\000\040\000Q\000K\000D\000L\000i\000n\000k\000\040\006\110\000\040\006\052\006\047\006\050\006\071\000\040\006\107\006\062\006\314\006\106\006\107}{section.12.3}% 429
\BOOKMARK [2][-]{subsection.12.3.5}{\376\377\006\251\006\104\006\047\006\063\000\040\000O\000p\000t\000i\000c\000a\000l\000S\000w\000i\000t\000c\000h}{section.12.3}% 430
\BOOKMARK [2][-]{subsection.12.3.6}{\376\377\006\063\006\104\006\063\006\104\006\107\040\014\006\105\006\061\006\047\006\052\006\050\000\040\006\251\006\104\006\047\006\063\040\014\006\107\006\047\006\314\000\040\006\257\006\061\006\107}{section.12.3}% 431
\BOOKMARK [2][-]{subsection.12.3.7}{\376\377\006\064\006\050\006\314\006\107\040\014\006\063\006\047\006\062\006\107\006\047\006\314\000\040\000Q\000K\000D}{section.12.3}% 432
\BOOKMARK [2][-]{subsection.12.3.8}{\376\377\006\047\006\061\006\251\006\063\006\052\006\061\006\047\006\052\006\110\006\061\000\040\000K\000M\000S\000\040\006\110\000\040\006\251\006\104\006\047\006\063\000\040\000Q\000K\000D\000N\000e\000t\000w\000o\000r\000k\0007\000N\000o\000d\000e\000s}{section.12.3}% 433
\BOOKMARK [1][-]{section.12.4}{\376\377\006\176\006\314\006\047\006\057\006\107\040\014\006\063\006\047\006\062\006\314\000\040\006\061\006\314\006\047\006\066\006\314\000\040\006\110\000\040\006\047\006\104\006\257\006\110\006\061\006\314\006\052\006\105\006\314}{chapter.12}% 434
\BOOKMARK [2][-]{subsection.12.4.1}{\376\377\006\050\006\047\006\061\006\257\006\060\006\047\006\061\006\314\000\040\006\176\006\110\006\314\006\047\006\314\000\040\006\105\006\110\006\052\006\110\006\061\000\040\006\101\006\314\006\062\006\314\006\251\006\314}{section.12.4}% 435
\BOOKMARK [2][-]{subsection.12.4.2}{\376\377\006\105\006\055\006\047\006\063\006\050\006\107\000\040\006\106\006\061\006\056\000\040\006\251\006\104\006\314\006\057\000\040\006\057\006\061\000\040\006\064\006\050\006\314\006\107\040\014\006\063\006\047\006\062\000\040\006\042\006\105\006\047\006\061\006\314}{section.12.4}% 436
\BOOKMARK [2][-]{subsection.12.4.3}{\376\377\006\047\006\054\006\061\006\047\006\107\006\047\006\314\000\040\006\105\006\110\006\052\006\110\006\061\000\040\006\056\006\067\000\040\006\104\006\110\006\104\006\107}{section.12.4}% 437
\BOOKMARK [2][-]{subsection.12.4.4}{\376\377\006\047\006\104\006\257\006\110\006\061\006\314\006\052\006\105\000\040\000S\000P\000F\000+\000\040\006\110\000\040\006\176\006\314\006\047\006\057\006\107\040\014\006\063\006\047\006\062\006\314\000\040\000D\000i\000j\000k\000s\000t\000r\000a}{section.12.4}% 438
\BOOKMARK [2][-]{subsection.12.4.5}{\376\377\006\057\006\061\006\056\006\110\006\047\006\063\006\052\000\040\006\251\006\104\006\314\006\057\000\040\006\056\006\057\006\105\006\052\000\040\006\110\000\040\006\061\006\104\006\107\000\040\006\102\006\047\006\050\006\104\040\014\006\047\006\071\006\052\006\105\006\047\006\057}{section.12.4}% 439
\BOOKMARK [2][-]{subsection.12.4.6}{\376\377\006\105\006\057\006\314\006\061\006\314\006\052\000\040\006\106\006\064\006\063\006\052\000\040\000Q\000K\000D\000\040\006\110\000\040\006\176\006\061\000\040\006\251\006\061\006\057\006\106\000\040\006\047\006\063\006\052\006\056\006\061}{section.12.4}% 440
\BOOKMARK [2][-]{subsection.12.4.7}{\376\377\006\251\006\047\006\104\006\314\006\050\006\061\006\047\006\063\006\314\006\110\006\106\000\040\006\050\006\061\006\047\006\314\000\040\006\106\006\110\006\071\000\040\006\064\006\050\006\314\006\107\040\014\006\063\006\047\006\062}{section.12.4}% 441
\BOOKMARK [1][-]{section.12.5}{\376\377\006\047\006\061\006\063\006\047\006\104\000\040\006\110\000\040\006\057\006\061\006\314\006\047\006\101\006\052\000\040\006\050\006\047\000\040\006\063\006\047\006\314\006\061\000\040\006\105\006\047\006\230\006\110\006\104\040\014\006\107\006\047}{chapter.12}% 442
\BOOKMARK [2][-]{subsection.12.5.1}{\376\377\006\110\006\047\006\050\006\063\006\052\006\257\006\314\000\040\006\050\006\107\000\040\006\105\006\110\006\052\006\110\006\061\000\040\006\101\006\314\006\062\006\314\006\251\006\314\000\040\000m\000a\000i\000n\000\137\000o\000p\000t\000i\000m\000i\000z\000e\000d\000.\000p\000y}{section.12.5}% 443
\BOOKMARK [2][-]{subsection.12.5.2}{\376\377\006\110\006\061\006\110\006\057\006\314\040\014\006\107\006\047\000\040\006\050\006\107\000\040\006\105\006\047\006\230\006\110\006\104}{section.12.5}% 444
\BOOKMARK [2][-]{subsection.12.5.3}{\376\377\006\056\006\061\006\110\006\054\006\314\040\014\006\107\006\047\000\040\006\110\000\040\006\257\006\062\006\047\006\061\006\064\040\014\006\257\006\314\006\061\006\314}{section.12.5}% 445
\BOOKMARK [2][-]{subsection.12.5.4}{\376\377\006\314\006\251\006\176\006\047\006\061\006\206\006\107\040\014\006\063\006\047\006\062\006\314\000\040\006\050\006\047\000\040\006\047\006\065\006\104\006\047\006\055\006\047\006\052\000\040\000F\000-\0000\0001\000\040\006\052\006\047\000\040\000F\000-\0002\0002}{section.12.5}% 446
\BOOKMARK [2][-]{subsection.12.5.5}{\376\377\006\061\006\101\006\052\006\047\006\061\000\040\006\057\006\061\000\040\006\055\006\047\006\104\006\052\000\040\006\056\006\061\006\047\006\050\006\314\000\040\006\110\000\040\006\050\006\047\006\062\006\314\006\047\006\050\006\314}{section.12.5}% 447
\BOOKMARK [2][-]{subsection.12.5.6}{\376\377\006\061\006\101\006\052\006\047\006\061\000\040\006\055\006\047\006\101\006\070\006\107\000\040\006\110\000\040\006\251\006\047\006\061\006\047\006\314\006\314}{section.12.5}% 448
\BOOKMARK [-1][-]{part.4}{\376\377\006\206\006\107\006\047\006\061\006\105\000\040\006\047\006\071\006\052\006\050\006\047\006\061\006\063\006\106\006\054\006\314\000\040\006\110\000\040\006\042\006\062\006\105\006\110\006\106}{}% 449
\BOOKMARK [0][-]{chapter.13}{\376\377\006\047\006\071\006\052\006\050\006\047\006\061\006\063\006\106\006\054\006\314\000\040\006\104\006\047\006\314\006\107\000\040\006\101\006\314\006\062\006\314\006\251\006\314}{part.4}% 450
\BOOKMARK [1][-]{section.13.1}{\376\377\006\106\006\105\006\047\006\314\000\040\006\251\006\104\006\314\000\040\006\110\000\040\006\107\006\057\006\101\000\040\006\105\006\047\006\230\006\110\006\104}{chapter.13}% 451
\BOOKMARK [1][-]{section.13.2}{\376\377\006\105\006\050\006\047\006\106\006\314\000\040\006\052\006\046\006\110\006\061\006\314\000\040\006\110\000\040\006\101\006\314\006\062\006\314\006\251\006\314}{chapter.13}% 452
\BOOKMARK [2][-]{subsection.13.2.1}{\376\377\006\251\006\047\006\106\006\047\006\104\000\040\006\101\006\314\006\050\006\061\000\040\006\106\006\110\006\061\006\314\000\040\006\110\000\040\006\102\006\047\006\106\006\110\006\106\000\040\000B\000e\000e\000r\000-\000L\000a\000m\000b\000e\000r\000t}{section.13.2}% 453
\BOOKMARK [2][-]{subsection.13.2.2}{\376\377\006\105\006\106\006\050\006\071\000\040\000W\000e\000a\000k\000\040\000C\000o\000h\000e\000r\000e\000n\000t\000\040\000P\000u\000l\000s\000e\000\040\006\110\000\040\006\052\006\110\006\062\006\314\006\071\000\040\000P\000o\000i\000s\000s\000o\000n}{section.13.2}% 454
\BOOKMARK [2][-]{subsection.13.2.3}{\376\377\006\105\006\106\006\050\006\071\000\040\000T\000h\000e\000r\000m\000a\000l\000\040\006\110\000\040\006\052\006\110\006\062\006\314\006\071\000\040\000B\000o\000s\000e\000-\000E\000i\000n\000s\000t\000e\000i\000n}{section.13.2}% 455
\BOOKMARK [2][-]{subsection.13.2.4}{\376\377\006\105\006\057\006\104\000\040\000Q\000B\000E\000R\000\040\006\050\006\061\006\047\006\314\000\040\006\105\006\106\006\050\006\071\000\040\000P\000o\000i\000s\000s\000o\000n}{section.13.2}% 456
\BOOKMARK [2][-]{subsection.13.2.5}{\376\377\006\105\006\057\006\104\000\040\000D\000e\000a\000d\000\040\000T\000i\000m\000e\000\040\006\042\006\064\006\251\006\047\006\061\006\063\006\047\006\062\000\040\000S\000P\000A\000D}{section.13.2}% 457
\BOOKMARK [2][-]{subsection.13.2.6}{\376\377\006\042\006\062\006\105\006\110\006\106\000\040\006\042\006\105\006\047\006\061\006\314\000\040\000Z\000-\000t\000e\000s\000t\000\040\006\057\006\110\006\057\006\110\006\314\006\314}{section.13.2}% 458
\BOOKMARK [1][-]{section.13.3}{\376\377\006\052\006\055\006\104\006\314\006\104\000\040\006\105\006\071\006\105\006\047\006\061\006\314\000\040\006\110\000\040\006\063\006\047\006\056\006\052\006\047\006\061\000\040\006\057\006\047\006\057\006\107\040\014\006\107\006\047}{chapter.13}% 459
\BOOKMARK [2][-]{subsection.13.3.1}{\376\377\006\063\006\047\006\056\006\052\006\047\006\061\000\040\006\251\006\104\006\314\000\040\006\105\006\047\006\230\006\110\006\104}{section.13.3}% 460
\BOOKMARK [2][-]{subsection.13.3.2}{\376\377\006\052\006\110\006\047\006\050\006\071\000\040\006\052\006\055\006\104\006\314\006\104\006\314\000\040\000c\000h\000a\000n\000n\000e\000l\000\137\000t\000r\000a\000n\000s\000m\000i\000t\000t\000a\000n\000c\000e}{section.13.3}% 461
\BOOKMARK [2][-]{subsection.13.3.3}{\376\377\006\052\006\110\006\047\006\050\006\071\000\040\006\052\006\055\006\104\006\314\006\104\006\314\000\040\000Q\000\137\000m\000u\000\137\000p\000o\000i\000s\000s\000o\000n\000\040\006\110\000\040\000Q\000\137\000m\000u\000\137\000t\000h\000e\000r\000m\000a\000l}{section.13.3}% 462
\BOOKMARK [2][-]{subsection.13.3.4}{\376\377\006\052\006\047\006\050\006\071\000\040\006\052\006\055\006\104\006\314\006\104\006\314\000\040\000E\000\137\000m\000u\000\137\000p\000o\000i\000s\000s\000o\000n}{section.13.3}% 463
\BOOKMARK [2][-]{subsection.13.3.5}{\376\377\006\052\006\047\006\050\006\071\000\040\006\052\006\055\006\104\006\314\006\104\006\314\000\040\000d\000e\000a\000d\000\137\000t\000i\000m\000e\000\137\000c\000o\000r\000r\000e\000c\000t\000i\000o\000n}{section.13.3}% 464
\BOOKMARK [2][-]{subsection.13.3.6}{\376\377\006\052\006\047\006\050\006\071\000\040\006\042\006\062\006\105\006\110\006\106\000\040\006\042\006\105\006\047\006\061\006\314\000\040\000v\000a\000l\000i\000d\000a\000t\000e\000\137\000s\000t\000a\000t\000i\000s\000t\000i\000c}{section.13.3}% 465
\BOOKMARK [2][-]{subsection.13.3.7}{\376\377\006\052\006\047\006\050\006\071\000\040\006\047\006\054\006\061\006\047\006\314\000\040\006\064\006\050\006\314\006\107\040\014\006\063\006\047\006\062\006\314\000\040\000r\000u\000n\000\137\000i\000s\000o\000l\000a\000t\000e\000d\000\137\000s\000i\000m\000u\000l\000a\000t\000i\000o\000n}{section.13.3}% 466
\BOOKMARK [1][-]{section.13.4}{\376\377\006\176\006\314\006\047\006\057\006\107\040\014\006\063\006\047\006\062\006\314\000\040\006\061\006\314\006\047\006\066\006\314\000\040\006\110\000\040\006\047\006\104\006\257\006\110\006\061\006\314\006\052\006\105\006\314}{chapter.13}% 467
\BOOKMARK [2][-]{subsection.13.4.1}{\376\377\006\047\006\104\006\257\006\110\006\061\006\314\006\052\006\105\000\040\000T\000E\000S\000T\000\040\0001\000:\000\040\006\047\006\071\006\052\006\050\006\047\006\061\006\063\006\106\006\054\006\314\000\040\006\105\006\106\006\050\006\071\000\040\000P\000o\000i\000s\000s\000o\000n}{section.13.4}% 468
\BOOKMARK [2][-]{subsection.13.4.2}{\376\377\006\047\006\104\006\257\006\110\006\061\006\314\006\052\006\105\000\040\000T\000E\000S\000T\000\040\0002\000:\000\040\006\047\006\071\006\052\006\050\006\047\006\061\006\063\006\106\006\054\006\314\000\040\006\105\006\106\006\050\006\071\000\040\000T\000h\000e\000r\000m\000a\000l}{section.13.4}% 469
\BOOKMARK [2][-]{subsection.13.4.3}{\376\377\006\047\006\104\006\257\006\110\006\061\006\314\006\052\006\105\000\040\000T\000E\000S\000T\000\040\0003\000:\000\040\006\047\006\071\006\052\006\050\006\047\006\061\006\063\006\106\006\054\006\314\000\040\000D\000e\000a\000d\000\040\000T\000i\000m\000e\000\040\006\105\006\063\006\052\006\102\006\104\000\040\000S\000P\000A\000D}{section.13.4}% 470
\BOOKMARK [2][-]{subsection.13.4.4}{\376\377\006\105\006\055\006\047\006\063\006\050\006\107\000\040\000Q\000-\000s\000c\000o\000r\000e\000\040\006\110\000\040\006\042\006\063\006\052\006\047\006\106\006\107\000\040\006\050\006\055\006\061\006\047\006\106\006\314}{section.13.4}% 471
\BOOKMARK [2][-]{subsection.13.4.5}{\376\377\006\052\006\055\006\104\006\314\006\104\000\040\006\176\006\314\006\206\006\314\006\057\006\257\006\314\000\040\006\110\000\040\006\251\006\047\006\061\006\047\006\314\006\314}{section.13.4}% 472
\BOOKMARK [1][-]{section.13.5}{\376\377\006\047\006\061\006\063\006\047\006\104\000\040\006\110\000\040\006\057\006\061\006\314\006\047\006\101\006\052\000\040\006\050\006\047\000\040\006\063\006\047\006\314\006\061\000\040\006\105\006\047\006\230\006\110\006\104\040\014\006\107\006\047}{chapter.13}% 473
\BOOKMARK [2][-]{subsection.13.5.1}{\376\377\006\110\006\047\006\050\006\063\006\052\006\257\006\314\000\040\006\050\006\107\000\040\000m\000a\000i\000n\000\137\000o\000p\000t\000i\000m\000i\000z\000e\000d\000.\000p\000y}{section.13.5}% 474
\BOOKMARK [2][-]{subsection.13.5.2}{\376\377\006\110\006\061\006\110\006\057\006\314\040\014\006\107\006\047\006\314\000\040\006\105\006\047\006\230\006\110\006\104}{section.13.5}% 475
\BOOKMARK [2][-]{subsection.13.5.3}{\376\377\006\056\006\061\006\110\006\054\006\314\040\014\006\107\006\047\006\314\000\040\006\105\006\047\006\230\006\110\006\104}{section.13.5}% 476
\BOOKMARK [2][-]{subsection.13.5.4}{\376\377\006\047\006\061\006\052\006\050\006\047\006\067\000\040\006\050\006\047\000\040\006\101\006\047\006\314\006\104\000\040\000C\000S\000V\000\040\006\056\006\061\006\110\006\054\006\314}{section.13.5}% 477
\BOOKMARK [2][-]{subsection.13.5.5}{\376\377\006\314\006\251\006\176\006\047\006\061\006\206\006\107\040\014\006\063\006\047\006\062\006\314\000\040\006\050\006\047\000\040\006\063\006\314\006\063\006\052\006\105\000\040\000C\000I\000/\000C\000D}{section.13.5}% 478
\BOOKMARK [2][-]{subsection.13.5.6}{\376\377\006\105\006\055\006\057\006\110\006\057\006\314\006\052\040\014\006\107\006\047\000\040\006\110\000\040\006\052\006\110\006\063\006\071\006\107\040\014\006\107\006\047\006\314\000\040\006\042\006\314\006\106\006\057\006\107}{section.13.5}% 479
\BOOKMARK [0][-]{chapter.14}{\376\377\006\047\006\071\006\052\006\050\006\047\006\061\006\063\006\106\006\054\006\314\000\040\006\061\006\105\006\062\006\106\006\257\006\047\006\061\006\314\000\040\006\110\000\040\006\052\006\055\006\104\006\314\006\104\006\314}{part.4}% 480
\BOOKMARK [1][-]{section.14.1}{\376\377\006\106\006\105\006\047\006\314\000\040\006\251\006\104\006\314\000\040\006\110\000\040\006\107\006\057\006\101\000\040\006\105\006\047\006\230\006\110\006\104}{chapter.14}% 481
\BOOKMARK [1][-]{section.14.2}{\376\377\006\105\006\050\006\047\006\106\006\314\000\040\006\052\006\046\006\110\006\061\006\314\000\040\006\110\000\040\006\101\006\314\006\062\006\314\006\251\006\314}{chapter.14}% 482
\BOOKMARK [2][-]{subsection.14.2.1}{\376\377\006\042\006\106\006\052\006\061\006\110\006\176\006\314\000\040\006\050\006\047\006\314\006\106\006\061\006\314\000\040\006\064\006\047\006\106\006\110\006\106\000\040\006\110\000\040\006\106\006\102\006\064\000\040\006\042\006\106\000\040\006\057\006\061\000\040\006\047\006\105\006\106\006\314\006\052\000\040\000Q\000K\000D}{section.14.2}% 483
\BOOKMARK [2][-]{subsection.14.2.2}{\376\377\006\251\006\047\006\107\006\314\006\057\006\257\006\314\000\040\006\101\006\314\006\050\006\061\000\040\006\110\000\040\006\102\006\047\006\106\006\110\006\106\000\040\000B\000e\000e\000r\000-\000L\000a\000m\000b\000e\000r\000t}{section.14.2}% 484
\BOOKMARK [2][-]{subsection.14.2.3}{\376\377\006\052\006\046\006\110\006\061\006\314\000\040\000D\000e\000c\000o\000y\000-\000S\000t\000a\000t\000e\000\040\006\110\000\040\006\105\006\071\006\047\006\057\006\104\006\047\006\052\000\040\000L\000o\0002\0000\0000\0005}{section.14.2}% 485
\BOOKMARK [2][-]{subsection.14.2.4}{\376\377\006\052\006\104\006\110\006\061\006\047\006\106\006\063\000\040\006\047\006\071\006\052\006\050\006\047\006\061\006\063\006\106\006\054\006\314\000\040\006\110\000\040\006\052\006\101\006\063\006\314\006\061\000\040\006\251\006\061\006\314\006\176\006\052\006\110\006\257\006\061\006\047\006\101\006\314\006\251}{section.14.2}% 486
\BOOKMARK [1][-]{section.14.3}{\376\377\006\052\006\055\006\104\006\314\006\104\000\040\006\105\006\071\006\105\006\047\006\061\006\314\000\040\006\110\000\040\006\063\006\047\006\056\006\052\006\047\006\061\000\040\006\057\006\047\006\057\006\107\040\014\006\107\006\047}{chapter.14}% 487
\BOOKMARK [2][-]{subsection.14.3.1}{\376\377\006\063\006\047\006\056\006\052\006\047\006\061\000\040\006\251\006\104\006\314\000\040\006\105\006\047\006\230\006\110\006\104\000\040\006\110\000\040\006\047\006\104\006\257\006\110\006\314\000\040\000M\000o\000d\000u\000l\000e\000-\000L\000e\000v\000e\000l\000\040\000F\000u\000n\000c\000t\000i\000o\000n\000s}{section.14.3}% 488
\BOOKMARK [2][-]{subsection.14.3.2}{\376\377\006\052\006\055\006\104\006\314\006\104\000\040\006\052\006\047\006\050\006\071\000\040\000H\0002}{section.14.3}% 489
\BOOKMARK [2][-]{subsection.14.3.3}{\376\377\006\052\006\055\006\104\006\314\006\104\000\040\006\052\006\047\006\050\006\071\000\040\000c\000h\000a\000n\000n\000e\000l\000\137\000t\000r\000a\000n\000s\000m\000i\000t\000t\000a\000n\000c\000e}{section.14.3}% 490
\BOOKMARK [2][-]{subsection.14.3.4}{\376\377\006\052\006\055\006\104\006\314\006\104\000\040\006\052\006\047\006\050\006\071\000\040\000g\000e\000t\000\137\000a\000n\000a\000l\000y\000t\000i\000c\000s\000\040\006\110\000\040\006\063\006\047\006\056\006\052\006\047\006\061\000\040\006\056\006\061\006\110\006\054\006\314}{section.14.3}% 491
\BOOKMARK [2][-]{subsection.14.3.5}{\376\377\006\052\006\055\006\104\006\314\006\104\000\040\006\052\006\047\006\050\006\071\000\040\000r\000u\000n\000\137\000a\000b\000s\000o\000l\000u\000t\000e\000\137\000t\000e\000s\000t\000\040\006\110\000\040\006\105\006\071\006\105\006\047\006\061\006\314\000\040\006\176\006\314\006\251\006\061\006\050\006\106\006\057\006\314}{section.14.3}% 492
\BOOKMARK [2][-]{subsection.14.3.6}{\376\377\006\047\006\104\006\257\006\110\006\314\000\040\000C\000o\000m\000p\000a\000r\000i\000s\000o\000n\000\040\006\110\000\040\000T\000o\000l\000e\000r\000a\000n\000c\000e\000-\000B\000a\000s\000e\000d\000\040\000V\000a\000l\000i\000d\000a\000t\000i\000o\000n}{section.14.3}% 493
\BOOKMARK [2][-]{subsection.14.3.7}{\376\377\006\063\006\047\006\056\006\052\006\047\006\061\000\040\006\176\006\106\006\054\040\014\006\042\006\062\006\105\006\110\006\106\006\314\000\040\006\110\000\040\006\056\006\061\006\110\006\054\006\314\000\040\006\106\006\107\006\047\006\314\006\314}{section.14.3}% 494
\BOOKMARK [2][-]{subsection.14.3.8}{\376\377\006\052\006\055\006\104\006\314\006\104\000\040\006\106\006\102\006\067\006\107\000\040\006\110\006\061\006\110\006\057\000\040\000\137\000\137\000m\000a\000i\000n\000\137\000\137}{section.14.3}% 495
\BOOKMARK [1][-]{section.14.4}{\376\377\006\176\006\314\006\047\006\057\006\107\040\014\006\063\006\047\006\062\006\314\000\040\006\061\006\314\006\047\006\066\006\314\000\040\006\110\000\040\006\047\006\104\006\257\006\110\006\061\006\314\006\052\006\105\006\314}{chapter.14}% 496
\BOOKMARK [2][-]{subsection.14.4.1}{\376\377\006\176\006\314\006\047\006\057\006\107\040\014\006\063\006\047\006\062\006\314\000\040\006\042\006\106\006\052\006\061\006\110\006\176\006\314\000\040\006\050\006\047\006\314\006\106\006\061\006\314\000\040\006\050\006\047\000\040\006\050\006\061\006\064\000\040\006\071\006\057\006\057\006\314}{section.14.4}% 497
\BOOKMARK [2][-]{subsection.14.4.2}{\376\377\006\176\006\314\006\047\006\057\006\107\040\014\006\063\006\047\006\062\006\314\000\040\006\101\006\061\006\105\006\110\006\104\000\040\000L\000o\0002\0000\0000\0005\000\040\006\050\006\061\006\047\006\314\000\040\000Y\0001}{section.14.4}% 498
\BOOKMARK [2][-]{subsection.14.4.3}{\376\377\006\176\006\314\006\047\006\057\006\107\040\014\006\063\006\047\006\062\006\314\000\040\006\101\006\061\006\105\006\110\006\104\000\040\000G\000L\000L\000P\000\040\006\050\006\061\006\047\006\314\000\040\006\106\006\061\006\056\000\040\006\251\006\104\006\314\006\057}{section.14.4}% 499
\BOOKMARK [2][-]{subsection.14.4.4}{\376\377\006\047\006\104\006\257\006\110\006\061\006\314\006\052\006\105\000\040\000L\000a\000z\000y\000\040\000I\000m\000p\000o\000r\000t\000\040\006\110\000\040\006\105\006\057\006\314\006\061\006\314\006\052\000\040\006\056\006\067\006\047}{section.14.4}% 500
\BOOKMARK [2][-]{subsection.14.4.5}{\376\377\006\047\006\104\006\257\006\110\006\061\006\314\006\052\006\105\000\040\000D\000e\000e\000p\000\040\000C\000o\000p\000y\000\040\006\110\000\040\006\054\006\104\006\110\006\257\006\314\006\061\006\314\000\040\006\047\006\062\000\040\000M\000u\000t\000a\000t\000i\000o\000n}{section.14.4}% 501
\BOOKMARK [2][-]{subsection.14.4.6}{\376\377\006\047\006\104\006\257\006\110\006\061\006\314\006\052\006\105\000\040\000R\000e\000l\000a\000t\000i\000v\000e\000\040\000v\000s\000\040\000A\000b\000s\000o\000l\000u\000t\000e\000\040\000T\000o\000l\000e\000r\000a\000n\000c\000e}{section.14.4}% 502
\BOOKMARK [2][-]{subsection.14.4.7}{\376\377\006\047\006\104\006\257\006\110\006\061\006\314\006\052\006\105\000\040\000C\000o\000m\000p\000a\000r\000i\000s\000o\000n\000\040\000P\000i\000p\000e\000l\000i\000n\000e\000\040\006\110\000\040\006\063\006\047\006\056\006\052\006\047\006\061\000\040\000C\000S\000V}{section.14.4}% 503
\BOOKMARK [2][-]{subsection.14.4.8}{\376\377\006\105\006\055\006\047\006\063\006\050\006\107\000\040\006\066\006\061\006\314\006\050\000\040\006\047\006\106\006\052\006\102\006\047\006\104\000\040\006\050\006\061\006\047\006\314\000\040\006\105\006\102\006\047\006\314\006\063\006\107}{section.14.4}% 504
\BOOKMARK [1][-]{section.14.5}{\376\377\006\047\006\061\006\063\006\047\006\104\000\040\006\110\000\040\006\057\006\061\006\314\006\047\006\101\006\052\000\040\006\050\006\047\000\040\006\063\006\047\006\314\006\061\000\040\006\105\006\047\006\230\006\110\006\104\040\014\006\107\006\047}{chapter.14}% 505
\BOOKMARK [2][-]{subsection.14.5.1}{\376\377\006\110\006\047\006\050\006\063\006\052\006\257\006\314\000\040\006\050\006\107\000\040\000m\000a\000i\000n\000\137\000o\000p\000t\000i\000m\000i\000z\000e\000d}{section.14.5}% 506
\BOOKMARK [2][-]{subsection.14.5.2}{\376\377\006\057\006\314\006\251\006\064\006\106\006\061\006\314\000\040\000D\000E\000F\000A\000U\000L\000T\000\137\000C\000O\000N\000F\000I\000G\000\040\006\110\000\040\000O\000v\000e\000r\000r\000i\000d\000e\000\040\000P\000a\000t\000t\000e\000r\000n}{section.14.5}% 507
\BOOKMARK [2][-]{subsection.14.5.3}{\376\377\006\056\006\061\006\110\006\054\006\314\000\040\000C\000S\000V\000\040\006\110\000\040\006\047\006\063\006\251\006\314\006\105\006\047\006\314\000\040\006\063\006\052\006\110\006\106\040\014\006\107\006\047}{section.14.5}% 508
\BOOKMARK [2][-]{subsection.14.5.4}{\376\377\006\047\006\061\006\052\006\050\006\047\006\067\000\040\006\050\006\047\000\040\000v\000a\000l\000i\000d\000a\000t\000e\000\137\000p\000h\000y\000s\000i\000c\000s\000.\000p\000y}{section.14.5}% 509
\BOOKMARK [2][-]{subsection.14.5.5}{\376\377\006\047\006\061\006\052\006\050\006\047\006\067\000\040\006\050\006\047\000\040\006\105\006\047\006\230\006\110\006\104\040\014\006\107\006\047\006\314\000\040\006\047\006\053\006\050\006\047\006\052\000\040\000L\000i\000m\000-\0002\0000\0001\0004\000\040\006\110\000\040\000M\000a\000-\0002\0000\0000\0005}{section.14.5}% 510
\BOOKMARK [2][-]{subsection.14.5.6}{\376\377\006\056\006\061\006\110\006\054\006\314\000\040\006\106\006\107\006\047\006\314\006\314\000\040\006\110\000\040\006\047\006\063\006\052\006\101\006\047\006\057\006\107\000\040\006\057\006\061\000\040\000C\000I\000/\000C\000D}{section.14.5}% 511
\BOOKMARK [2][-]{subsection.14.5.7}{\376\377\006\054\006\105\006\071\040\014\006\050\006\106\006\057\006\314\000\040\006\047\006\061\006\052\006\050\006\047\006\067\006\047\006\052}{section.14.5}% 512
\BOOKMARK [0][-]{chapter.15}{\376\377\006\047\006\071\006\052\006\050\006\047\006\061\006\063\006\106\006\054\006\314\000\040\006\055\006\104\040\014\006\257\006\061\000\040\006\050\006\061\006\106\006\047\006\105\006\107\040\014\006\061\006\314\006\062\006\314\000\040\006\056\006\067\006\314}{part.4}% 513
\BOOKMARK [1][-]{section.15.1}{\376\377\006\106\006\105\006\047\006\314\000\040\006\251\006\104\006\314\000\040\006\110\000\040\006\107\006\057\006\101\000\040\006\105\006\047\006\230\006\110\006\104}{chapter.15}% 514
\BOOKMARK [1][-]{section.15.2}{\376\377\006\105\006\050\006\047\006\106\006\314\000\040\006\052\006\046\006\110\006\061\006\314\000\040\006\110\000\040\006\101\006\314\006\062\006\314\006\251\006\314}{chapter.15}% 515
\BOOKMARK [2][-]{subsection.15.2.1}{\376\377\006\176\006\061\006\110\006\052\006\251\006\104\000\040\000D\000e\000c\000o\000y\000-\000S\000t\000a\000t\000e\000\040\006\110\000\040\006\106\006\102\006\064\000\040\006\176\006\047\006\061\006\047\006\105\006\052\006\061\006\107\006\047\006\314\000\040\006\064\006\057\006\052}{section.15.2}% 516
\BOOKMARK [2][-]{subsection.15.2.2}{\376\377\006\042\006\106\006\052\006\061\006\110\006\176\006\314\000\040\006\050\006\047\006\314\006\106\006\061\006\314\000\040\006\064\006\047\006\106\006\110\006\106\000\040\006\110\000\040\006\106\006\102\006\064\000\040\006\042\006\106\000\040\006\057\006\061\000\040\006\047\006\105\006\106\006\314\006\052}{section.15.2}% 517
\BOOKMARK [2][-]{subsection.15.2.3}{\376\377\006\251\006\047\006\107\006\314\006\057\006\257\006\314\000\040\006\101\006\314\006\050\006\061\000\040\006\110\000\040\006\102\006\047\006\106\006\110\006\106\000\040\000B\000e\000e\000r\000-\000L\000a\000m\000b\000e\000r\000t}{section.15.2}% 518
\BOOKMARK [2][-]{subsection.15.2.4}{\376\377\000G\000a\000i\000n\000\040\006\063\006\314\006\257\006\106\006\047\006\104\000\040\006\110\000\040\000Q\000B\000E\000R\000\040\006\063\006\314\006\257\006\106\006\047\006\104}{section.15.2}% 519
\BOOKMARK [2][-]{subsection.15.2.5}{\376\377\000G\000a\000i\000n\000\040\006\057\006\251\006\110\006\314\000\040\006\110\000\040\006\047\006\063\006\052\006\056\006\061\006\047\006\054\000\040\000Y\0001\000\040\006\050\006\107\000\040\006\061\006\110\006\064\000\040\000L\000o\0002\0000\0000\0005}{section.15.2}% 520
\BOOKMARK [2][-]{subsection.15.2.6}{\376\377\006\106\006\061\006\056\000\040\006\056\006\067\006\047\006\314\000\040\006\052\006\251\040\014\006\101\006\110\006\052\006\110\006\106\006\314\000\040\006\110\000\040\006\050\006\047\006\062\006\057\006\107\000\040\006\052\006\251\040\014\006\101\006\110\006\052\006\110\006\106\006\314}{section.15.2}% 521
\BOOKMARK [2][-]{subsection.15.2.7}{\376\377\006\106\006\061\006\056\000\040\006\251\006\104\006\314\006\057\000\040\006\047\006\105\006\106\000\040\006\105\006\054\006\047\006\106\006\050\006\314\000\040\000\050\000G\000L\000L\000P\000\051}{section.15.2}% 522
\BOOKMARK [2][-]{subsection.15.2.8}{\376\377\006\102\006\314\006\057\006\107\006\047\006\314\000\040\006\101\006\314\006\062\006\314\006\251\006\314\000\040\006\110\000\040\006\061\006\314\006\047\006\066\006\314}{section.15.2}% 523
\BOOKMARK [1][-]{section.15.3}{\376\377\006\052\006\055\006\104\006\314\006\104\000\040\006\105\006\071\006\105\006\047\006\061\006\314\000\040\006\110\000\040\006\063\006\047\006\056\006\052\006\047\006\061\000\040\006\057\006\047\006\057\006\107\040\014\006\107\006\047}{chapter.15}% 524
\BOOKMARK [2][-]{subsection.15.3.1}{\376\377\006\063\006\047\006\056\006\052\006\047\006\061\000\040\006\251\006\104\006\314\000\040\006\105\006\047\006\230\006\110\006\104\000\040\006\110\000\040\006\047\006\104\006\257\006\110\006\314\000\040\000M\000o\000d\000u\000l\000e\000-\000L\000e\000v\000e\000l\000\040\000F\000u\000n\000c\000t\000i\000o\000n\000s}{section.15.3}% 525
\BOOKMARK [2][-]{subsection.15.3.2}{\376\377\006\052\006\106\006\070\006\314\006\105\000\040\006\105\006\063\006\314\006\061\000\040\006\110\000\040\000P\000a\000t\000h\000\040\000B\000o\000o\000t\000s\000t\000r\000a\000p}{section.15.3}% 526
\BOOKMARK [2][-]{subsection.15.3.3}{\376\377\006\110\006\047\006\061\006\057\006\063\006\047\006\062\006\314\000\040\006\052\006\110\006\047\006\050\006\071\000\040\006\047\006\062\000\040\006\101\006\061\006\314\006\105\040\014\006\110\006\061\006\251}{section.15.3}% 527
\BOOKMARK [2][-]{subsection.15.3.4}{\376\377\006\052\006\055\006\104\006\314\006\104\000\040\006\052\006\047\006\050\006\071\000\040\000H\0002}{section.15.3}% 528
\BOOKMARK [2][-]{subsection.15.3.5}{\376\377\006\052\006\055\006\104\006\314\006\104\000\040\006\052\006\047\006\050\006\071\000\040\000a\000n\000a\000l\000y\000t\000i\000c\000a\000l\000\137\000s\000k\000r\000\040\006\110\000\040\006\063\006\047\006\056\006\052\006\047\006\061\000\040\006\176\006\047\006\061\006\047\006\105\006\052\006\061\006\107\006\047}{section.15.3}% 529
\BOOKMARK [2][-]{subsection.15.3.6}{\376\377\006\052\006\055\006\104\006\314\006\104\000\040\006\052\006\047\006\050\006\071\000\040\000r\000u\000n\000\137\000l\000p\000\137\000t\000e\000s\000t\000\040\006\110\000\040\006\047\006\104\006\257\006\110\006\314\000\040\000C\000o\000s\000t\000\040\000C\000a\000l\000l\000b\000a\000c\000k}{section.15.3}% 530
\BOOKMARK [2][-]{subsection.15.3.7}{\376\377\006\047\006\104\006\257\006\110\006\314\000\040\000C\000o\000m\000p\000a\000r\000i\000s\000o\000n\000\040\006\110\000\040\000H\000a\000r\000d\000c\000o\000d\000e\000d\000\040\000R\000e\000f\000e\000r\000e\000n\000c\000e}{section.15.3}% 531
\BOOKMARK [2][-]{subsection.15.3.8}{\376\377\006\047\006\104\006\257\006\110\006\061\006\314\006\052\006\105\000\040\000C\000o\000m\000p\000a\000r\000i\000s\000o\000n\000\040\006\110\000\040\000V\000e\000r\000d\000i\000c\000t}{section.15.3}% 532
\BOOKMARK [2][-]{subsection.15.3.9}{\376\377\006\106\006\102\006\067\006\107\000\040\006\110\006\061\006\110\006\057\000\040\000\137\000\137\000m\000a\000i\000n\000\137\000\137\000\040\006\110\000\040\006\063\006\107\040\014\006\042\006\062\006\105\006\110\006\106}{section.15.3}% 533
\BOOKMARK [1][-]{section.15.4}{\376\377\006\176\006\314\006\047\006\057\006\107\040\014\006\063\006\047\006\062\006\314\000\040\006\061\006\314\006\047\006\066\006\314\000\040\006\110\000\040\006\047\006\104\006\257\006\110\006\061\006\314\006\052\006\105\006\314}{chapter.15}% 534
\BOOKMARK [2][-]{subsection.15.4.1}{\376\377\006\176\006\314\006\047\006\057\006\107\040\014\006\063\006\047\006\062\006\314\000\040\006\042\006\106\006\052\006\061\006\110\006\176\006\314\000\040\006\050\006\047\006\314\006\106\006\061\006\314\000\040\006\050\006\047\000\040\006\050\006\061\006\064\000\040\006\071\006\057\006\057\006\314}{section.15.4}% 535
\BOOKMARK [2][-]{subsection.15.4.2}{\376\377\006\176\006\314\006\047\006\057\006\107\040\014\006\063\006\047\006\062\006\314\000\040\006\101\006\061\006\105\006\110\006\104\000\040\000L\000o\0002\0000\0000\0005\000\040\006\050\006\047\000\040\006\047\006\065\006\104\006\047\006\055\006\047\006\052\000\040\006\101\006\314\006\062\006\314\006\251\006\314}{section.15.4}% 536
\BOOKMARK [2][-]{subsection.15.4.3}{\376\377\006\176\006\314\006\047\006\057\006\107\040\014\006\063\006\047\006\062\006\314\000\040\006\102\006\314\006\057\006\107\006\047\006\314\000\040\006\101\006\314\006\062\006\314\006\251\006\314\000\040\006\110\000\040\000E\000a\000r\000l\000y\000\040\000R\000e\000t\000u\000r\000n}{section.15.4}% 537
\BOOKMARK [2][-]{subsection.15.4.4}{\376\377\006\047\006\104\006\257\006\110\006\061\006\314\006\052\006\105\000\040\000C\000o\000s\000t\000\040\000C\000a\000l\000l\000b\000a\000c\000k\000\040\006\110\000\040\000N\000e\000g\000a\000t\000e\000\040\000T\000r\000i\000c\000k}{section.15.4}% 538
\BOOKMARK [2][-]{subsection.15.4.5}{\376\377\006\047\006\104\006\257\006\110\006\061\006\314\006\052\006\105\000\040\000C\000l\000o\000s\000u\000r\000e\000\040\000C\000a\000p\000t\000u\000r\000e\000\040\006\050\006\061\006\047\006\314\000\040\006\176\006\047\006\061\006\047\006\105\006\052\006\061\006\107\006\047\006\314\000\040\006\105\006\055\006\314\006\067\006\314}{section.15.4}% 539
\BOOKMARK [2][-]{subsection.15.4.6}{\376\377\006\047\006\104\006\257\006\110\006\061\006\314\006\052\006\105\000\040\000H\000a\000r\000d\000c\000o\000d\000e\000d\000\040\000R\000e\000f\000e\000r\000e\000n\000c\000e\000\040\000C\000o\000m\000p\000a\000r\000i\000s\000o\000n}{section.15.4}% 540
\BOOKMARK [2][-]{subsection.15.4.7}{\376\377\006\047\006\104\006\257\006\110\006\061\006\314\006\052\006\105\000\040\000T\000h\000r\000e\000e\000-\000R\000a\000n\000g\000e\000\040\000T\000e\000s\000t\000i\000n\000g}{section.15.4}% 541
\BOOKMARK [1][-]{section.15.5}{\376\377\006\047\006\061\006\063\006\047\006\104\000\040\006\110\000\040\006\057\006\061\006\314\006\047\006\101\006\052\000\040\006\050\006\047\000\040\006\063\006\047\006\314\006\061\000\040\006\105\006\047\006\230\006\110\006\104\040\014\006\107\006\047}{chapter.15}% 542
\BOOKMARK [2][-]{subsection.15.5.1}{\376\377\006\110\006\047\006\050\006\063\006\052\006\257\006\314\000\040\006\050\006\107\000\040\000q\000k\000d\000.\000p\000r\000o\000o\000f\000s\000.\000o\000p\000t\000i\000m\000i\000z\000a\000t\000i\000o\000n}{section.15.5}% 543
\BOOKMARK [2][-]{subsection.15.5.2}{\376\377\006\110\006\047\006\050\006\063\006\052\006\257\006\314\000\040\006\050\006\107\000\040\000q\000k\000d\000.\000p\000a\000r\000a\000m\000s}{section.15.5}% 544
\BOOKMARK [2][-]{subsection.15.5.3}{\376\377\006\047\006\104\006\257\006\110\006\314\000\040\000I\000n\000d\000e\000p\000e\000n\000d\000e\000n\000t\000\040\000O\000r\000a\000c\000l\000e\000\040\006\110\000\040\006\054\006\104\006\110\006\257\006\314\006\061\006\314\000\040\006\047\006\062\000\040\000C\000i\000r\000c\000u\000l\000a\000r\000\040\000V\000a\000l\000i\000d\000a\000t\000i\000o\000n}{section.15.5}% 545
\BOOKMARK [2][-]{subsection.15.5.4}{\376\377\006\056\006\061\006\110\006\054\006\314\000\040\006\050\006\107\000\040\000s\000t\000d\000o\000u\000t\000\040\006\110\000\040\006\257\006\062\006\047\006\061\006\064\000\040\006\105\006\052\006\105\006\061\006\251\006\062}{section.15.5}% 546
\BOOKMARK [2][-]{subsection.15.5.5}{\376\377\006\047\006\061\006\052\006\050\006\047\006\067\000\040\006\050\006\047\000\040\000a\000b\000s\000o\000l\000u\000t\000e\000\137\000c\000r\000y\000p\000t\000o\000\137\000v\000a\000l\000i\000d\000a\000t\000i\000o\000n\000.\000p\000y}{section.15.5}% 547
\BOOKMARK [2][-]{subsection.15.5.6}{\376\377\006\047\006\061\006\052\006\050\006\047\006\067\000\040\006\050\006\047\000\040\006\105\006\047\006\230\006\110\006\104\040\014\006\107\006\047\006\314\000\040\006\047\006\053\006\050\006\047\006\052\000\040\000L\000i\000m\000-\0002\0000\0001\0004\000\040\006\110\000\040\000M\000a\000-\0002\0000\0000\0005}{section.15.5}% 548
\BOOKMARK [2][-]{subsection.15.5.7}{\376\377\006\056\006\061\006\110\006\054\006\314\000\040\006\106\006\107\006\047\006\314\006\314\000\040\006\110\000\040\006\047\006\063\006\052\006\101\006\047\006\057\006\107\000\040\006\057\006\061\000\040\000C\000I\000/\000C\000D}{section.15.5}% 549
\BOOKMARK [2][-]{subsection.15.5.8}{\376\377\006\054\006\105\006\071\040\014\006\050\006\106\006\057\006\314\000\040\006\047\006\061\006\052\006\050\006\047\006\067\006\047\006\052}{section.15.5}% 550
\BOOKMARK [0][-]{chapter.16}{\376\377\006\042\006\062\006\105\006\110\006\106\040\014\006\107\006\047\006\314\000\040\006\107\006\105\040\014\006\061\006\110\006\106\006\057\006\314\000\040\006\110\000\040\006\055\006\101\006\070\000\040\006\107\006\110\006\314\006\052}{part.4}% 551
\BOOKMARK [1][-]{section.16.1}{\376\377\006\106\006\105\006\047\006\314\000\040\006\251\006\104\006\314\000\040\006\110\000\040\006\107\006\057\006\101\000\040\006\105\006\047\006\230\006\110\006\104}{chapter.16}% 552
\BOOKMARK [1][-]{section.16.2}{\376\377\006\105\006\050\006\047\006\106\006\314\000\040\006\052\006\046\006\110\006\061\006\314\000\040\006\110\000\040\006\101\006\314\006\062\006\314\006\251\006\314}{chapter.16}% 553
\BOOKMARK [2][-]{subsection.16.2.1}{\376\377\006\176\006\061\006\110\006\052\006\251\006\104\000\040\000B\000B\0008\0004\000\040\006\110\000\040\006\105\006\101\006\107\006\110\006\105\000\040\006\107\006\110\006\314\006\052\000\040\006\176\006\047\006\104\006\063}{section.16.2}% 554
\BOOKMARK [2][-]{subsection.16.2.2}{\376\377\006\176\006\314\006\064\040\014\006\050\006\314\006\106\006\314\000\040\006\106\006\052\006\314\006\054\006\107\000\040\006\047\006\106\006\057\006\047\006\062\006\107\040\014\006\257\006\314\006\061\006\314\000\040\006\110\000\040\006\102\006\047\006\106\006\110\006\106\000\040\000B\000o\000r\000n}{section.16.2}% 555
\BOOKMARK [2][-]{subsection.16.2.3}{\376\377\006\052\006\043\006\056\006\314\006\061\000\040\006\057\006\110\006\054\006\105\006\104\006\107\040\014\006\047\006\314\000\040\006\110\000\040\006\064\006\050\006\314\006\107\040\014\006\063\006\047\006\062\006\314\000\040\006\251\006\047\006\061\006\257\006\061\000\040\006\110\006\047\006\102\006\071\006\314}{section.16.2}% 556
\BOOKMARK [2][-]{subsection.16.2.4}{\376\377\000\040\000K\000e\000n\000d\000a\000l\000l\000-\000T\000a\000u\000\040\006\110\000\040\006\105\006\071\006\314\006\047\006\061\000\040\006\106\006\047\006\107\006\105\006\047\006\107\006\106\006\257\006\314}{section.16.2}% 557
\BOOKMARK [2][-]{subsection.16.2.5}{\376\377\006\105\006\101\006\107\006\110\006\105\000\040\000I\000d\000e\000n\000t\000i\000t\000y\000-\000B\000o\000u\000n\000d\000-\000t\000o\000-\000I\000D\000\040\006\110\000\040\000P\000o\000s\000i\000t\000i\000o\000n\000-\000I\000n\000d\000e\000p\000e\000n\000d\000e\000n\000t\000\040\000I\000n\000t\000e\000g\000r\000i\000t\000y}{section.16.2}% 558
\BOOKMARK [1][-]{section.16.3}{\376\377\006\052\006\055\006\104\006\314\006\104\000\040\006\105\006\071\006\105\006\047\006\061\006\314\000\040\006\110\000\040\006\063\006\047\006\056\006\052\006\047\006\061\000\040\006\057\006\047\006\057\006\107\040\014\006\107\006\047}{chapter.16}% 559
\BOOKMARK [2][-]{subsection.16.3.1}{\376\377\006\063\006\047\006\056\006\052\006\047\006\061\000\040\006\251\006\104\006\314\000\040\006\105\006\047\006\230\006\110\006\104\000\040\006\110\000\040\006\047\006\104\006\257\006\110\006\314\000\040\000S\000c\000r\000i\000p\000t\000-\000w\000i\000t\000h\000-\000H\000e\000l\000p\000e\000r\000s}{section.16.3}% 560
\BOOKMARK [2][-]{subsection.16.3.2}{\376\377\006\053\006\047\006\050\006\052\000\040\000I\000D\000E\000N\000T\000I\000T\000Y\000\137\000F\000I\000E\000L\000D\000S\000\040\006\110\000\040\006\101\006\314\006\104\006\057\006\107\006\047\006\314\000\040\006\107\006\110\006\314\006\052\006\314}{section.16.3}% 561
\BOOKMARK [2][-]{subsection.16.3.3}{\376\377\006\052\006\047\006\050\006\071\000\040\000\137\000f\000o\000r\000m\000a\000t\000\137\000t\000a\000b\000l\000e\000\040\006\110\000\040\006\102\006\047\006\104\006\050\040\014\006\050\006\106\006\057\006\314\000\040\006\105\006\052\006\106\006\314}{section.16.3}% 562
\BOOKMARK [2][-]{subsection.16.3.4}{\376\377\006\052\006\047\006\050\006\071\000\040\000\137\000s\000h\000o\000r\000t\000\137\000i\000d\000e\000n\000t\000i\000t\000y\000\040\006\110\000\040\006\106\006\105\006\047\006\314\006\064\000\040\006\101\006\064\006\061\006\057\006\107\000\040\006\107\006\110\006\314\006\052}{section.16.3}% 563
\BOOKMARK [2][-]{subsection.16.3.5}{\376\377\006\052\006\047\006\050\006\071\000\040\000\137\000i\000d\000e\000n\000t\000i\000t\000y\000\137\000m\000a\000t\000c\000h\000\040\006\110\000\040\006\105\006\106\006\067\006\102\000\040\006\105\006\102\006\047\006\314\006\063\006\107\000\040\006\206\006\107\006\047\006\061\006\105\006\061\006\055\006\104\006\107\040\014\006\047\006\314}{section.16.3}% 564
\BOOKMARK [2][-]{subsection.16.3.6}{\376\377\006\052\006\047\006\050\006\071\000\040\000\137\000m\000e\000a\000s\000u\000r\000e\000m\000e\000n\000t\000\137\000m\000a\000t\000c\000h\000\040\006\110\000\040\006\047\006\071\006\052\006\050\006\047\006\061\006\063\006\106\006\054\006\314\000\040\006\176\006\314\006\064\040\014\006\050\006\314\006\106\006\314}{section.16.3}% 565
\BOOKMARK [2][-]{subsection.16.3.7}{\376\377\006\052\006\047\006\050\006\071\000\040\000r\000u\000n\000\137\000t\000r\000a\000c\000e\000\040\006\110\000\040\006\047\006\104\006\257\006\110\006\314\000\040\000C\000l\000o\000s\000u\000r\000e\000\040\006\050\006\061\006\047\006\314\000\040\006\056\006\061\006\110\006\054\006\314}{section.16.3}% 566
\BOOKMARK [2][-]{subsection.16.3.8}{\376\377\006\052\006\106\006\070\006\314\006\105\000\040\006\105\006\063\006\314\006\061\000\040\006\110\000\040\006\047\006\104\006\257\006\110\006\314\000\040\000P\000a\000t\000h\000\040\000B\000o\000o\000t\000s\000t\000r\000a\000p}{section.16.3}% 567
\BOOKMARK [1][-]{section.16.4}{\376\377\006\176\006\314\006\047\006\057\006\107\040\014\006\063\006\047\006\062\006\314\000\040\006\061\006\314\006\047\006\066\006\314\000\040\006\110\000\040\006\047\006\104\006\257\006\110\006\061\006\314\006\052\006\105\006\314}{chapter.16}% 568
\BOOKMARK [2][-]{subsection.16.4.1}{\376\377\006\047\006\104\006\257\006\110\006\061\006\314\006\052\006\105\000\040\006\047\006\106\006\052\006\056\006\047\006\050\000\040\006\052\006\065\006\047\006\057\006\101\006\314\000\040\006\176\006\047\006\104\006\063\040\014\006\107\006\047\006\314\000\040\006\061\006\057\006\314\006\047\006\050\006\314\040\014\006\064\006\057\006\107}{section.16.4}% 569
\BOOKMARK [2][-]{subsection.16.4.2}{\376\377\006\047\006\104\006\257\006\110\006\061\006\314\006\052\006\105\000\040\006\105\006\055\006\047\006\063\006\050\006\107\000\040\000P\000a\000i\000r\000w\000i\000s\000e\000\040\000I\000n\000v\000e\000r\000s\000i\000o\000n\000s}{section.16.4}% 570
\BOOKMARK [2][-]{subsection.16.4.3}{\376\377\006\047\006\104\006\257\006\110\006\061\006\314\006\052\006\105\000\040\006\314\006\047\006\101\006\052\006\106\000\040\000C\000o\000n\000c\000r\000e\000t\000e\000\040\000S\000w\000a\000p\000\040\000E\000x\000a\000m\000p\000l\000e\000s}{section.16.4}% 571
\BOOKMARK [2][-]{subsection.16.4.4}{\376\377\006\047\006\104\006\257\006\110\006\061\006\314\006\052\006\105\000\040\006\105\006\055\006\047\006\063\006\050\006\107\000\040\000P\000o\000s\000i\000t\000i\000o\000n\000\040\000S\000h\000i\000f\000t\000s}{section.16.4}% 572
\BOOKMARK [2][-]{subsection.16.4.5}{\376\377\006\047\006\104\006\257\006\110\006\061\006\314\006\052\006\105\000\040\000S\000t\000a\000g\000e\000-\000L\000e\000v\000e\000l\000\040\000M\000i\000s\000m\000a\000t\000c\000h\000\040\000C\000o\000u\000n\000t\000i\000n\000g}{section.16.4}% 573
\BOOKMARK [2][-]{subsection.16.4.6}{\376\377\006\047\006\104\006\257\006\110\006\061\006\314\006\052\006\105\000\040\000V\000e\000r\000d\000i\000c\000t\000\040\006\110\000\040\006\052\006\101\006\063\006\314\006\061\000\040\006\106\006\107\006\047\006\314\006\314}{section.16.4}% 574
\BOOKMARK [2][-]{subsection.16.4.7}{\376\377\006\047\006\104\006\257\006\110\006\061\006\314\006\052\006\105\000\040\000C\000L\000I\000\040\006\050\006\047\000\040\000a\000r\000g\000p\000a\000r\000s\000e}{section.16.4}% 575
\BOOKMARK [1][-]{section.16.5}{\376\377\006\047\006\061\006\063\006\047\006\104\000\040\006\110\000\040\006\057\006\061\006\314\006\047\006\101\006\052\000\040\006\050\006\047\000\040\006\063\006\047\006\314\006\061\000\040\006\105\006\047\006\230\006\110\006\104\040\014\006\107\006\047}{chapter.16}% 576
\BOOKMARK [2][-]{subsection.16.5.1}{\376\377\006\110\006\047\006\050\006\063\006\052\006\257\006\314\000\040\006\050\006\107\000\040\000t\000e\000s\000t\000s\000/\000t\000e\000s\000t\000\137\000m\000a\000i\000n\000\137\000o\000p\000t\000i\000m\000i\000z\000e\000d\000\137\000p\000u\000l\000s\000e\000\137\000t\000r\000a\000c\000k\000i\000n\000g}{section.16.5}% 577
\BOOKMARK [2][-]{subsection.16.5.2}{\376\377\006\110\006\061\006\110\006\057\006\314\000\040\006\047\006\062\000\040\000m\000a\000i\000n\000\137\000o\000p\000t\000i\000m\000i\000z\000e\000d\000\137\000d\000i\000s\000p\000a\000t\000c\000h}{section.16.5}% 578
\BOOKMARK [2][-]{subsection.16.5.3}{\376\377\006\056\006\061\006\110\006\054\006\314\000\040\006\050\006\107\000\040\000s\000t\000d\000o\000u\000t\000\040\006\110\000\040\006\101\006\047\006\314\006\104}{section.16.5}% 579
\BOOKMARK [2][-]{subsection.16.5.4}{\376\377\006\047\006\061\006\052\006\050\006\047\006\067\000\040\006\050\006\047\000\040\006\101\006\061\006\314\006\105\040\014\006\110\006\061\006\251\000\040\006\042\006\062\006\105\006\110\006\106}{section.16.5}% 580
\BOOKMARK [2][-]{subsection.16.5.5}{\376\377\006\056\006\061\006\110\006\054\006\314\000\040\006\102\006\047\006\050\006\104\000\040\006\052\006\055\006\104\006\314\006\104\000\040\006\052\006\110\006\063\006\067\000\040\006\047\006\050\006\062\006\047\006\061\006\107\006\047\006\314\000\040\006\056\006\047\006\061\006\054\006\314}{section.16.5}% 581
\BOOKMARK [2][-]{subsection.16.5.6}{\376\377\006\054\006\105\006\071\040\014\006\050\006\106\006\057\006\314\000\040\006\047\006\061\006\052\006\050\006\047\006\067\006\047\006\052}{section.16.5}% 582
\BOOKMARK [-1][-]{part.5}{\376\377\006\176\006\106\006\054\006\105\000\040\006\106\006\052\006\047\006\314\006\054\000\040\006\064\006\050\006\314\006\107\040\014\006\063\006\047\006\062\006\314}{}% 583
\BOOKMARK [-1][-]{part.6}{\376\377\006\064\006\064\006\105\000\040\006\106\006\052\006\047\006\314\006\054\000\040\006\064\006\050\006\314\006\107\040\014\006\063\006\047\006\062\006\314}{}% 584
\BOOKMARK [0][-]{chapter.17}{\376\377\006\052\006\106\006\070\006\314\006\105\006\047\006\052\000\040\006\042\006\062\006\105\006\047\006\314\006\064\000\040\006\110\000\040\006\251\006\105\006\176\006\314\006\106\040\014\006\107\006\047\006\314\000\040\006\064\006\050\006\314\006\107\040\014\006\063\006\047\006\062\006\314}{part.6}% 585
\BOOKMARK [1][-]{section.17.1}{\376\377\006\106\006\105\006\047\006\314\000\040\006\251\006\104\006\314\000\040\006\251\006\105\006\176\006\314\006\106\040\014\006\107\006\047}{chapter.17}% 586
\BOOKMARK [1][-]{section.17.2}{\376\377\006\056\006\104\006\047\006\065\006\107\006\124\000\040\006\251\006\105\006\176\006\314\006\106\040\014\006\107\006\047}{chapter.17}% 587
\BOOKMARK [1][-]{section.17.3}{\376\377\006\176\006\314\006\251\006\061\006\050\006\106\006\057\006\314\000\040\006\105\006\064\006\052\006\061\006\251}{chapter.17}% 588
\BOOKMARK [0][-]{chapter.18}{\376\377\006\106\006\052\006\047\006\314\006\054\000\040\006\056\006\067\000\040\006\176\006\047\006\314\006\107\000\040\006\110\000\040\006\105\006\102\006\314\006\047\006\063\000\040\006\251\006\104\006\314\006\057\000\040\006\105\006\055\006\057\006\110\006\057}{part.6}% 589
\BOOKMARK [1][-]{section.18.1}{\376\377\006\056\006\067\000\040\006\176\006\047\006\314\006\107\000\040\000B\000B\0008\0004\000\040\006\050\006\047\000\040\006\047\006\053\006\050\006\047\006\052\000\040\000L\000i\000m\0002\0000\0001\0004}{chapter.18}% 590
\BOOKMARK [1][-]{section.18.2}{\376\377\006\105\006\102\006\314\006\047\006\063\000\040\006\251\006\104\006\314\006\057\000\040\006\105\006\055\006\057\006\110\006\057\000\040\000\050\000F\000i\000n\000i\000t\000e\000-\000K\000e\000y\000\040\000S\000c\000a\000l\000i\000n\000g\000\051}{chapter.18}% 591
\BOOKMARK [1][-]{section.18.3}{\376\377\006\047\006\071\006\052\006\050\006\047\006\061\006\063\006\106\006\054\006\314\000\040\000R\000o\000g\000e\000r\000s\000\040\0002\0000\0000\0007}{chapter.18}% 592
\BOOKMARK [0][-]{chapter.19}{\376\377\006\063\006\106\006\047\006\061\006\314\006\110\006\107\006\047\006\314\000\040\000D\000W\000D\000M\000\040\006\110\000\040\006\050\006\107\006\314\006\106\006\107\040\014\006\063\006\047\006\062\006\314\000\040\006\176\006\047\006\104\006\063}{part.6}% 593
\BOOKMARK [1][-]{section.19.1}{\376\377\006\052\006\043\006\053\006\314\006\061\000\040\006\107\006\105\040\014\006\062\006\314\006\063\006\052\006\314\000\040\006\050\006\047\000\040\006\251\006\047\006\106\006\047\006\104\000\040\006\251\006\104\006\047\006\063\006\314\006\251\000\040\000\050\000D\000W\000D\000M\000\051}{chapter.19}% 594
\BOOKMARK [1][-]{section.19.2}{\376\377\006\050\006\107\006\314\006\106\006\107\040\014\006\063\006\047\006\062\006\314\000\040\006\056\006\110\006\057\006\251\006\047\006\061\000\040\006\176\006\047\006\061\006\047\006\105\006\052\006\061\000\040\006\176\006\047\006\104\006\063}{chapter.19}% 595
\BOOKMARK [0][-]{chapter.20}{\376\377\006\105\006\102\006\047\006\314\006\063\006\107\040\014\006\107\006\047\006\314\000\040\006\063\006\314\006\063\006\052\006\105\006\047\006\052\006\314\006\251}{part.6}% 596
\BOOKMARK [1][-]{section.20.1}{\376\377\006\105\006\102\006\047\006\314\006\063\006\107\006\124\000\040\006\176\006\061\006\110\006\052\006\251\006\104\040\014\006\107\006\047}{chapter.20}% 597
\BOOKMARK [1][-]{section.20.2}{\376\377\006\105\006\102\006\047\006\314\006\063\006\107\006\124\000\040\006\047\006\053\006\050\006\047\006\052\040\014\006\107\006\047\006\314\000\040\006\047\006\105\006\106\006\314\006\052\006\314}{chapter.20}% 598
\BOOKMARK [1][-]{section.20.3}{\376\377\006\105\006\102\006\047\006\314\006\063\006\107\006\124\000\040\006\042\006\064\006\251\006\047\006\061\006\063\006\047\006\062\006\107\006\047}{chapter.20}% 599
\BOOKMARK [1][-]{section.20.4}{\376\377\006\105\006\102\006\047\006\314\006\063\006\107\006\124\000\040\006\061\006\110\006\064\040\014\006\107\006\047\006\314\000\040\006\050\006\047\006\062\006\107\006\124\000\040\006\047\006\067\006\105\006\314\006\106\006\047\006\106}{chapter.20}% 600
\BOOKMARK [0][-]{chapter.21}{\376\377\006\052\006\055\006\104\006\314\006\104\000\040\006\055\006\063\006\047\006\063\006\314\006\052}{part.6}% 601
\BOOKMARK [1][-]{section.21.1}{\376\377\006\055\006\063\006\047\006\063\006\314\006\052\000\040\006\050\006\107\000\040\000Q\000B\000E\000R\000\040\006\060\006\047\006\052\006\314\000\040\006\110\000\040\000M\000i\000s\000a\000l\000i\000g\000n\000m\000e\000n\000t}{chapter.21}% 602
