This is XeTeX, Version 3.141592653-2.6-0.999995 (TeX Live 2023/Debian) (preloaded format=xelatex 2025.11.2)  8 AUG 2026 13:16
entering extended mode
 restricted \write18 enabled.
 %&-line parsing enabled.
**Report.tex
(./Report.tex
LaTeX2e <2023-11-01> patch level 1
L3 programming layer <2024-01-22>
(/usr/share/texlive/texmf-dist/tex/latex/base/book.cls
Document Class: book 2023/05/17 v1.4n Standard LaTeX document class
(/usr/share/texlive/texmf-dist/tex/latex/base/bk11.clo
File: bk11.clo 2023/05/17 v1.4n Standard LaTeX file (size option)
)
\c@part=\count183
\c@chapter=\count184
\c@section=\count185
\c@subsection=\count186
\c@subsubsection=\count187
\c@paragraph=\count188
\c@subparagraph=\count189
\c@figure=\count190
\c@table=\count191
\abovecaptionskip=\skip48
\belowcaptionskip=\skip49
\bibindent=\dimen140
)
(/usr/share/texlive/texmf-dist/tex/latex/amsmath/amsmath.sty
Package: amsmath 2023/05/13 v2.17o AMS math features
\@mathmargin=\skip50

For additional information on amsmath, use the `?' option.
(/usr/share/texlive/texmf-dist/tex/latex/amsmath/amstext.sty
Package: amstext 2021/08/26 v2.01 AMS text

(/usr/share/texlive/texmf-dist/tex/latex/amsmath/amsgen.sty
File: amsgen.sty 1999/11/30 v2.0 generic functions
\@emptytoks=\toks17
\ex@=\dimen141
))
(/usr/share/texlive/texmf-dist/tex/latex/amsmath/amsbsy.sty
Package: amsbsy 1999/11/29 v1.2d Bold Symbols
\pmbraise@=\dimen142
)
(/usr/share/texlive/texmf-dist/tex/latex/amsmath/amsopn.sty
Package: amsopn 2022/04/08 v2.04 operator names
)
\inf@bad=\count192
LaTeX Info: Redefining \frac on input line 234.
\uproot@=\count193
\leftroot@=\count194
LaTeX Info: Redefining \overline on input line 399.
LaTeX Info: Redefining \colon on input line 410.
\classnum@=\count195
\DOTSCASE@=\count196
LaTeX Info: Redefining \ldots on input line 496.
LaTeX Info: Redefining \dots on input line 499.
LaTeX Info: Redefining \cdots on input line 620.
\Mathstrutbox@=\box51
\strutbox@=\box52
LaTeX Info: Redefining \big on input line 722.
LaTeX Info: Redefining \Big on input line 723.
LaTeX Info: Redefining \bigg on input line 724.
LaTeX Info: Redefining \Bigg on input line 725.
\big@size=\dimen143
LaTeX Font Info:    Redeclaring font encoding OML on input line 743.
LaTeX Font Info:    Redeclaring font encoding OMS on input line 744.
\macc@depth=\count197
LaTeX Info: Redefining \bmod on input line 905.
LaTeX Info: Redefining \pmod on input line 910.
LaTeX Info: Redefining \smash on input line 940.
LaTeX Info: Redefining \relbar on input line 970.
LaTeX Info: Redefining \Relbar on input line 971.
\c@MaxMatrixCols=\count198
\dotsspace@=\muskip16
\c@parentequation=\count199
\dspbrk@lvl=\count266
\tag@help=\toks18
\row@=\count267
\column@=\count268
\maxfields@=\count269
\andhelp@=\toks19
\eqnshift@=\dimen144
\alignsep@=\dimen145
\tagshift@=\dimen146
\tagwidth@=\dimen147
\totwidth@=\dimen148
\lineht@=\dimen149
\@envbody=\toks20
\multlinegap=\skip51
\multlinetaggap=\skip52
\mathdisplay@stack=\toks21
LaTeX Info: Redefining \[ on input line 2953.
LaTeX Info: Redefining \] on input line 2954.
)
(/usr/share/texlive/texmf-dist/tex/latex/amsfonts/amssymb.sty
Package: amssymb 2013/01/14 v3.01 AMS font symbols

(/usr/share/texlive/texmf-dist/tex/latex/amsfonts/amsfonts.sty
Package: amsfonts 2013/01/14 v3.01 Basic AMSFonts support
\symAMSa=\mathgroup4
\symAMSb=\mathgroup5
LaTeX Font Info:    Redeclaring math symbol \hbar on input line 98.
LaTeX Font Info:    Overwriting math alphabet `\mathfrak' in version `bold'
(Font)                  U/euf/m/n --> U/euf/b/n on input line 106.
))
(/usr/share/texlive/texmf-dist/tex/latex/graphics/graphicx.sty
Package: graphicx 2021/09/16 v1.2d Enhanced LaTeX Graphics (DPC,SPQR)

(/usr/share/texlive/texmf-dist/tex/latex/graphics/keyval.sty
Package: keyval 2022/05/29 v1.15 key=value parser (DPC)
\KV@toks@=\toks22
)
(/usr/share/texlive/texmf-dist/tex/latex/graphics/graphics.sty
Package: graphics 2022/03/10 v1.4e Standard LaTeX Graphics (DPC,SPQR)

(/usr/share/texlive/texmf-dist/tex/latex/graphics/trig.sty
Package: trig 2021/08/11 v1.11 sin cos tan (DPC)
)
(/usr/share/texlive/texmf-dist/tex/latex/graphics-cfg/graphics.cfg
File: graphics.cfg 2016/06/04 v1.11 sample graphics configuration
)
Package graphics Info: Driver file: xetex.def on input line 107.

(/usr/share/texlive/texmf-dist/tex/latex/graphics-def/xetex.def
File: xetex.def 2022/09/22 v5.0n Graphics/color driver for xetex
))
\Gin@req@height=\dimen150
\Gin@req@width=\dimen151
)
(/usr/share/texlive/texmf-dist/tex/latex/geometry/geometry.sty
Package: geometry 2020/01/02 v5.9 Page Geometry

(/usr/share/texlive/texmf-dist/tex/generic/iftex/ifvtex.sty
Package: ifvtex 2019/10/25 v1.7 ifvtex legacy package. Use iftex instead.

(/usr/share/texlive/texmf-dist/tex/generic/iftex/iftex.sty
Package: iftex 2022/02/03 v1.0f TeX engine tests
))
\Gm@cnth=\count270
\Gm@cntv=\count271
\c@Gm@tempcnt=\count272
\Gm@bindingoffset=\dimen152
\Gm@wd@mp=\dimen153
\Gm@odd@mp=\dimen154
\Gm@even@mp=\dimen155
\Gm@layoutwidth=\dimen156
\Gm@layoutheight=\dimen157
\Gm@layouthoffset=\dimen158
\Gm@layoutvoffset=\dimen159
\Gm@dimlist=\toks23
)
(/usr/share/texlive/texmf-dist/tex/latex/hyperref/hyperref.sty
Package: hyperref 2024-01-20 v7.01h Hypertext links for LaTeX

(/usr/share/texlive/texmf-dist/tex/latex/kvsetkeys/kvsetkeys.sty
Package: kvsetkeys 2022-10-05 v1.19 Key value parser (HO)
)
(/usr/share/texlive/texmf-dist/tex/generic/kvdefinekeys/kvdefinekeys.sty
Package: kvdefinekeys 2019-12-19 v1.6 Define keys (HO)
)
(/usr/share/texlive/texmf-dist/tex/generic/pdfescape/pdfescape.sty
Package: pdfescape 2019/12/09 v1.15 Implements pdfTeX's escape features (HO)

(/usr/share/texlive/texmf-dist/tex/generic/ltxcmds/ltxcmds.sty
Package: ltxcmds 2023-12-04 v1.26 LaTeX kernel commands for general use (HO)
)
(/usr/share/texlive/texmf-dist/tex/generic/pdftexcmds/pdftexcmds.sty
Package: pdftexcmds 2020-06-27 v0.33 Utility functions of pdfTeX for LuaTeX (HO
)

(/usr/share/texlive/texmf-dist/tex/generic/infwarerr/infwarerr.sty
Package: infwarerr 2019/12/03 v1.5 Providing info/warning/error messages (HO)
)
Package pdftexcmds Info: \pdf@primitive is available.
Package pdftexcmds Info: \pdf@ifprimitive is available.
Package pdftexcmds Info: \pdfdraftmode not found.
))
(/usr/share/texlive/texmf-dist/tex/latex/hycolor/hycolor.sty
Package: hycolor 2020-01-27 v1.10 Color options for hyperref/bookmark (HO)
)
(/usr/share/texlive/texmf-dist/tex/latex/auxhook/auxhook.sty
Package: auxhook 2019-12-17 v1.6 Hooks for auxiliary files (HO)
)
(/usr/share/texlive/texmf-dist/tex/latex/hyperref/nameref.sty
Package: nameref 2023-11-26 v2.56 Cross-referencing by name of section

(/usr/share/texlive/texmf-dist/tex/latex/refcount/refcount.sty
Package: refcount 2019/12/15 v3.6 Data extraction from label references (HO)
)
(/usr/share/texlive/texmf-dist/tex/generic/gettitlestring/gettitlestring.sty
Package: gettitlestring 2019/12/15 v1.6 Cleanup title references (HO)

(/usr/share/texlive/texmf-dist/tex/latex/kvoptions/kvoptions.sty
Package: kvoptions 2022-06-15 v3.15 Key value format for package options (HO)
))
\c@section@level=\count273
)
(/usr/share/texlive/texmf-dist/tex/latex/etoolbox/etoolbox.sty
Package: etoolbox 2020/10/05 v2.5k e-TeX tools for LaTeX (JAW)
\etb@tempcnta=\count274
)
\@linkdim=\dimen160
\Hy@linkcounter=\count275
\Hy@pagecounter=\count276

(/usr/share/texlive/texmf-dist/tex/latex/hyperref/pd1enc.def
File: pd1enc.def 2024-01-20 v7.01h Hyperref: PDFDocEncoding definition (HO)
)
(/usr/share/texlive/texmf-dist/tex/generic/intcalc/intcalc.sty
Package: intcalc 2019/12/15 v1.3 Expandable calculations with integers (HO)
)
\Hy@SavedSpaceFactor=\count277

(/usr/share/texlive/texmf-dist/tex/latex/hyperref/puenc.def
File: puenc.def 2024-01-20 v7.01h Hyperref: PDF Unicode definition (HO)
)
Package hyperref Info: Hyper figures OFF on input line 4179.
Package hyperref Info: Link nesting OFF on input line 4184.
Package hyperref Info: Hyper index ON on input line 4187.
Package hyperref Info: Plain pages OFF on input line 4194.
Package hyperref Info: Backreferencing OFF on input line 4199.
Package hyperref Info: Implicit mode ON; LaTeX internals redefined.
Package hyperref Info: Bookmarks ON on input line 4446.
\c@Hy@tempcnt=\count278

(/usr/share/texlive/texmf-dist/tex/latex/url/url.sty
\Urlmuskip=\muskip17
Package: url 2013/09/16  ver 3.4  Verb mode for urls, etc.
)
LaTeX Info: Redefining \url on input line 4784.
\XeTeXLinkMargin=\dimen161

(/usr/share/texlive/texmf-dist/tex/generic/bitset/bitset.sty
Package: bitset 2019/12/09 v1.3 Handle bit-vector datatype (HO)

(/usr/share/texlive/texmf-dist/tex/generic/bigintcalc/bigintcalc.sty
Package: bigintcalc 2019/12/15 v1.5 Expandable calculations on big integers (HO
)
))
\Fld@menulength=\count279
\Field@Width=\dimen162
\Fld@charsize=\dimen163
Package hyperref Info: Hyper figures OFF on input line 6063.
Package hyperref Info: Link nesting OFF on input line 6068.
Package hyperref Info: Hyper index ON on input line 6071.
Package hyperref Info: backreferencing OFF on input line 6078.
Package hyperref Info: Link coloring OFF on input line 6083.
Package hyperref Info: Link coloring with OCG OFF on input line 6088.
Package hyperref Info: PDF/A mode OFF on input line 6093.

(/usr/share/texlive/texmf-dist/tex/latex/base/atbegshi-ltx.sty
Package: atbegshi-ltx 2021/01/10 v1.0c Emulation of the original atbegshi
package with kernel methods
)
\Hy@abspage=\count280
\c@Item=\count281
\c@Hfootnote=\count282
)
Package hyperref Info: Driver (autodetected): hxetex.

(/usr/share/texlive/texmf-dist/tex/latex/hyperref/hxetex.def
File: hxetex.def 2024-01-20 v7.01h Hyperref driver for XeTeX

(/usr/share/texlive/texmf-dist/tex/generic/stringenc/stringenc.sty
Package: stringenc 2019/11/29 v1.12 Convert strings between diff. encodings (HO
)
)
\pdfm@box=\box53
\c@Hy@AnnotLevel=\count283
\HyField@AnnotCount=\count284
\Fld@listcount=\count285
\c@bookmark@seq@number=\count286

(/usr/share/texlive/texmf-dist/tex/latex/rerunfilecheck/rerunfilecheck.sty
Package: rerunfilecheck 2022-07-10 v1.10 Rerun checks for auxiliary files (HO)

(/usr/share/texlive/texmf-dist/tex/latex/base/atveryend-ltx.sty
Package: atveryend-ltx 2020/08/19 v1.0a Emulation of the original atveryend pac
kage
with kernel methods
)
(/usr/share/texlive/texmf-dist/tex/generic/uniquecounter/uniquecounter.sty
Package: uniquecounter 2019/12/15 v1.4 Provide unlimited unique counter (HO)
)
Package uniquecounter Info: New unique counter `rerunfilecheck' on input line 2
85.
)
\Hy@SectionHShift=\skip53
)
Package hyperref Info: Option `colorlinks' set `true' on input line 19.

(/usr/share/texlive/texmf-dist/tex/latex/listings/listings.sty
\lst@mode=\count287
\lst@gtempboxa=\box54
\lst@token=\toks24
\lst@length=\count288
\lst@currlwidth=\dimen164
\lst@column=\count289
\lst@pos=\count290
\lst@lostspace=\dimen165
\lst@width=\dimen166
\lst@newlines=\count291
\lst@lineno=\count292
\lst@maxwidth=\dimen167

(/usr/share/texlive/texmf-dist/tex/latex/listings/lstmisc.sty
File: lstmisc.sty 2023/02/27 1.9 (Carsten Heinz)
\c@lstnumber=\count293
\lst@skipnumbers=\count294
\lst@framebox=\box55
)
(/usr/share/texlive/texmf-dist/tex/latex/listings/listings.cfg
File: listings.cfg 2023/02/27 1.9 listings configuration
))
Package: listings 2023/02/27 1.9 (Carsten Heinz)

(/usr/share/texlive/texmf-dist/tex/latex/caption/subcaption.sty
Package: subcaption 2023/07/28 v1.6b Sub-captions (AR)

(/usr/share/texlive/texmf-dist/tex/latex/caption/caption.sty
Package: caption 2023/08/05 v3.6o Customizing captions (AR)

(/usr/share/texlive/texmf-dist/tex/latex/caption/caption3.sty
Package: caption3 2023/07/31 v2.4d caption3 kernel (AR)
\caption@tempdima=\dimen168
\captionmargin=\dimen169
\caption@leftmargin=\dimen170
\caption@rightmargin=\dimen171
\caption@width=\dimen172
\caption@indent=\dimen173
\caption@parindent=\dimen174
\caption@hangindent=\dimen175
Package caption Info: Standard document class detected.
)
\c@caption@flags=\count295
\c@continuedfloat=\count296
Package caption Info: hyperref package is loaded.
Package caption Info: listings package is loaded.
)
Package caption Info: New subtype `subfigure' on input line 238.
\c@subfigure=\count297
Package caption Info: New subtype `subtable' on input line 238.
\c@subtable=\count298
)
(/usr/share/texlive/texmf-dist/tex/latex/float/float.sty
Package: float 2001/11/08 v1.3d Float enhancements (AL)
\c@float@type=\count299
\float@exts=\toks25
\float@box=\box56
\@float@everytoks=\toks26
\@floatcapt=\box57
)
(/usr/share/texlive/texmf-dist/tex/latex/xcolor/xcolor.sty
Package: xcolor 2023/11/15 v3.01 LaTeX color extensions (UK)

(/usr/share/texlive/texmf-dist/tex/latex/graphics-cfg/color.cfg
File: color.cfg 2016/01/02 v1.6 sample color configuration
)
Package xcolor Info: Driver file: xetex.def on input line 274.

(/usr/share/texlive/texmf-dist/tex/latex/graphics/mathcolor.ltx)
Package xcolor Info: Model `cmy' substituted by `cmy0' on input line 1350.
Package xcolor Info: Model `RGB' extended on input line 1366.
Package xcolor Info: Model `HTML' substituted by `rgb' on input line 1368.
Package xcolor Info: Model `Hsb' substituted by `hsb' on input line 1369.
Package xcolor Info: Model `tHsb' substituted by `hsb' on input line 1370.
Package xcolor Info: Model `HSB' substituted by `hsb' on input line 1371.
Package xcolor Info: Model `Gray' substituted by `gray' on input line 1372.
Package xcolor Info: Model `wave' substituted by `hsb' on input line 1373.
)
(/usr/share/texlive/texmf-dist/tex/latex/tools/longtable.sty
Package: longtable 2023-11-01 v4.19 Multi-page Table package (DPC)
\LTleft=\skip54
\LTright=\skip55
\LTpre=\skip56
\LTpost=\skip57
\LTchunksize=\count300
\LTcapwidth=\dimen176
\LT@head=\box58
\LT@firsthead=\box59
\LT@foot=\box60
\LT@lastfoot=\box61
\LT@gbox=\box62
\LT@cols=\count301
\LT@rows=\count302
\c@LT@tables=\count303
\c@LT@chunks=\count304
\LT@p@ftn=\toks27
)
(/usr/share/texlive/texmf-dist/tex/latex/booktabs/booktabs.sty
Package: booktabs 2020/01/12 v1.61803398 Publication quality tables
\heavyrulewidth=\dimen177
\lightrulewidth=\dimen178
\cmidrulewidth=\dimen179
\belowrulesep=\dimen180
\belowbottomsep=\dimen181
\aboverulesep=\dimen182
\abovetopsep=\dimen183
\cmidrulesep=\dimen184
\cmidrulekern=\dimen185
\defaultaddspace=\dimen186
\@cmidla=\count305
\@cmidlb=\count306
\@aboverulesep=\dimen187
\@belowrulesep=\dimen188
\@thisruleclass=\count307
\@lastruleclass=\count308
\@thisrulewidth=\dimen189
)
(/usr/share/texlive/texmf-dist/tex/latex/titlesec/titlesec.sty
Package: titlesec 2023/10/27 v2.16 Sectioning titles
\ttl@box=\box63
\beforetitleunit=\skip58
\aftertitleunit=\skip59
\ttl@plus=\dimen190
\ttl@minus=\dimen191
\ttl@toksa=\toks28
\titlewidth=\dimen192
\titlewidthlast=\dimen193
\titlewidthfirst=\dimen194
)
(/usr/share/texlive/texmf-dist/tex/latex/tocloft/tocloft.sty
Package: tocloft 2017/08/31 v2.3i parameterised ToC, etc., typesetting
Package tocloft Info: The document has chapter divisions on input line 51.
\cftparskip=\skip60
\cftbeforetoctitleskip=\skip61
\cftaftertoctitleskip=\skip62
\cftbeforepartskip=\skip63
\cftpartnumwidth=\skip64
\cftpartindent=\skip65
\cftbeforechapskip=\skip66
\cftchapindent=\skip67
\cftchapnumwidth=\skip68
\cftbeforesecskip=\skip69
\cftsecindent=\skip70
\cftsecnumwidth=\skip71
\cftbeforesubsecskip=\skip72
\cftsubsecindent=\skip73
\cftsubsecnumwidth=\skip74
\cftbeforesubsubsecskip=\skip75
\cftsubsubsecindent=\skip76
\cftsubsubsecnumwidth=\skip77
\cftbeforeparaskip=\skip78
\cftparaindent=\skip79
\cftparanumwidth=\skip80
\cftbeforesubparaskip=\skip81
\cftsubparaindent=\skip82
\cftsubparanumwidth=\skip83
\cftbeforeloftitleskip=\skip84
\cftafterloftitleskip=\skip85
\cftbeforefigskip=\skip86
\cftfigindent=\skip87
\cftfignumwidth=\skip88
\c@lofdepth=\count309
\c@lotdepth=\count310
\cftbeforelottitleskip=\skip89
\cftafterlottitleskip=\skip90
\cftbeforetabskip=\skip91
\cfttabindent=\skip92
\cfttabnumwidth=\skip93
)
(/usr/share/texlive/texmf-dist/tex/latex/fancyhdr/fancyhdr.sty
Package: fancyhdr 2022/11/09 v4.1 Extensive control of page headers and footers

\f@nch@headwidth=\skip94
\f@nch@O@elh=\skip95
\f@nch@O@erh=\skip96
\f@nch@O@olh=\skip97
\f@nch@O@orh=\skip98
\f@nch@O@elf=\skip99
\f@nch@O@erf=\skip100
\f@nch@O@olf=\skip101
\f@nch@O@orf=\skip102
)
(/usr/share/texlive/texmf-dist/tex/xelatex/xepersian/xepersian.sty
Package: xepersian 2023/08/30 v25.0 (Release Women, Life, and Freedom) Persian 
typesetting in XeLaTeX

(/usr/share/texlive/texmf-dist/tex/latex/fontspec/fontspec.sty
(/usr/share/texlive/texmf-dist/tex/latex/l3packages/xparse/xparse.sty
(/usr/share/texlive/texmf-dist/tex/latex/l3kernel/expl3.sty
Package: expl3 2024-01-22 L3 programming layer (loader) 

(/usr/share/texlive/texmf-dist/tex/latex/l3backend/l3backend-xetex.def
File: l3backend-xetex.def 2024-01-04 L3 backend support: XeTeX
\g__graphics_track_int=\count311
\l__pdf_internal_box=\box64
\g__pdf_backend_object_int=\count312
\g__pdf_backend_annotation_int=\count313
\g__pdf_backend_link_int=\count314
))
Package: xparse 2023-10-10 L3 Experimental document command parser
)
Package: fontspec 2022/01/15 v2.8a Font selection for XeLaTeX and LuaLaTeX

(/usr/share/texlive/texmf-dist/tex/latex/fontspec/fontspec-xetex.sty
Package: fontspec-xetex 2022/01/15 v2.8a Font selection for XeLaTeX and LuaLaTe
X
\l__fontspec_script_int=\count315
\l__fontspec_language_int=\count316
\l__fontspec_strnum_int=\count317
\l__fontspec_tmp_int=\count318
\l__fontspec_tmpa_int=\count319
\l__fontspec_tmpb_int=\count320
\l__fontspec_tmpc_int=\count321
\l__fontspec_em_int=\count322
\l__fontspec_emdef_int=\count323
\l__fontspec_strong_int=\count324
\l__fontspec_strongdef_int=\count325
\l__fontspec_tmpa_dim=\dimen195
\l__fontspec_tmpb_dim=\dimen196
\l__fontspec_tmpc_dim=\dimen197

(/usr/share/texlive/texmf-dist/tex/latex/base/fontenc.sty
Package: fontenc 2021/04/29 v2.0v Standard LaTeX package
)
(/usr/share/texlive/texmf-dist/tex/latex/fontspec/fontspec.cfg)))
(/usr/share/texlive/texmf-dist/tex/xelatex/xepersian/xepersian-persiancal.sty
Package: xepersian-persiancal 2012/07/25 v0.2 provides Persian calendar
\XePersian@i=\count326
\XePersian@y=\count327
\XePersian@m=\count328
\XePersian@d=\count329
\XePersian@latini=\count330
\XePersian@persiani=\count331
\XePersian@latinii=\count332
\XePersian@persianii=\count333
\XePersian@latiniii=\count334
\XePersian@persianiii=\count335
\XePersian@latiniv=\count336
\XePersian@persianiv=\count337
\XePersian@latinv=\count338
\XePersian@persianv=\count339
\XePersian@latinvi=\count340
\XePersian@persianvi=\count341
\XePersian@latinvii=\count342
\XePersian@persianvii=\count343
\XePersian@latinviii=\count344
\XePersian@persianviii=\count345
\XePersian@latinix=\count346
\XePersian@persianix=\count347
\XePersian@latinx=\count348
\XePersian@persianx=\count349
\XePersian@latinxi=\count350
\XePersian@persianxi=\count351
\XePersian@latinxii=\count352
\XePersian@persianxii=\count353
\XePersian@persianxiii=\count354
\XePersian@temp=\count355
\XePersian@temptwo=\count356
\XePersian@tempthree=\count357
\XePersian@yModHundred=\count358
\XePersian@thirtytwo=\count359
\XePersian@dn=\count360
\XePersian@sn=\count361
\XePersian@mminusone=\count362
)
(/usr/share/texlive/texmf-dist/tex/xelatex/xepersian/xepersian-mathdigitspec.st
y
Package: xepersian-mathdigitspec 2022/05/20 v1.2.0 Unicode Persian math digits 
in XeLaTeX
) (/usr/share/texlive/texmf-dist/tex/xelatex/bidi/bidi.sty
Package: bidi 2023/08/02 v39.8 (Release Donald Ervin Knuth) Bidirectional types
etting in plain TeX and LaTeX

****************************************************
* 
* bidi package (Bidirectional typesetting in
* plain TeX and LaTeX, using XeTeX engine)
* 
* Description: A convenient interface for
* typesetting bidirectional texts in plain TeX
* and LaTeX. The package includes adaptations
* for use with many other commonly-used packages.
* 
* Copyright (c) 2007--2023 Vafa Khalighi
* Copyright (c) 2018--2020 bidi-tex GitHub organization
* 
* v39.8 (Release Donald Ervin Knuth), 2023/08/02
* 
* License: LaTeX Project Public License, version
* 1.3c or higher (your choice)
* 
* Location on CTAN: /macros/xetex/latex/bidi
* 
* Issue tracker: https://github.com/kvafa/bidi/issues
* 
* Discussions: https://github.com/kvafa/bidi/discussions
* 
* Primary author of bidi package: Vafa Khalighi.
* 
****************************************************
(/usr/share/texlive/texmf-dist/tex/xelatex/bidi/biditools.sty
Package: biditools 2022/06/15 v2.3 Programming tools for bidi package
\@bidi@envbody=\toks29
\@bidi@emptytoks=\toks30
\bidi@poscount=\count363
\bidi@tempcountb=\count364
\bidi@temptoksa=\toks31
\bidi@temptoksb=\toks32
\bidi@dummies=\count365
\bidi@are@these@correct=\toks33
\bidi@toks@lista=\toks34
\bidi@toks@listb=\toks35
\bidi@stack@length=\count366
\bidi@empty@stack=\toks36
\bidi@looprepeat@depth=\count367
)
(/usr/share/texlive/texmf-dist/tex/latex/zref/zref-abspage.sty
Package: zref-abspage 2023-09-14 v2.35 Module abspage for zref (HO)

(/usr/share/texlive/texmf-dist/tex/latex/zref/zref-base.sty
Package: zref-base 2023-09-14 v2.35 Module base for zref (HO)

(/usr/share/texlive/texmf-dist/tex/generic/etexcmds/etexcmds.sty
Package: etexcmds 2019/12/15 v1.7 Avoid name clashes with e-TeX commands (HO)
)
Package zref Info: New property list: main on input line 767.
Package zref Info: New property: default on input line 768.
Package zref Info: New property: page on input line 769.
)
\c@abspage=\count368
Package zref Info: New property: abspage on input line 67.
)
(/usr/share/texlive/texmf-dist/tex/latex/xkeyval/xkeyval.sty
Package: xkeyval 2022/06/16 v2.9 package option processing (HA)

(/usr/share/texlive/texmf-dist/tex/generic/xkeyval/xkeyval.tex
(/usr/share/texlive/texmf-dist/tex/generic/xkeyval/xkvutils.tex
\XKV@toks=\toks37
\XKV@tempa@toks=\toks38
)
\XKV@depth=\count369
File: xkeyval.tex 2014/12/03 v2.7a key=value parser (HA)
))
\@bidi@copyins@=\insert252

(/usr/share/texlive/texmf-dist/tex/xelatex/bidi/latex-xetex-bidi.def
File: latex-xetex-bidi.def 2022/07/04 v1.4.9 bidi adaptations for `latex.ltx' f
or XeTeX engine
\bidi@n@everypar=\toks39
\bidi@column@check@number=\count370

(/usr/share/texlive/texmf-dist/tex/xelatex/bidi/footnote-xetex-bidi.def
File: footnote-xetex-bidi.def 2023/01/18 v1.2 bidi footnote macros for XeTeX en
gine
\c@footdir@label=\count371
\footdir@toks=\toks40
)
(/usr/share/texlive/texmf-dist/tex/xelatex/bidi/book-xetex-bidi.def
File: book-xetex-bidi.def 2017/06/09 v1.0 bidi adaptations for standard book cl
ass for XeTeX engine
)
(/usr/share/texlive/texmf-dist/tex/xelatex/bidi/amsmath-xetex-bidi.def
File: amsmath-xetex-bidi.def 2020/05/16 v1.2 bidi adaptations for amsmath packa
ge for XeTeX engine
)
(/usr/share/texlive/texmf-dist/tex/xelatex/bidi/amstext-xetex-bidi.def
File: amstext-xetex-bidi.def 2016/09/12 v0.2 bidi adaptations for amstext packa
ge for XeTeX engine
)
(/usr/share/texlive/texmf-dist/tex/xelatex/bidi/caption-xetex-bidi.def
File: caption-xetex-bidi.def 2010/07/25 v0.1 bidi adaptations for caption packa
ge for XeTeX engine
)
(/usr/share/texlive/texmf-dist/tex/xelatex/bidi/caption3-xetex-bidi.def
File: caption3-xetex-bidi.def 2013/04/01 v0.1 bidi adaptations for caption3 pac
kage for XeTeX engine
)
(/usr/share/texlive/texmf-dist/tex/xelatex/bidi/color-xetex-bidi.def
File: color-xetex-bidi.def 2013/04/08 v0.2 bidi adaptations for color package f
or XeTeX engine
LaTeX Info: Redefining \color on input line 49.
)
(/usr/share/texlive/texmf-dist/tex/xelatex/bidi/xcolor-xetex-bidi.def
File: xcolor-xetex-bidi.def 2022/06/13 v0.3 bidi adaptations for xcolor package
 for XeTeX engine
LaTeX Info: Redefining \color on input line 48.
LaTeX Info: Redefining \bidicolor on input line 91.
)
(/usr/share/texlive/texmf-dist/tex/xelatex/bidi/float-xetex-bidi.def
File: float-xetex-bidi.def 2013/04/04 v0.2 bidi adaptations for float package f
or XeTeX engine
)
(/usr/share/texlive/texmf-dist/tex/xelatex/bidi/graphicx-xetex-bidi.def
File: graphicx-xetex-bidi.def 2017/06/17 v0.5 bidi adaptations for graphicx pac
kage for XeTeX engine
)
(/usr/share/texlive/texmf-dist/tex/xelatex/bidi/geometry-xetex-bidi.def
File: geometry-xetex-bidi.def 2017/01/14 v0.2 bidi adaptations for geometry pac
kage for XeTeX engine
)
(/usr/share/texlive/texmf-dist/tex/xelatex/bidi/longtable-xetex-bidi.def
File: longtable-xetex-bidi.def 2022/05/20 v0.6 bidi adaptations for longtable p
ackage for XeTeX engine
)
(/usr/share/texlive/texmf-dist/tex/xelatex/bidi/hyperref-xetex-bidi.def
File: hyperref-xetex-bidi.def 2018/11/11 v1.1 bidi adaptations for hyperref pac
kage for XeTeX engine
)
(/usr/share/texlive/texmf-dist/tex/xelatex/bidi/fancyhdr-xetex-bidi.def
File: fancyhdr-xetex-bidi.def 2018/02/15 v0.7 bidi adaptations for fancyhdr pac
kage for XeTeX engine
)
(/usr/share/texlive/texmf-dist/tex/xelatex/bidi/listings-xetex-bidi.def
File: listings-xetex-bidi.def 2018/09/15 v1.5 bidi adaptations for listings pac
kage for XeTeX engine
)
(/usr/share/texlive/texmf-dist/tex/xelatex/bidi/titlesec-xetex-bidi.def
File: titlesec-xetex-bidi.def 2010/07/25 v0.1 bidi adaptations for titlesec pac
kage for XeTeX engine
)
(/usr/share/texlive/texmf-dist/tex/xelatex/bidi/tocloft-xetex-bidi.def
File: tocloft-xetex-bidi.def 2023/08/02 v0.3 bidi adaptations for tocloft packa
ge for XeTeX engine
))
(/usr/share/texlive/texmf-dist/tex/xelatex/bidi/loadingorder-xetex-bidi.def
File: loadingorder-xetex-bidi.def 2017/12/29 v0.97 making sure that bidi is the
 last package loaded
)
\bidi@digits=\count372
\bidi@digits@charclass=\XeTeXcharclass1
\bidi@sepmark@charclass=\XeTeXcharclass2
)
****************************************************
* 
* xepersian package (Persian for LaTeX, using XeTeX engine)
* 
* Description: The package supports Persian
* typesetting, using fonts provided in the
* distribution.
* 
* Copyright (c) 2008--2023 Vafa Khalighi
* Copyright (c) 2018--2020 bidi-tex GitHub Organization
* 
* v25.0 (Release Women, Life, and Freedom), 2023/08/30
* 
* License: LaTeX Project Public License, version
* 1.3c or higher (your choice)
* 
* Location on CTAN: /macros/xetex/latex/xepersian
* 
* Issue tracker: https://github.com/kvafa/xepersian/issues
* 
* Discussions: https://github.com/kvafa/xepersian/discussions
* 
* Primary author of xepersian package: Vafa Khalighi.
* 
****************************************************
\xepersian@tcl=\count373
\xepersian@ilg=\dimen198
\xepersian@strutilg=\dimen199

(/usr/share/texlive/texmf-dist/tex/xelatex/xepersian/loadingorder-xepersian.def
File: loadingorder-xepersian.def 2018/09/29 v0.5 making sure that xepersian is 
the last package loaded
) (/usr/share/texlive/texmf-dist/tex/xelatex/xepersian/footnote-xepersian.def
File: footnote-xepersian.def 2017/08/09 v0.6 footnote macros for xepersian pack
age
)
(/usr/share/texlive/texmf-dist/tex/xelatex/xepersian/listings-xepersian.def
File: listings-xepersian.def 2014/07/17 v0.3 bilingual captions for listings pa
ckage
)
(/usr/share/texlive/texmf-dist/tex/xelatex/xepersian/hyperref-xepersian.def
File: hyperref-xepersian.def 2022/10/30 v0.8 xepersian adaptations for hyperref
 package
)
(/usr/share/texlive/texmf-dist/tex/xelatex/xepersian/tocloft-xepersian.def
File: tocloft-xepersian.def 2010/07/25 v0.1 bilingual captions for tocloft pack
age
)
(/usr/share/texlive/texmf-dist/tex/xelatex/xepersian/url-xepersian.def
File: url-xepersian.def 2022/02/18 v0.1 adaptations for url package
)
(/usr/share/texlive/texmf-dist/tex/xelatex/xepersian/book-xepersian.def
File: book-xepersian.def 2010/07/25 v0.2 adaptations for standard book class
)

Package fontspec Info: Font family 'lmroman10-regular(0)' created for font
(fontspec)             'lmroman10-regular' with options
(fontspec)             [Ligatures=TeX,Path,BoldFont={lmroman10-bold},BoldItalic
Font={lmroman10-bolditalic},ItalicFont={lmroman10-italic},SmallCapsFont={lmroma
ncaps10-regular},SlantedFont={lmromanslant10-regular},BoldSlantedFont={lmromans
lant10-bold}].
(fontspec)              
(fontspec)              This font family consists of the following NFSS
(fontspec)             series/shapes:
(fontspec)              
(fontspec)             - 'normal' (m/n) with NFSS spec.:
(fontspec)             <->"[lmroman10-regular]/OT:script=latn;language=dflt;map
ping=tex-text;"
(fontspec)             - 'small caps'  (m/sc) with NFSS spec.:
(fontspec)             <->"[lmromancaps10-regular]/OT:script=latn;language=dflt
;mapping=tex-text;"
(fontspec)             - 'bold' (b/n) with NFSS spec.:
(fontspec)             <->"[lmroman10-bold]/OT:script=latn;language=dflt;mappin
g=tex-text;"
(fontspec)             - 'bold small caps'  (b/sc) with NFSS spec.:
(fontspec)             <->"[lmromancaps10-regular]/OT:script=latn;language=dflt
;mapping=tex-text;"
(fontspec)             - 'italic' (m/it) with NFSS spec.:
(fontspec)             <->"[lmroman10-italic]/OT:script=latn;language=dflt;mapp
ing=tex-text;"
(fontspec)             - 'italic small caps'  (m/scit) with NFSS spec.:
(fontspec)             <->"[lmromancaps10-regular]/OT:script=latn;language=dflt
;mapping=tex-text;"
(fontspec)             - 'slanted' (m/sl) with NFSS spec.:
(fontspec)             <->"[lmromanslant10-regular]/OT:script=latn;language=dfl
t;mapping=tex-text;"
(fontspec)             - 'slanted small caps'  (m/scsl) with NFSS spec.:
(fontspec)             <->"[lmromancaps10-regular]/OT:script=latn;language=dflt
;mapping=tex-text;"
(fontspec)             - 'bold italic' (b/it) with NFSS spec.:
(fontspec)             <->"[lmroman10-bolditalic]/OT:script=latn;language=dflt;
mapping=tex-text;"
(fontspec)             - 'bold italic small caps'  (b/scit) with NFSS spec.:
(fontspec)             <->"[lmromancaps10-regular]/OT:script=latn;language=dflt
;mapping=tex-text;"
(fontspec)             - 'bold slanted' (b/sl) with NFSS spec.:
(fontspec)             <->"[lmromanslant10-bold]/OT:script=latn;language=dflt;m
apping=tex-text;"
(fontspec)             - 'bold slanted small caps'  (b/scsl) with NFSS spec.:
(fontspec)             <->"[lmromancaps10-regular]/OT:script=latn;language=dflt
;mapping=tex-text;"

)

Package fontspec Info: Could not resolve font "Vazirmatn/I" (it probably
(fontspec)             doesn't exist).


Package fontspec Info: Font family 'Vazirmatn(0)' created for font 'Vazirmatn'
(fontspec)             with options
(fontspec)             [RawFeature={script=arab},Ligatures=PersianTeX].
(fontspec)              
(fontspec)              This font family consists of the following NFSS
(fontspec)             series/shapes:
(fontspec)              
(fontspec)             - 'normal' (m/n) with NFSS spec.:
(fontspec)             <->"Vazirmatn/OT:script=latn;language=dflt;script=arab;m
apping=persian-tex-text;"
(fontspec)             - 'small caps'  (m/sc) with NFSS spec.:
(fontspec)             <->"Vazirmatn/OT:script=latn;language=dflt;script=arab;+
smcp;mapping=persian-tex-text;"
(fontspec)             - 'bold' (b/n) with NFSS spec.:
(fontspec)             <->"Vazirmatn/B/OT:script=latn;language=dflt;script=arab
;mapping=persian-tex-text;"
(fontspec)             - 'bold small caps'  (b/sc) with NFSS spec.:
(fontspec)             <->"Vazirmatn/B/OT:script=latn;language=dflt;script=arab
;+smcp;mapping=persian-tex-text;"
(fontspec)             - 'bold italic' (b/it) with NFSS spec.:
(fontspec)             <->"Vazirmatn/BI/OT:script=latn;language=dflt;script=ara
b;mapping=persian-tex-text;"
(fontspec)             - 'bold italic small caps'  (b/scit) with NFSS spec.:
(fontspec)             <->"Vazirmatn/BI/OT:script=latn;language=dflt;script=ara
b;+smcp;mapping=persian-tex-text;"


(/usr/share/texlive/texmf-dist/tex/latex/listings/lstlang1.sty
File: lstlang1.sty 2023/02/27 1.9 listings language file
) (./Report.aux)
\openout1 = `Report.aux'.

LaTeX Font Info:    Checking defaults for OML/cmm/m/it on input line 109.
LaTeX Font Info:    ... okay on input line 109.
LaTeX Font Info:    Checking defaults for OMS/cmsy/m/n on input line 109.
LaTeX Font Info:    ... okay on input line 109.
LaTeX Font Info:    Checking defaults for OT1/cmr/m/n on input line 109.
LaTeX Font Info:    ... okay on input line 109.
LaTeX Font Info:    Checking defaults for T1/cmr/m/n on input line 109.
LaTeX Font Info:    ... okay on input line 109.
LaTeX Font Info:    Checking defaults for TS1/cmr/m/n on input line 109.
LaTeX Font Info:    Trying to load font information for TS1+cmr on input line 1
09.

(/usr/share/texlive/texmf-dist/tex/latex/base/ts1cmr.fd
File: ts1cmr.fd 2023/04/13 v2.5m Standard LaTeX font definitions
)
LaTeX Font Info:    ... okay on input line 109.
LaTeX Font Info:    Checking defaults for TU/lmr/m/n on input line 109.
LaTeX Font Info:    ... okay on input line 109.
LaTeX Font Info:    Checking defaults for OMX/cmex/m/n on input line 109.
LaTeX Font Info:    ... okay on input line 109.
LaTeX Font Info:    Checking defaults for U/cmr/m/n on input line 109.
LaTeX Font Info:    ... okay on input line 109.
LaTeX Font Info:    Checking defaults for PD1/pdf/m/n on input line 109.
LaTeX Font Info:    ... okay on input line 109.
LaTeX Font Info:    Checking defaults for PU/pdf/m/n on input line 109.
LaTeX Font Info:    ... okay on input line 109.

*geometry* driver: auto-detecting
*geometry* detected driver: xetex
*geometry* verbose mode - [ preamble ] result:
* driver: xetex
* paper: a4paper
* layout: <same size as paper>
* layoutoffset:(h,v)=(0.0pt,0.0pt)
* modes: 
* h-part:(L,W,R)=(71.13188pt, 455.24411pt, 71.13188pt)
* v-part:(T,H,B)=(71.13188pt, 702.78308pt, 71.13188pt)
* \paperwidth=597.50787pt
* \paperheight=845.04684pt
* \textwidth=455.24411pt
* \textheight=702.78308pt
* \oddsidemargin=-1.1381pt
* \evensidemargin=-1.1381pt
* \topmargin=-33.0119pt
* \headheight=14.0pt
* \headsep=14.22636pt
* \topskip=11.0pt
* \footskip=27.46295pt
* \marginparwidth=53.0pt
* \marginparsep=7.0pt
* \columnsep=10.0pt
* \skip\footins=10.0pt plus 4.0pt minus 2.0pt
* \hoffset=0.0pt
* \voffset=0.0pt
* \mag=1000
* \@twocolumnfalse
* \@twosidefalse
* \@mparswitchfalse
* \@reversemarginfalse
* (1in=72.27pt=25.4mm, 1cm=28.453pt)

Package hyperref Info: Link coloring ON on input line 109.
(./Report.out) (./Report.out)
\@outlinefile=\write3
\openout3 = `Report.out'.

\c@lstlisting=\count374
Package caption Info: Begin \AtBeginDocument code.
Package caption Info: float package is loaded.
Package caption Info: longtable package is loaded.

(/usr/share/texlive/texmf-dist/tex/latex/caption/ltcaption.sty
Package: ltcaption 2021/01/08 v1.4c longtable captions (AR)
)
Package caption Info: End \AtBeginDocument code.
LaTeX Font Info:    Trying to load font information for U+msa on input line 113
.

(/usr/share/texlive/texmf-dist/tex/latex/amsfonts/umsa.fd
File: umsa.fd 2013/01/14 v3.01 AMS symbols A
)
LaTeX Font Info:    Trying to load font information for U+msb on input line 113
.

(/usr/share/texlive/texmf-dist/tex/latex/amsfonts/umsb.fd
File: umsb.fd 2013/01/14 v3.01 AMS symbols B
) [1


]
(./chapters/00_preface.tex [1


]
LaTeX Font Info:    Font shape `TU/Vazirmatn(0)/m/it' in size <10.95> not avail
able
(Font)              Font shape `TU/Vazirmatn(0)/m/n' tried instead on input lin
e 33.
 [2] [3] [4] [5]) (./Report.toc [6] [7] [8]
Missing character: There is no ن (U+0646) in font [lmroman10-regular]/OT:script
=latn;language=dflt;mapping=tex-text;!
Missing character: There is no ا (U+0627) in font [lmroman10-regular]/OT:script
=latn;language=dflt;mapping=tex-text;!
Missing character: There is no س (U+0633) in font [lmroman10-regular]/OT:script
=latn;language=dflt;mapping=tex-text;!
Missing character: There is no ا (U+0627) in font [lmroman10-regular]/OT:script
=latn;language=dflt;mapping=tex-text;!
Missing character: There is no ز (U+0632) in font [lmroman10-regular]/OT:script
=latn;language=dflt;mapping=tex-text;!
Missing character: There is no گ (U+06AF) in font [lmroman10-regular]/OT:script
=latn;language=dflt;mapping=tex-text;!
Missing character: There is no ا (U+0627) in font [lmroman10-regular]/OT:script
=latn;language=dflt;mapping=tex-text;!
Missing character: There is no ر (U+0631) in font [lmroman10-regular]/OT:script
=latn;language=dflt;mapping=tex-text;!
Missing character: There is no ی (U+06CC) in font [lmroman10-regular]/OT:script
=latn;language=dflt;mapping=tex-text;!
Missing character: There is no ِ (U+0650) in font [lmroman10-regular]/OT:script
=latn;language=dflt;mapping=tex-text;!
Missing character: There is no ت (U+062A) in font [lmroman10-regular]/OT:script
=latn;language=dflt;mapping=tex-text;!
Missing character: There is no س (U+0633) in font [lmroman10-regular]/OT:script
=latn;language=dflt;mapping=tex-text;!
Missing character: There is no ا (U+0627) in font [lmroman10-regular]/OT:script
=latn;language=dflt;mapping=tex-text;!
Missing character: There is no و (U+0648) in font [lmroman10-regular]/OT:script
=latn;language=dflt;mapping=tex-text;!
Missing character: There is no ی (U+06CC) in font [lmroman10-regular]/OT:script
=latn;language=dflt;mapping=tex-text;!
Missing character: There is no ِ (U+0650) in font [lmroman10-regular]/OT:script
=latn;language=dflt;mapping=tex-text;!
Missing character: There is no م (U+0645) in font [lmroman10-regular]/OT:script
=latn;language=dflt;mapping=tex-text;!
Missing character: There is no ب (U+0628) in font [lmroman10-regular]/OT:script
=latn;language=dflt;mapping=tex-text;!
Missing character: There is no ت (U+062A) in font [lmroman10-regular]/OT:script
=latn;language=dflt;mapping=tex-text;!
Missing character: There is no ن (U+0646) in font [lmroman10-regular]/OT:script
=latn;language=dflt;mapping=tex-text;!
Missing character: There is no ی (U+06CC) in font [lmroman10-regular]/OT:script
=latn;language=dflt;mapping=tex-text;!
Missing character: There is no ب (U+0628) in font [lmroman10-regular]/OT:script
=latn;language=dflt;mapping=tex-text;!
Missing character: There is no ر (U+0631) in font [lmroman10-regular]/OT:script
=latn;language=dflt;mapping=tex-text;!
Missing character: There is no ت (U+062A) in font [lmroman10-regular]/OT:script
=latn;language=dflt;mapping=tex-text;!
Missing character: There is no ل (U+0644) in font [lmroman10-regular]/OT:script
=latn;language=dflt;mapping=tex-text;!
Missing character: There is no و (U+0648) in font [lmroman10-regular]/OT:script
=latn;language=dflt;mapping=tex-text;!
Missing character: There is no ر (U+0631) in font [lmroman10-regular]/OT:script
=latn;language=dflt;mapping=tex-text;!
Missing character: There is no ا (U+0627) in font [lmroman10-regular]/OT:script
=latn;language=dflt;mapping=tex-text;!
Missing character: There is no ن (U+0646) in font [lmroman10-regular]/OT:script
=latn;language=dflt;mapping=tex-text;!
Missing character: There is no س (U+0633) in font [lmroman10-regular]/OT:script
=latn;language=dflt;mapping=tex-text;!
[9] [10] [11]
Missing character: There is no و (U+0648) in font [lmroman10-bold]/OT:script=la
tn;language=dflt;mapping=tex-text;!
[12] [13]
Overfull \hbox (78.0187pt too wide) in paragraph at lines 384--384
 [][][] [][][][][][][]\TU/Vazirmatn(0)/m/n/10.95 DETECTOR_METADATA_KEYS، DETECT
OR_OVERRIDE_KEYS و PARAMS_METADATA_KEYS[][][][][][] [] [] 
 []


Overfull \hbox (22.05957pt too wide) in paragraph at lines 385--385
 [][][] [][][][][][][]\TU/Vazirmatn(0)/m/n/10.95 الگوی SimParams: ChannelSimPar
ams، SourceSimParams، DetectorSimParams[][][][][][] [] [] 
 []

[14] [15] [16] [17] [18])
\tf@toc=\write4
\openout4 = `Report.toc'.

 (./Report.lot)
\tf@lot=\write5
\openout5 = `Report.lot'.

 (./Report.lol)
\tf@lol=\write6
\openout6 = `Report.lol'.

 [19] [1


]
(./chapters/01_intro.tex
فصل 1.
[2

] [3] [4] [5] [6] [7] [8]) [9]
فصل 2.
(./chapters/02_params.tex
LaTeX Font Info:    Font shape `TU/lmtt/bx/n' in size <14.4> not available
(Font)              Font shape `TU/lmtt/b/n' tried instead on input line 11.

Missing character: There is no ‏ (U+200F) in font [lmmono10-regular]:!
[10

] [11]
LaTeX Font Info:    Font shape `TU/lmtt/bx/n' in size <12> not available
(Font)              Font shape `TU/lmtt/b/n' tried instead on input line 81.
 [12]
Overfull \hbox (22.53748pt too wide) in paragraph at lines 126--127
[][]\TU/lmroman10-regular(0)/m/n/10.95 LIM_2014[]\TU/Vazirmatn(0)/m/n/10.95 ، [
]\TU/lmroman10-regular(0)/m/n/10.95 MDI_QKD[]\TU/Vazirmatn(0)/m/n/10.95 ، []\TU
/lmroman10-regular(0)/m/n/10.95 PAPER_2009[]\TU/Vazirmatn(0)/m/n/10.95 ؛ \TU/lm
tt/m/n/10.95 ConfidenceBoundMethod \TU/Vazirmatn(0)/m/n/10.95 با روش‌های []\TU/
lmroman10-regular(0)/m/n/10.95 CLOPPER_PEARSON[][]
 []

Missing character: There is no ‏ (U+200F) in font [lmmono10-regular]:!
[13] [14] [15]
Overfull \hbox (21.53098pt too wide) in paragraph at lines 285--286
[]\TU/Vazirmatn(0)/m/n/10.95 هنگامی که کاربر می‌خواهد طولِ فیبر یا ضرایبِ اتلاف
 را تغییر دهد، نمی‌تواند به‌سادگی از \TU/lmtt/m/n/10.95 dataclasses.replace()[]

 []

[16]
Overfull \hbox (18.69276pt too wide) in paragraph at lines 337--338
[][]\TU/Vazirmatn(0)/b/n/10.95 ۱. مؤلفه‌های فیزیکی: \TU/lmtt/m/n/10.95 OpticalS
ource \TU/Vazirmatn(0)/m/n/10.95 از \TU/lmtt/m/n/10.95 .sources\TU/Vazirmatn(0)
/m/n/10.95 ، \TU/lmtt/m/n/10.95 FiberChannel \TU/Vazirmatn(0)/m/n/10.95 از \TU/
lmtt/m/n/10.95 .channel\TU/Vazirmatn(0)/m/n/10.95 ، \TU/lmtt/m/n/10.95 Threshol
dDetector[]
 []


Overfull \hbox (4.25423pt too wide) in paragraph at lines 339--340
[][]\TU/Vazirmatn(0)/b/n/10.95 ۲. پروتکل‌ها: \TU/lmtt/m/n/10.95 Protocol \TU/Va
zirmatn(0)/m/n/10.95 از \TU/lmtt/m/n/10.95 .protocols \TU/Vazirmatn(0)/m/n/10.9
5 به‌همراه کلاس‌های \TU/lmtt/m/n/10.95 BB84DecoyProtocol\TU/Vazirmatn(0)/m/n/10
.95 ، \TU/lmtt/m/n/10.95 MDIQKDProtocol\TU/Vazirmatn(0)/m/n/10.95 ،[]
 []

[17]
Missing character: There is no ‏ (U+200F) in font [lmmono10-regular]:!
Missing character: There is no ‏ (U+200F) in font [lmmono10-regular]:!
Missing character: There is no ‏ (U+200F) in font [lmmono10-regular]:!
[18] [19] [20]
Missing character: There is no ‏ (U+200F) in font [lmmono10-regular]:!
Missing character: There is no ‏ (U+200F) in font [lmmono10-regular]:!
Missing character: There is no ≈ (U+2248) in font [lmmono9-regular]:!
[21] [22]
LaTeX Font Info:    Font shape `TU/lmtt/bx/n' in size <10.95> not available
(Font)              Font shape `TU/lmtt/b/n' tried instead on input line 655.
 [23] [24]
Missing character: There is no ‏ (U+200F) in font [lmmono10-regular]:!
[25] [26]
Missing character: There is no ‏ (U+200F) in font [lmmono10-regular]:!

Overfull \hbox (2.66649pt too wide) in paragraph at lines 867--868
[][]\TU/Vazirmatn(0)/m/n/10.95 این تلورانس، حدِ مجازِ نقضِ محدودیت‌ها در حلقه‌ی
 []\TU/lmroman10-regular(0)/m/n/10.95 LP[] \TU/Vazirmatn(0)/m/n/10.95 را مشخص م
ی‌کند. استفاده از \TU/lmtt/m/n/10.95 NUMERIC_REL_TOL[]
 []

[27] [28]
Missing character: There is no ‏ (U+200F) in font [lmmono10-regular]:!
Missing character: There is no ‏ (U+200F) in font [lmmono10-regular]:!
[29] [30] [31]
Missing character: There is no ‏ (U+200F) in font [lmmono10-regular]:!
Missing character: There is no ‏ (U+200F) in font [lmmono10-regular]:!

Overfull \hbox (17.49329pt too wide) in paragraph at lines 1131--1132
[]\TU/lmtt/m/n/10.95 constants_definitions.py \TU/Vazirmatn(0)/m/n/10.95 به‌عنو
ان منبعِ نهاییِ ثابت‌ها قرار دارد. در لایه‌ی بعدی، \TU/lmtt/m/n/10.95 constants
_helpers.py[]
 []

[32]) [33]
فصل 3.
(./chapters/03_physics.tex [34

]

Package hyperref Warning: Token not allowed in a PDF string (Unicode):
(hyperref)                removing `math shift' on input line 93.


Package hyperref Warning: Token not allowed in a PDF string (Unicode):
(hyperref)                removing `\eta' on input line 93.


Package hyperref Warning: Token not allowed in a PDF string (Unicode):
(hyperref)                removing `subscript' on input line 93.


Package hyperref Warning: Token not allowed in a PDF string (Unicode):
(hyperref)                removing `math shift' on input line 93.

[35] [36] [37]
LaTeX Font Info:    Font shape `TU/lmtt/bx/n' in size <10> not available
(Font)              Font shape `TU/lmtt/b/n' tried instead on input line 206.
 [38]
Missing character: There is no ن (U+0646) in font [lmroman10-bold]/OT:script=la
tn;language=dflt;mapping=tex-text;!
Missing character: There is no ا (U+0627) in font [lmroman10-bold]/OT:script=la
tn;language=dflt;mapping=tex-text;!
Missing character: There is no س (U+0633) in font [lmroman10-bold]/OT:script=la
tn;language=dflt;mapping=tex-text;!
Missing character: There is no ا (U+0627) in font [lmroman10-bold]/OT:script=la
tn;language=dflt;mapping=tex-text;!
Missing character: There is no ز (U+0632) in font [lmroman10-bold]/OT:script=la
tn;language=dflt;mapping=tex-text;!
Missing character: There is no گ (U+06AF) in font [lmroman10-bold]/OT:script=la
tn;language=dflt;mapping=tex-text;!
Missing character: There is no ا (U+0627) in font [lmroman10-bold]/OT:script=la
tn;language=dflt;mapping=tex-text;!
Missing character: There is no ر (U+0631) in font [lmroman10-bold]/OT:script=la
tn;language=dflt;mapping=tex-text;!
Missing character: There is no ی (U+06CC) in font [lmroman10-bold]/OT:script=la
tn;language=dflt;mapping=tex-text;!
Missing character: There is no ِ (U+0650) in font [lmroman10-bold]/OT:script=la
tn;language=dflt;mapping=tex-text;!
Missing character: There is no ت (U+062A) in font [lmroman10-bold]/OT:script=la
tn;language=dflt;mapping=tex-text;!
Missing character: There is no س (U+0633) in font [lmroman10-bold]/OT:script=la
tn;language=dflt;mapping=tex-text;!
Missing character: There is no ا (U+0627) in font [lmroman10-bold]/OT:script=la
tn;language=dflt;mapping=tex-text;!
Missing character: There is no و (U+0648) in font [lmroman10-bold]/OT:script=la
tn;language=dflt;mapping=tex-text;!
Missing character: There is no ی (U+06CC) in font [lmroman10-bold]/OT:script=la
tn;language=dflt;mapping=tex-text;!
Missing character: There is no ِ (U+0650) in font [lmroman10-bold]/OT:script=la
tn;language=dflt;mapping=tex-text;!
Missing character: There is no م (U+0645) in font [lmroman10-bold]/OT:script=la
tn;language=dflt;mapping=tex-text;!
Missing character: There is no ب (U+0628) in font [lmroman10-bold]/OT:script=la
tn;language=dflt;mapping=tex-text;!
Missing character: There is no ت (U+062A) in font [lmroman10-bold]/OT:script=la
tn;language=dflt;mapping=tex-text;!
Missing character: There is no ن (U+0646) in font [lmroman10-bold]/OT:script=la
tn;language=dflt;mapping=tex-text;!
Missing character: There is no ی (U+06CC) in font [lmroman10-bold]/OT:script=la
tn;language=dflt;mapping=tex-text;!
Missing character: There is no ب (U+0628) in font [lmroman10-bold]/OT:script=la
tn;language=dflt;mapping=tex-text;!
Missing character: There is no ر (U+0631) in font [lmroman10-bold]/OT:script=la
tn;language=dflt;mapping=tex-text;!
Missing character: There is no ت (U+062A) in font [lmroman10-bold]/OT:script=la
tn;language=dflt;mapping=tex-text;!
Missing character: There is no ل (U+0644) in font [lmroman10-bold]/OT:script=la
tn;language=dflt;mapping=tex-text;!
Missing character: There is no و (U+0648) in font [lmroman10-bold]/OT:script=la
tn;language=dflt;mapping=tex-text;!
Missing character: There is no ر (U+0631) in font [lmroman10-bold]/OT:script=la
tn;language=dflt;mapping=tex-text;!
Missing character: There is no ا (U+0627) in font [lmroman10-bold]/OT:script=la
tn;language=dflt;mapping=tex-text;!
Missing character: There is no ن (U+0646) in font [lmroman10-bold]/OT:script=la
tn;language=dflt;mapping=tex-text;!
Missing character: There is no س (U+0633) in font [lmroman10-bold]/OT:script=la
tn;language=dflt;mapping=tex-text;!
Missing character: There is no ‏ (U+200F) in font [lmmono10-regular]:!
Missing character: There is no ‏ (U+200F) in font [lmmono10-regular]:!
[39] [40]
Missing character: There is no ‏ (U+200F) in font [lmmono10-regular]:!
Missing character: There is no ‏ (U+200F) in font [lmmono10-regular]:!
Missing character: There is no ‏ (U+200F) in font [lmmono10-regular]:!
Missing character: There is no ‏ (U+200F) in font [lmmono10-regular]:!
Missing character: There is no ‏ (U+200F) in font [lmmono10-regular]:!
[41]
Missing character: There is no ‏ (U+200F) in font [lmmono10-regular]:!
Missing character: There is no ‏ (U+200F) in font [lmmono10-regular]:!
Missing character: There is no ‏ (U+200F) in font [lmmono10-regular]:!
Missing character: There is no ‏ (U+200F) in font [lmmono10-regular]:!
Missing character: There is no ‏ (U+200F) in font [lmmono10-regular]:!
Missing character: There is no ‏ (U+200F) in font [lmmono10-regular]:!
Missing character: There is no ‏ (U+200F) in font [lmmono10-regular]:!
Missing character: There is no ‏ (U+200F) in font [lmmono10-regular]:!
Missing character: There is no ‏ (U+200F) in font [lmmono10-regular]:!
Missing character: There is no ‏ (U+200F) in font [lmmono10-regular]:!
Missing character: There is no ‏ (U+200F) in font [lmmono10-regular]:!
[42]
Missing character: There is no ‏ (U+200F) in font [lmmono10-regular]:!
Missing character: There is no ‏ (U+200F) in font [lmmono10-regular]:!
Missing character: There is no ‏ (U+200F) in font [lmmono10-regular]:!
Missing character: There is no ‏ (U+200F) in font [lmmono10-regular]:!
Missing character: There is no ‏ (U+200F) in font [lmmono10-regular]:!
Missing character: There is no ‏ (U+200F) in font [lmmono10-regular]:!
Missing character: There is no ‏ (U+200F) in font [lmmono10-regular]:!
Missing character: There is no ‏ (U+200F) in font [lmmono10-regular]:!
Missing character: There is no ‏ (U+200F) in font [lmmono10-regular]:!
Missing character: There is no ‏ (U+200F) in font [lmmono10-regular]:!
Missing character: There is no ‏ (U+200F) in font [lmmono10-regular]:!
[43]
Missing character: There is no ‏ (U+200F) in font [lmmono10-regular]:!
Missing character: There is no ‏ (U+200F) in font [lmmono10-regular]:!
Missing character: There is no ‏ (U+200F) in font [lmmono10-regular]:!
Missing character: There is no ‏ (U+200F) in font [lmmono10-regular]:!
Missing character: There is no ‏ (U+200F) in font [lmmono10-regular]:!
Missing character: There is no ‏ (U+200F) in font [lmmono10-regular]:!
Missing character: There is no ‏ (U+200F) in font [lmmono10-regular]:!
Missing character: There is no ‏ (U+200F) in font [lmmono10-regular]:!
[44]
Missing character: There is no ‏ (U+200F) in font [lmmono10-regular]:!
Missing character: There is no ‏ (U+200F) in font [lmmono10-regular]:!
Missing character: There is no ‏ (U+200F) in font [lmmono10-regular]:!
Missing character: There is no ‏ (U+200F) in font [lmmono10-regular]:!
Missing character: There is no ‏ (U+200F) in font [lmmono10-regular]:!
Missing character: There is no ‏ (U+200F) in font [lmmono10-regular]:!
Missing character: There is no ‏ (U+200F) in font [lmmono10-regular]:!
[45]
Missing character: There is no ‏ (U+200F) in font [lmmono10-regular]:!
Missing character: There is no ‏ (U+200F) in font [lmmono10-regular]:!
Missing character: There is no ‏ (U+200F) in font [lmmono10-regular]:!
Missing character: There is no ‏ (U+200F) in font [lmmono10-regular]:!
Missing character: There is no ‏ (U+200F) in font [lmmono10-regular]:!
Missing character: There is no ‏ (U+200F) in font [lmmono10-regular]:!
Missing character: There is no ‏ (U+200F) in font [lmmono10-regular]:!
[46]
Missing character: There is no ‏ (U+200F) in font [lmmono10-regular]:!
Missing character: There is no ‏ (U+200F) in font [lmmono10-regular]:!
Missing character: There is no ‏ (U+200F) in font [lmmono10-regular]:!
[47]
Missing character: There is no ‏ (U+200F) in font [lmmono10-regular]:!
Missing character: There is no ‏ (U+200F) in font [lmmono10-regular]:!
Missing character: There is no ‏ (U+200F) in font [lmmono10-regular]:!
Missing character: There is no ‏ (U+200F) in font [lmmono10-regular]:!
Missing character: There is no ‏ (U+200F) in font [lmmono10-regular]:!
Missing character: There is no ‏ (U+200F) in font [lmmono10-regular]:!
Missing character: There is no ‏ (U+200F) in font [lmmono10-regular]:!
[48]
Missing character: There is no ‏ (U+200F) in font [lmmono10-regular]:!
Missing character: There is no ‏ (U+200F) in font [lmmono10-regular]:!
Missing character: There is no ‏ (U+200F) in font [lmmono10-regular]:!
Missing character: There is no ‏ (U+200F) in font [lmmono10-regular]:!
Missing character: There is no ‏ (U+200F) in font [lmmono10-regular]:!
Missing character: There is no ‏ (U+200F) in font [lmmono10-regular]:!
Missing character: There is no ‏ (U+200F) in font [lmmono10-regular]:!
Missing character: There is no ‏ (U+200F) in font [lmmono10-regular]:!
Missing character: There is no ‏ (U+200F) in font [lmmono10-regular]:!
Missing character: There is no ‏ (U+200F) in font [lmmono10-regular]:!
Missing character: There is no ‏ (U+200F) in font [lmmono10-regular]:!
Missing character: There is no ‏ (U+200F) in font [lmmono10-regular]:!
Missing character: There is no ‏ (U+200F) in font [lmmono10-regular]:!
Missing character: There is no ‏ (U+200F) in font [lmmono10-regular]:!
[49] [50] [51]) [52]
فصل 4.
(./chapters/04_sources.tex [53

] [54] [55] [56]
Missing character: There is no ‏ (U+200F) in font [lmmono10-regular]:!
Missing character: There is no ‏ (U+200F) in font [lmmono10-regular]:!
Missing character: There is no ‏ (U+200F) in font [lmmono10-regular]:!
Missing character: There is no ‏ (U+200F) in font [lmmono10-regular]:!
[57] [58] [59]
Missing character: There is no ‏ (U+200F) in font [lmmono10-regular]:!
Missing character: There is no ‏ (U+200F) in font [lmmono10-regular]:!
Missing character: There is no ‏ (U+200F) in font [lmmono10-regular]:!
[60]
Missing character: There is no ‏ (U+200F) in font [lmmono10-regular]:!
Missing character: There is no ‏ (U+200F) in font [lmmono10-regular]:!
Missing character: There is no ‏ (U+200F) in font [lmmono10-regular]:!
Missing character: There is no ‏ (U+200F) in font [lmmono10-regular]:!
Missing character: There is no ‏ (U+200F) in font [lmmono10-regular]:!
Missing character: There is no ‏ (U+200F) in font [lmmono10-regular]:!
[61] [62]
Missing character: There is no ‏ (U+200F) in font [lmmono10-regular]:!
Missing character: There is no ‏ (U+200F) in font [lmmono10-regular]:!
Missing character: There is no ‏ (U+200F) in font [lmmono10-regular]:!
Missing character: There is no ‏ (U+200F) in font [lmmono10-regular]:!
Missing character: There is no ‏ (U+200F) in font [lmmono10-regular]:!
Missing character: There is no ‏ (U+200F) in font [lmmono10-regular]:!
Missing character: There is no ‏ (U+200F) in font [lmmono10-regular]:!
[63]
Missing character: There is no ‏ (U+200F) in font [lmmono10-regular]:!
Missing character: There is no ‏ (U+200F) in font [lmmono10-regular]:!
Missing character: There is no ‏ (U+200F) in font [lmmono10-regular]:!
Missing character: There is no ‏ (U+200F) in font [lmmono10-regular]:!
Missing character: There is no ‏ (U+200F) in font [lmmono10-regular]:!
Missing character: There is no ‏ (U+200F) in font [lmmono10-regular]:!
[64]
Missing character: There is no ‏ (U+200F) in font [lmmono10-regular]:!
[65]
Missing character: There is no ‌ (U+200C) in font [lmmono10-regular]:!
[66]) [67]
فصل 5.
(./chapters/05_detectors.tex
Missing character: There is no و (U+0648) in font [lmroman10-regular]/OT:script
=latn;language=dflt;mapping=tex-text;!
[68

] [69] [70]
Missing character: There is no پ (U+067E) in font [lmroman10-regular]/OT:script
=latn;language=dflt;mapping=tex-text;!
Missing character: There is no ی (U+06CC) in font [lmroman10-regular]/OT:script
=latn;language=dflt;mapping=tex-text;!
Missing character: There is no ک (U+06A9) in font [lmroman10-regular]/OT:script
=latn;language=dflt;mapping=tex-text;!
Missing character: There is no ر (U+0631) in font [lmroman10-regular]/OT:script
=latn;language=dflt;mapping=tex-text;!
Missing character: There is no ب (U+0628) in font [lmroman10-regular]/OT:script
=latn;language=dflt;mapping=tex-text;!
Missing character: There is no ن (U+0646) in font [lmroman10-regular]/OT:script
=latn;language=dflt;mapping=tex-text;!
Missing character: There is no د (U+062F) in font [lmroman10-regular]/OT:script
=latn;language=dflt;mapping=tex-text;!
Missing character: There is no ی (U+06CC) in font [lmroman10-regular]/OT:script
=latn;language=dflt;mapping=tex-text;!
Missing character: There is no ح (U+062D) in font [lmroman10-regular]/OT:script
=latn;language=dflt;mapping=tex-text;!
Missing character: There is no ا (U+0627) in font [lmroman10-regular]/OT:script
=latn;language=dflt;mapping=tex-text;!
Missing character: There is no ل (U+0644) in font [lmroman10-regular]/OT:script
=latn;language=dflt;mapping=tex-text;!
Missing character: There is no ت (U+062A) in font [lmroman10-regular]/OT:script
=latn;language=dflt;mapping=tex-text;!
Missing character: There is no ‏ (U+200F) in font [lmmono10-regular]:!
Missing character: There is no ‏ (U+200F) in font [lmmono10-regular]:!
Missing character: There is no ‏ (U+200F) in font [lmmono10-regular]:!
[71]
LaTeX Font Info:    Font shape `TU/lmtt/bx/n' in size <9> not available
(Font)              Font shape `TU/lmtt/b/n' tried instead on input line 131.

Missing character: There is no ‏ (U+200F) in font [lmmono9-regular]:!
Missing character: There is no ‏ (U+200F) in font [lmmono9-regular]:!
Missing character: There is no ‏ (U+200F) in font [lmmono9-regular]:!
Missing character: There is no ‏ (U+200F) in font [lmmono9-regular]:!
[72]
Missing character: There is no ‏ (U+200F) in font [lmmono9-regular]:!
[73]
Missing character: There is no ‏ (U+200F) in font [lmmono10-regular]:!
Missing character: There is no ‏ (U+200F) in font [lmmono10-regular]:!
[74] [75]
Missing character: There is no ‏ (U+200F) in font [lmmono10-regular]:!
[76] [77]
Missing character: There is no ‏ (U+200F) in font [lmmono9-regular]:!
Missing character: There is no ‏ (U+200F) in font [lmmono9-regular]:!
[78]
Missing character: There is no ‏ (U+200F) in font [lmmono9-regular]:!
Missing character: There is no ‏ (U+200F) in font [lmmono9-regular]:!
[79]
Missing character: There is no ‏ (U+200F) in font [lmmono9-regular]:!
Missing character: There is no ‏ (U+200F) in font [lmmono9-regular]:!
Missing character: There is no ‏ (U+200F) in font [lmmono9-regular]:!
Missing character: There is no ‏ (U+200F) in font [lmmono9-regular]:!
Missing character: There is no ‏ (U+200F) in font [lmmono9-regular]:!
[80]
Missing character: There is no ‏ (U+200F) in font [lmmono9-regular]:!
Missing character: There is no ‏ (U+200F) in font [lmmono9-regular]:!
Missing character: There is no ‏ (U+200F) in font [lmmono9-regular]:!
Missing character: There is no ‏ (U+200F) in font [lmmono9-regular]:!
Missing character: There is no ‏ (U+200F) in font [lmmono9-regular]:!
Missing character: There is no ‏ (U+200F) in font [lmmono9-regular]:!
Missing character: There is no ‏ (U+200F) in font [lmmono9-regular]:!
Missing character: There is no ‏ (U+200F) in font [lmmono9-regular]:!
Missing character: There is no ‏ (U+200F) in font [lmmono9-regular]:!
Missing character: There is no ‏ (U+200F) in font [lmmono9-regular]:!
Missing character: There is no ‏ (U+200F) in font [lmmono9-regular]:!
[81]
Missing character: There is no ‏ (U+200F) in font [lmmono9-regular]:!
Missing character: There is no ‏ (U+200F) in font [lmmono9-regular]:!
Missing character: There is no ‏ (U+200F) in font [lmmono9-regular]:!
Missing character: There is no ‏ (U+200F) in font [lmmono9-regular]:!
Missing character: There is no ‏ (U+200F) in font [lmmono9-regular]:!
Missing character: There is no ‏ (U+200F) in font [lmmono9-regular]:!
Missing character: There is no ‏ (U+200F) in font [lmmono9-regular]:!
Missing character: There is no ‏ (U+200F) in font [lmmono9-regular]:!
Missing character: There is no ‏ (U+200F) in font [lmmono9-regular]:!
Missing character: There is no ‏ (U+200F) in font [lmmono9-regular]:!
Missing character: There is no ‏ (U+200F) in font [lmmono9-regular]:!
Missing character: There is no ‏ (U+200F) in font [lmmono9-regular]:!
[82] [83] [84] [85]
Missing character: There is no ‏ (U+200F) in font [lmmono9-regular]:!
Missing character: There is no ‏ (U+200F) in font [lmmono10-italic]:!
Missing character: There is no ‏ (U+200F) in font [lmmono10-italic]:!
Missing character: There is no ‏ (U+200F) in font [lmmono10-italic]:!
Missing character: There is no ‏ (U+200F) in font [lmmono10-italic]:!
Missing character: There is no ‏ (U+200F) in font [lmmono10-italic]:!
Missing character: There is no ‏ (U+200F) in font [lmmono9-regular]:!
Missing character: There is no ‏ (U+200F) in font [lmmono9-regular]:!
Missing character: There is no ‏ (U+200F) in font [lmmono9-regular]:!
Missing character: There is no ‏ (U+200F) in font [lmmono9-regular]:!
Missing character: There is no ‏ (U+200F) in font [lmmono9-regular]:!
Missing character: There is no ‏ (U+200F) in font [lmmono9-regular]:!
[86]
Missing character: There is no ‏ (U+200F) in font [lmmono9-regular]:!
Missing character: There is no ‏ (U+200F) in font [lmmono9-regular]:!
Missing character: There is no ‏ (U+200F) in font [lmmono9-regular]:!
Missing character: There is no ‏ (U+200F) in font [lmmono9-regular]:!
Missing character: There is no ‏ (U+200F) in font [lmmono9-regular]:!
Missing character: There is no ‏ (U+200F) in font [lmmono9-regular]:!
Missing character: There is no ‏ (U+200F) in font [lmmono9-regular]:!
Missing character: There is no ‏ (U+200F) in font [lmmono9-regular]:!
Missing character: There is no ‏ (U+200F) in font [lmmono9-regular]:!
Missing character: There is no ‏ (U+200F) in font [lmmono9-regular]:!
[87] [88]) [89] [90

]
فصل 6.
(./chapters/06_base_proof.tex [91

] [92]
LaTeX Font Info:    Font shape `TU/lmtt/bx/n' in size <8> not available
(Font)              Font shape `TU/lmtt/b/n' tried instead on input line 112.

Missing character: There is no ‏ (U+200F) in font [lmmono8-regular]:!
Missing character: There is no ‏ (U+200F) in font [lmmono8-regular]:!
[93] [94]
Missing character: There is no ‏ (U+200F) in font [lmmono8-regular]:!
Missing character: There is no ‏ (U+200F) in font [lmmono8-regular]:!
[95]
Missing character: There is no ‏ (U+200F) in font [lmmono8-regular]:!
Missing character: There is no ‏ (U+200F) in font [lmmono8-regular]:!
Missing character: There is no ‏ (U+200F) in font [lmmono8-regular]:!
[96]
Missing character: There is no ‏ (U+200F) in font [lmmono8-regular]:!
Missing character: There is no ‏ (U+200F) in font [lmmono8-regular]:!
[97] [98]
Missing character: There is no ‏ (U+200F) in font [lmmono8-regular]:!
Missing character: There is no ‏ (U+200F) in font [lmmono8-regular]:!
Missing character: There is no ‏ (U+200F) in font [lmmono8-regular]:!
Missing character: There is no ‏ (U+200F) in font [lmmono8-regular]:!
[99]
Missing character: There is no ‏ (U+200F) in font [lmmono8-regular]:!
Missing character: There is no ‏ (U+200F) in font [lmmono8-regular]:!
[100]
Missing character: There is no ‏ (U+200F) in font [lmmono8-regular]:!
Missing character: There is no ‏ (U+200F) in font [lmmono8-regular]:!
Missing character: There is no ‏ (U+200F) in font [lmmono8-regular]:!
Missing character: There is no ‏ (U+200F) in font [lmmono8-regular]:!
[101]
Missing character: There is no ‏ (U+200F) in font [lmmono8-regular]:!
Missing character: There is no ‏ (U+200F) in font [lmmono8-regular]:!
Missing character: There is no ‏ (U+200F) in font [lmmono8-regular]:!
[102] [103]) [104]
فصل 7.
(./chapters/07_lim2014.tex
Missing character: There is no ه (U+0647) in font [lmroman10-bold]/OT:script=la
tn;language=dflt;mapping=tex-text;!
Missing character: There is no ی (U+06CC) in font [lmroman10-bold]/OT:script=la
tn;language=dflt;mapping=tex-text;!
Missing character: There is no ب (U+0628) in font [lmroman10-bold]/OT:script=la
tn;language=dflt;mapping=tex-text;!
Missing character: There is no ر (U+0631) in font [lmroman10-bold]/OT:script=la
tn;language=dflt;mapping=tex-text;!
Missing character: There is no ی (U+06CC) in font [lmroman10-bold]/OT:script=la
tn;language=dflt;mapping=tex-text;!
Missing character: There is no د (U+062F) in font [lmroman10-bold]/OT:script=la
tn;language=dflt;mapping=tex-text;!
[105

] [106] [107] [108] [109]
Missing character: There is no ‏ (U+200F) in font [lmmono8-regular]:!
Missing character: There is no ‏ (U+200F) in font [lmmono8-regular]:!
Missing character: There is no ‏ (U+200F) in font [lmmono8-regular]:!
Missing character: There is no ‏ (U+200F) in font [lmmono8-regular]:!
Missing character: There is no ‏ (U+200F) in font [lmmono8-regular]:!
Missing character: There is no ‏ (U+200F) in font [lmmono8-regular]:!
Missing character: There is no ‏ (U+200F) in font [lmmono8-regular]:!
[110]
Missing character: There is no ‏ (U+200F) in font [lmmono8-regular]:!
Missing character: There is no ‏ (U+200F) in font [lmmono8-regular]:!
Missing character: There is no ‏ (U+200F) in font [lmmono8-regular]:!
[111]
Missing character: There is no ‏ (U+200F) in font [lmmono8-regular]:!
Missing character: There is no ‏ (U+200F) in font [lmmono8-regular]:!
Missing character: There is no ‏ (U+200F) in font [lmmono8-regular]:!
Missing character: There is no ‏ (U+200F) in font [lmmono8-regular]:!
Missing character: There is no ‏ (U+200F) in font [lmmono8-regular]:!
Missing character: There is no ‏ (U+200F) in font [lmmono8-regular]:!
[112]
Missing character: There is no ‏ (U+200F) in font [lmmono8-regular]:!
Missing character: There is no ‏ (U+200F) in font [lmmono8-regular]:!
[113]
Missing character: There is no ‏ (U+200F) in font [lmmono8-regular]:!
Missing character: There is no ‏ (U+200F) in font [lmmono8-regular]:!
Missing character: There is no ‏ (U+200F) in font [lmmono8-regular]:!
Missing character: There is no ‏ (U+200F) in font [lmmono8-regular]:!
Missing character: There is no ‏ (U+200F) in font [lmmono8-regular]:!
Missing character: There is no ‏ (U+200F) in font [lmmono8-regular]:!
Missing character: There is no ‏ (U+200F) in font [lmmono8-regular]:!
[114]
Missing character: There is no ‏ (U+200F) in font [lmmono8-regular]:!
Missing character: There is no ‏ (U+200F) in font [lmmono8-regular]:!
Missing character: There is no ‏ (U+200F) in font [lmmono8-regular]:!
Missing character: There is no ‏ (U+200F) in font [lmmono8-regular]:!
Missing character: There is no ‏ (U+200F) in font [lmmono8-regular]:!
Missing character: There is no ‏ (U+200F) in font [lmmono8-regular]:!
Missing character: There is no ‏ (U+200F) in font [lmmono8-regular]:!
Missing character: There is no ‏ (U+200F) in font [lmmono8-regular]:!
Missing character: There is no ‏ (U+200F) in font [lmmono8-regular]:!
[115]
Missing character: There is no ‏ (U+200F) in font [lmmono8-regular]:!
Missing character: There is no ‏ (U+200F) in font [lmmono8-regular]:!
Missing character: There is no ‏ (U+200F) in font [lmmono8-regular]:!
Missing character: There is no ‏ (U+200F) in font [lmmono8-regular]:!
Missing character: There is no ‏ (U+200F) in font [lmmono8-regular]:!
Missing character: There is no ‏ (U+200F) in font [lmmono8-regular]:!
[116]
Missing character: There is no ‏ (U+200F) in font [lmmono8-regular]:!
Missing character: There is no ‏ (U+200F) in font [lmmono8-regular]:!
[117]
Missing character: There is no ‏ (U+200F) in font [lmmono8-regular]:!
Missing character: There is no ‏ (U+200F) in font [lmmono8-regular]:!
Missing character: There is no ‏ (U+200F) in font [lmmono8-regular]:!
Missing character: There is no ‏ (U+200F) in font [lmmono8-regular]:!
Missing character: There is no ‏ (U+200F) in font [lmmono8-regular]:!
Missing character: There is no ‏ (U+200F) in font [lmmono8-regular]:!
Missing character: There is no ‏ (U+200F) in font [lmmono8-regular]:!
Missing character: There is no ‏ (U+200F) in font [lmmono8-regular]:!
Missing character: There is no ‏ (U+200F) in font [lmmono8-regular]:!
Missing character: There is no ‏ (U+200F) in font [lmmono8-regular]:!
Missing character: There is no ‏ (U+200F) in font [lmmono8-regular]:!
Missing character: There is no ‏ (U+200F) in font [lmmono8-regular]:!
Missing character: There is no ‏ (U+200F) in font [lmmono8-regular]:!
Missing character: There is no ‏ (U+200F) in font [lmmono8-regular]:!
Missing character: There is no ‏ (U+200F) in font [lmmono8-regular]:!
[118]
Missing character: There is no ‏ (U+200F) in font [lmmono8-regular]:!
Missing character: There is no ‏ (U+200F) in font [lmmono8-regular]:!
Missing character: There is no ‏ (U+200F) in font [lmmono8-regular]:!
[119]
Missing character: There is no ‏ (U+200F) in font [lmmono8-regular]:!
Missing character: There is no ‏ (U+200F) in font [lmmono8-regular]:!
Missing character: There is no ‏ (U+200F) in font [lmmono8-regular]:!
Missing character: There is no ‏ (U+200F) in font [lmmono8-regular]:!
Missing character: There is no ‏ (U+200F) in font [lmmono8-regular]:!
Missing character: There is no ‏ (U+200F) in font [lmmono8-regular]:!
Missing character: There is no ‏ (U+200F) in font [lmmono8-regular]:!
Missing character: There is no ‏ (U+200F) in font [lmmono8-regular]:!
[120]
Missing character: There is no ‏ (U+200F) in font [lmmono8-regular]:!
Missing character: There is no ‏ (U+200F) in font [lmmono8-regular]:!

Overfull \hbox (2.43893pt too wide) in paragraph at lines 860--861
[]$\OML/cmm/m/it/10.95 ^^\$ \TU/Vazirmatn(0)/m/n/10.95 نامعتبر ([]\TU/lmtt/m/n/
10.95 invalid_tau[]\TU/Vazirmatn(0)/m/n/10.95 )، و پیکربندی سه‌شدت نامعتبر ([]\
TU/lmtt/m/n/10.95 invalid_three_intensity_configuration[]\TU/Vazirmatn(0)/m/n/1
0.95 ).[]
 []

[121] [122]
Missing character: There is no ‏ (U+200F) in font [lmmono8-regular]:!
Missing character: There is no ‏ (U+200F) in font [lmmono8-regular]:!
[123] [124]) [125]
فصل 8.
Missing character: There is no و (U+0648) in font [lmroman10-bold]/OT:script=la
tn;language=dflt;mapping=tex-text;!
(./chapters/08_ma_wang.tex [126

]
Missing character: There is no و (U+0648) in font [lmroman10-italic]/OT:script=
latn;language=dflt;mapping=tex-text;!
[127]
Missing character: There is no و (U+0648) in font [lmroman10-italic]/OT:script=
latn;language=dflt;mapping=tex-text;!
[128]
Missing character: There is no و (U+0648) in font [lmroman10-italic]/OT:script=
latn;language=dflt;mapping=tex-text;!
[129]
Missing character: There is no و (U+0648) in font [lmroman10-italic]/OT:script=
latn;language=dflt;mapping=tex-text;!
[130]
Missing character: There is no ‏ (U+200F) in font [lmmono8-regular]:!
Missing character: There is no و (U+0648) in font [lmroman10-italic]/OT:script=
latn;language=dflt;mapping=tex-text;!
[131]
Missing character: There is no ‌ (U+200C) in font [lmroman10-regular]/OT:script
=latn;language=dflt;mapping=tex-text;!

Package hyperref Warning: Token not allowed in a PDF string (Unicode):
(hyperref)                removing `math shift' on input line 250.


Package hyperref Warning: Token not allowed in a PDF string (Unicode):
(hyperref)                removing `\varepsilon' on input line 250.


Package hyperref Warning: Token not allowed in a PDF string (Unicode):
(hyperref)                removing `math shift' on input line 250.

Missing character: There is no ‏ (U+200F) in font [lmmono8-regular]:!
Missing character: There is no ‏ (U+200F) in font [lmmono8-regular]:!
Missing character: There is no و (U+0648) in font [lmroman10-italic]/OT:script=
latn;language=dflt;mapping=tex-text;!
[132]
Missing character: There is no ‏ (U+200F) in font [lmmono8-regular]:!
Missing character: There is no ‏ (U+200F) in font [lmmono8-regular]:!
Missing character: There is no ‏ (U+200F) in font [lmmono8-regular]:!
Missing character: There is no ‏ (U+200F) in font [lmmono8-regular]:!
Missing character: There is no ‏ (U+200F) in font [lmmono8-regular]:!
Missing character: There is no ‏ (U+200F) in font [lmmono8-regular]:!
Missing character: There is no و (U+0648) in font [lmroman10-italic]/OT:script=
latn;language=dflt;mapping=tex-text;!
[133]
Missing character: There is no ‏ (U+200F) in font [lmmono8-regular]:!
Missing character: There is no ‏ (U+200F) in font [lmmono8-regular]:!
Missing character: There is no و (U+0648) in font [lmroman10-italic]/OT:script=
latn;language=dflt;mapping=tex-text;!
[134]
Missing character: There is no ‏ (U+200F) in font [lmmono8-regular]:!
Missing character: There is no ‏ (U+200F) in font [lmmono8-regular]:!
Missing character: There is no ‏ (U+200F) in font [lmmono8-regular]:!
Missing character: There is no ‏ (U+200F) in font [lmmono8-regular]:!
Missing character: There is no ‏ (U+200F) in font [lmmono8-regular]:!
Missing character: There is no ‏ (U+200F) in font [lmmono8-regular]:!
Missing character: There is no ‏ (U+200F) in font [lmmono8-regular]:!
Missing character: There is no ‏ (U+200F) in font [lmmono8-regular]:!
Missing character: There is no ‏ (U+200F) in font [lmmono8-regular]:!
Missing character: There is no و (U+0648) in font [lmroman10-italic]/OT:script=
latn;language=dflt;mapping=tex-text;!
[135]
Missing character: There is no ‏ (U+200F) in font [lmmono8-regular]:!
Missing character: There is no ‏ (U+200F) in font [lmmono8-regular]:!
Missing character: There is no ‏ (U+200F) in font [lmmono8-regular]:!
Missing character: There is no ‏ (U+200F) in font [lmmono8-regular]:!
Missing character: There is no ‏ (U+200F) in font [lmmono8-regular]:!
Missing character: There is no و (U+0648) in font [lmroman10-italic]/OT:script=
latn;language=dflt;mapping=tex-text;!
[136]
Missing character: There is no ‏ (U+200F) in font [lmmono8-regular]:!
Missing character: There is no ‏ (U+200F) in font [lmmono8-regular]:!
Missing character: There is no ‏ (U+200F) in font [lmmono8-regular]:!
Missing character: There is no ‏ (U+200F) in font [lmmono8-regular]:!
Missing character: There is no ‏ (U+200F) in font [lmmono8-regular]:!
Missing character: There is no ‏ (U+200F) in font [lmmono8-regular]:!
Missing character: There is no ‏ (U+200F) in font [lmmono8-regular]:!
Missing character: There is no ‏ (U+200F) in font [lmmono8-regular]:!
Missing character: There is no و (U+0648) in font [lmroman10-italic]/OT:script=
latn;language=dflt;mapping=tex-text;!
[137]
Missing character: There is no ‏ (U+200F) in font [lmmono8-regular]:!
Missing character: There is no ‏ (U+200F) in font [lmmono8-regular]:!
Missing character: There is no ‏ (U+200F) in font [lmmono8-regular]:!
Missing character: There is no ‏ (U+200F) in font [lmmono8-regular]:!
Missing character: There is no ‏ (U+200F) in font [lmmono8-regular]:!
Missing character: There is no ‏ (U+200F) in font [lmmono8-regular]:!
Missing character: There is no و (U+0648) in font [lmroman10-italic]/OT:script=
latn;language=dflt;mapping=tex-text;!
[138]
Missing character: There is no ‏ (U+200F) in font [lmmono8-regular]:!
Missing character: There is no ‏ (U+200F) in font [lmmono8-regular]:!
Missing character: There is no ‏ (U+200F) in font [lmmono8-regular]:!
Missing character: There is no ‏ (U+200F) in font [lmmono8-regular]:!
Missing character: There is no ‏ (U+200F) in font [lmmono8-regular]:!
Missing character: There is no ‏ (U+200F) in font [lmmono8-regular]:!
Missing character: There is no و (U+0648) in font [lmroman10-italic]/OT:script=
latn;language=dflt;mapping=tex-text;!
[139]
Missing character: There is no ‏ (U+200F) in font [lmmono8-regular]:!
Missing character: There is no ‏ (U+200F) in font [lmmono8-regular]:!
Missing character: There is no ‏ (U+200F) in font [lmmono8-regular]:!
Missing character: There is no ‏ (U+200F) in font [lmmono8-regular]:!
Missing character: There is no ‏ (U+200F) in font [lmmono8-regular]:!
Missing character: There is no ‏ (U+200F) in font [lmmono8-regular]:!
Missing character: There is no ‏ (U+200F) in font [lmmono8-regular]:!
Missing character: There is no ‏ (U+200F) in font [lmmono8-regular]:!
Missing character: There is no و (U+0648) in font [lmroman10-italic]/OT:script=
latn;language=dflt;mapping=tex-text;!
[140]
Missing character: There is no ‏ (U+200F) in font [lmmono8-regular]:!
Missing character: There is no ‏ (U+200F) in font [lmmono8-regular]:!
Missing character: There is no ‏ (U+200F) in font [lmmono8-regular]:!
Missing character: There is no ‏ (U+200F) in font [lmmono8-regular]:!
Missing character: There is no ‏ (U+200F) in font [lmmono8-regular]:!
Missing character: There is no ‏ (U+200F) in font [lmmono8-regular]:!
Missing character: There is no ‏ (U+200F) in font [lmmono8-regular]:!
Missing character: There is no ‏ (U+200F) in font [lmmono8-regular]:!
Missing character: There is no و (U+0648) in font [lmroman10-italic]/OT:script=
latn;language=dflt;mapping=tex-text;!
[141]
Missing character: There is no ‏ (U+200F) in font [lmmono8-regular]:!
Missing character: There is no ‏ (U+200F) in font [lmmono8-regular]:!
Missing character: There is no ‏ (U+200F) in font [lmmono8-regular]:!
Missing character: There is no ‏ (U+200F) in font [lmmono8-regular]:!
Missing character: There is no ‏ (U+200F) in font [lmmono8-regular]:!
Missing character: There is no ‏ (U+200F) in font [lmmono8-regular]:!
Missing character: There is no ‏ (U+200F) in font [lmmono8-regular]:!
Missing character: There is no ‏ (U+200F) in font [lmmono8-regular]:!
Missing character: There is no ‏ (U+200F) in font [lmmono8-regular]:!
Missing character: There is no و (U+0648) in font [lmroman10-italic]/OT:script=
latn;language=dflt;mapping=tex-text;!
[142]
Missing character: There is no ‏ (U+200F) in font [lmmono8-regular]:!
Missing character: There is no ‏ (U+200F) in font [lmmono8-regular]:!
Missing character: There is no ‏ (U+200F) in font [lmmono8-regular]:!
Missing character: There is no ‏ (U+200F) in font [lmmono8-regular]:!
Missing character: There is no ‏ (U+200F) in font [lmmono8-regular]:!
Missing character: There is no ‏ (U+200F) in font [lmmono8-regular]:!
Missing character: There is no ‏ (U+200F) in font [lmmono8-regular]:!
Missing character: There is no ‏ (U+200F) in font [lmmono8-regular]:!
Missing character: There is no ‏ (U+200F) in font [lmmono10-italic]:!
Missing character: There is no و (U+0648) in font [lmroman10-italic]/OT:script=
latn;language=dflt;mapping=tex-text;!
[143]
Missing character: There is no و (U+0648) in font [lmroman10-italic]/OT:script=
latn;language=dflt;mapping=tex-text;!
[144]
Missing character: There is no و (U+0648) in font [lmroman10-italic]/OT:script=
latn;language=dflt;mapping=tex-text;!
[145])
Missing character: There is no و (U+0648) in font [lmroman10-italic]/OT:script=
latn;language=dflt;mapping=tex-text;!
[146]
فصل 9.
(./chapters/09_tight.tex [147

]

Package hyperref Warning: Token not allowed in a PDF string (Unicode):
(hyperref)                removing `math shift' on input line 48.


Package hyperref Warning: Token not allowed in a PDF string (Unicode):
(hyperref)                removing `\varepsilon' on input line 48.


Package hyperref Warning: Token not allowed in a PDF string (Unicode):
(hyperref)                removing `math shift' on input line 48.

[148] [149]
Missing character: There is no ‏ (U+200F) in font [lmmono8-regular]:!
Missing character: There is no ‏ (U+200F) in font [lmmono8-regular]:!
[150] [151]

Package hyperref Warning: Token not allowed in a PDF string (Unicode):
(hyperref)                removing `math shift' on input line 216.


Package hyperref Warning: Token not allowed in a PDF string (Unicode):
(hyperref)                removing `\varepsilon' on input line 216.


Package hyperref Warning: Token not allowed in a PDF string (Unicode):
(hyperref)                removing `math shift' on input line 216.

Missing character: There is no ‏ (U+200F) in font [lmmono8-regular]:!
Missing character: There is no ‏ (U+200F) in font [lmmono8-regular]:!
Missing character: There is no ‏ (U+200F) in font [lmmono8-regular]:!
Missing character: There is no ‏ (U+200F) in font [lmmono8-regular]:!
Missing character: There is no ‏ (U+200F) in font [lmmono8-regular]:!
Missing character: There is no ‏ (U+200F) in font [lmmono8-regular]:!
[152] [153]
Missing character: There is no ‏ (U+200F) in font [lmmono8-regular]:!
[154]
Missing character: There is no ‏ (U+200F) in font [lmmono8-regular]:!
Missing character: There is no ‏ (U+200F) in font [lmmono8-regular]:!
Missing character: There is no ‏ (U+200F) in font [lmmono8-regular]:!
Missing character: There is no ‏ (U+200F) in font [lmmono8-regular]:!
Missing character: There is no ‏ (U+200F) in font [lmmono8-regular]:!
Missing character: There is no ‏ (U+200F) in font [lmmono8-regular]:!
[155]
Missing character: There is no ‏ (U+200F) in font [lmmono8-regular]:!
Missing character: There is no ‏ (U+200F) in font [lmmono8-regular]:!
Missing character: There is no ‏ (U+200F) in font [lmmono8-regular]:!
Missing character: There is no ‏ (U+200F) in font [lmmono8-regular]:!
Missing character: There is no ‏ (U+200F) in font [lmmono8-regular]:!
[156]
Missing character: There is no ‏ (U+200F) in font [lmmono8-regular]:!
Missing character: There is no ‏ (U+200F) in font [lmmono8-regular]:!
Missing character: There is no ‏ (U+200F) in font [lmmono8-regular]:!
Missing character: There is no ‏ (U+200F) in font [lmmono8-regular]:!
Missing character: There is no ‏ (U+200F) in font [lmmono8-regular]:!
Missing character: There is no ‏ (U+200F) in font [lmmono8-regular]:!
[157]
Missing character: There is no ‏ (U+200F) in font [lmmono8-regular]:!
Missing character: There is no ‏ (U+200F) in font [lmmono8-regular]:!
[158]
Missing character: There is no پ (U+067E) in font [lmroman10-regular]/OT:script
=latn;language=dflt;mapping=tex-text;!
Missing character: There is no ی (U+06CC) in font [lmroman10-regular]/OT:script
=latn;language=dflt;mapping=tex-text;!
Missing character: There is no ک (U+06A9) in font [lmroman10-regular]/OT:script
=latn;language=dflt;mapping=tex-text;!
Missing character: There is no ر (U+0631) in font [lmroman10-regular]/OT:script
=latn;language=dflt;mapping=tex-text;!
Missing character: There is no ب (U+0628) in font [lmroman10-regular]/OT:script
=latn;language=dflt;mapping=tex-text;!
Missing character: There is no ب (U+0628) in font [lmroman10-regular]/OT:script
=latn;language=dflt;mapping=tex-text;!
Missing character: There is no ر (U+0631) in font [lmroman10-regular]/OT:script
=latn;language=dflt;mapping=tex-text;!
Missing character: There is no ی (U+06CC) in font [lmroman10-regular]/OT:script
=latn;language=dflt;mapping=tex-text;!
Missing character: There is no آ (U+0622) in font [lmroman10-regular]/OT:script
=latn;language=dflt;mapping=tex-text;!
Missing character: There is no م (U+0645) in font [lmroman10-regular]/OT:script
=latn;language=dflt;mapping=tex-text;!
Missing character: There is no ا (U+0627) in font [lmroman10-regular]/OT:script
=latn;language=dflt;mapping=tex-text;!
Missing character: There is no ر (U+0631) in font [lmroman10-regular]/OT:script
=latn;language=dflt;mapping=tex-text;!
Missing character: There is no ز (U+0632) in font [lmroman10-regular]/OT:script
=latn;language=dflt;mapping=tex-text;!
Missing character: There is no م (U+0645) in font [lmroman10-regular]/OT:script
=latn;language=dflt;mapping=tex-text;!
Missing character: There is no ا (U+0627) in font [lmroman10-regular]/OT:script
=latn;language=dflt;mapping=tex-text;!
Missing character: There is no ن (U+0646) in font [lmroman10-regular]/OT:script
=latn;language=dflt;mapping=tex-text;!
Missing character: There is no ا (U+0627) in font [lmroman10-regular]/OT:script
=latn;language=dflt;mapping=tex-text;!
Missing character: There is no ج (U+062C) in font [lmroman10-regular]/OT:script
=latn;language=dflt;mapping=tex-text;!
Missing character: There is no ر (U+0631) in font [lmroman10-regular]/OT:script
=latn;language=dflt;mapping=tex-text;!
Missing character: There is no ا (U+0627) in font [lmroman10-regular]/OT:script
=latn;language=dflt;mapping=tex-text;!
[159] [160]) [161]
فصل 10.
(./chapters/10_optimization.tex [162

]

Package hyperref Warning: Token not allowed in a PDF string (Unicode):
(hyperref)                removing `math shift' on input line 53.


Package hyperref Warning: Token not allowed in a PDF string (Unicode):
(hyperref)                removing `\mu' on input line 53.


Package hyperref Warning: Token not allowed in a PDF string (Unicode):
(hyperref)                removing `math shift' on input line 53.


Package hyperref Warning: Token not allowed in a PDF string (Unicode):
(hyperref)                removing `math shift' on input line 67.


Package hyperref Warning: Token not allowed in a PDF string (Unicode):
(hyperref)                removing `\nu' on input line 67.


Package hyperref Warning: Token not allowed in a PDF string (Unicode):
(hyperref)                removing `math shift' on input line 67.


Package hyperref Warning: Token not allowed in a PDF string (Unicode):
(hyperref)                removing `math shift' on input line 71.


Package hyperref Warning: Token not allowed in a PDF string (Unicode):
(hyperref)                removing `subscript' on input line 71.


Package hyperref Warning: Token not allowed in a PDF string (Unicode):
(hyperref)                removing `math shift' on input line 71.


Package hyperref Warning: Token not allowed in a PDF string (Unicode):
(hyperref)                removing `math shift' on input line 71.


Package hyperref Warning: Token not allowed in a PDF string (Unicode):
(hyperref)                removing `subscript' on input line 71.


Package hyperref Warning: Token not allowed in a PDF string (Unicode):
(hyperref)                removing `math shift' on input line 71.


Package hyperref Warning: Token not allowed in a PDF string (Unicode):
(hyperref)                removing `math shift' on input line 71.


Package hyperref Warning: Token not allowed in a PDF string (Unicode):
(hyperref)                removing `\nu' on input line 71.


Package hyperref Warning: Token not allowed in a PDF string (Unicode):
(hyperref)                removing `math shift' on input line 71.

[163] [164]
Missing character: There is no ‏ (U+200F) in font [lmmono8-regular]:!
Missing character: There is no ‏ (U+200F) in font [lmmono8-regular]:!
Missing character: There is no ‏ (U+200F) in font [lmmono8-regular]:!
Missing character: There is no ‏ (U+200F) in font [lmmono8-regular]:!
Missing character: There is no ‏ (U+200F) in font [lmmono8-regular]:!
[165] [166]

Package hyperref Warning: Token not allowed in a PDF string (Unicode):
(hyperref)                removing `math shift' on input line 224.


Package hyperref Warning: Token not allowed in a PDF string (Unicode):
(hyperref)                removing `\mu' on input line 224.


Package hyperref Warning: Token not allowed in a PDF string (Unicode):
(hyperref)                removing `math shift' on input line 224.

Missing character: There is no ‏ (U+200F) in font [lmmono8-regular]:!
Missing character: There is no ‏ (U+200F) in font [lmmono8-regular]:!
Missing character: There is no ‏ (U+200F) in font [lmmono8-regular]:!
Missing character: There is no ‏ (U+200F) in font [lmmono8-regular]:!
Missing character: There is no ‏ (U+200F) in font [lmmono8-regular]:!
[167]
Missing character: There is no ‏ (U+200F) in font [lmmono8-regular]:!
Missing character: There is no ‏ (U+200F) in font [lmmono10-italic]:!
Missing character: There is no ‏ (U+200F) in font [lmmono8-regular]:!
Missing character: There is no ‏ (U+200F) in font [lmmono8-regular]:!
Missing character: There is no ‏ (U+200F) in font [lmmono8-regular]:!
Missing character: There is no ‏ (U+200F) in font [lmmono8-regular]:!
Missing character: There is no ‏ (U+200F) in font [lmmono8-regular]:!
Missing character: There is no ‏ (U+200F) in font [lmmono8-regular]:!
Missing character: There is no ‏ (U+200F) in font [lmmono8-regular]:!

Package hyperref Warning: Token not allowed in a PDF string (Unicode):
(hyperref)                removing `math shift' on input line 293.


Package hyperref Warning: Token not allowed in a PDF string (Unicode):
(hyperref)                removing `\nu' on input line 293.


Package hyperref Warning: Token not allowed in a PDF string (Unicode):
(hyperref)                removing `math shift' on input line 293.

Missing character: There is no ‏ (U+200F) in font [lmmono8-regular]:!
Missing character: There is no ‏ (U+200F) in font [lmmono10-italic]:!
Missing character: There is no ‏ (U+200F) in font [lmmono8-regular]:!
Missing character: There is no ‏ (U+200F) in font [lmmono8-regular]:!
[168]
Missing character: There is no ‏ (U+200F) in font [lmmono8-regular]:!
Missing character: There is no ‏ (U+200F) in font [lmmono8-regular]:!
Missing character: There is no ‏ (U+200F) in font [lmmono8-regular]:!
Missing character: There is no ‏ (U+200F) in font [lmmono8-regular]:!
Missing character: There is no ‏ (U+200F) in font [lmmono8-regular]:!
Missing character: There is no ‏ (U+200F) in font [lmmono8-regular]:!
Missing character: There is no ‏ (U+200F) in font [lmmono8-regular]:!
Missing character: There is no ‏ (U+200F) in font [lmmono8-regular]:!
Missing character: There is no ‏ (U+200F) in font [lmmono8-regular]:!
Missing character: There is no ‏ (U+200F) in font [lmmono8-regular]:!
Missing character: There is no ‏ (U+200F) in font [lmmono8-regular]:!
Missing character: There is no ‏ (U+200F) in font [lmmono8-regular]:!
Missing character: There is no ‏ (U+200F) in font [lmmono8-regular]:!
Missing character: There is no ‏ (U+200F) in font [lmmono8-regular]:!
[169]
Missing character: There is no ‏ (U+200F) in font [lmmono8-regular]:!
Missing character: There is no ‏ (U+200F) in font [lmmono8-regular]:!
Missing character: There is no ‏ (U+200F) in font [lmmono8-regular]:!
Missing character: There is no ‏ (U+200F) in font [lmmono8-regular]:!
Missing character: There is no ‏ (U+200F) in font [lmmono8-regular]:!
Missing character: There is no ‏ (U+200F) in font [lmmono8-regular]:!
Missing character: There is no ‏ (U+200F) in font [lmmono8-regular]:!
Missing character: There is no ‏ (U+200F) in font [lmmono8-regular]:!
Missing character: There is no ‏ (U+200F) in font [lmmono8-regular]:!
Missing character: There is no ‏ (U+200F) in font [lmmono8-regular]:!
Missing character: There is no ‏ (U+200F) in font [lmmono8-regular]:!
Missing character: There is no ‏ (U+200F) in font [lmmono8-regular]:!
Missing character: There is no ‏ (U+200F) in font [lmmono8-regular]:!
Missing character: There is no ‏ (U+200F) in font [lmmono8-regular]:!
Missing character: There is no ‏ (U+200F) in font [lmmono8-regular]:!
[170]
Missing character: There is no ‏ (U+200F) in font [lmmono8-regular]:!
Missing character: There is no ‏ (U+200F) in font [lmmono8-regular]:!
Missing character: There is no ‏ (U+200F) in font [lmmono8-regular]:!
Missing character: There is no ‏ (U+200F) in font [lmmono8-regular]:!
Missing character: There is no ‏ (U+200F) in font [lmmono8-regular]:!
Missing character: There is no ‏ (U+200F) in font [lmmono8-regular]:!
Missing character: There is no ‏ (U+200F) in font [lmmono8-regular]:!
Missing character: There is no ‏ (U+200F) in font [lmmono8-regular]:!
Missing character: There is no ‏ (U+200F) in font [lmmono8-regular]:!
Missing character: There is no ‏ (U+200F) in font [lmmono8-regular]:!
Missing character: There is no ‏ (U+200F) in font [lmmono8-regular]:!
Missing character: There is no ‏ (U+200F) in font [lmmono8-regular]:!
Missing character: There is no ‏ (U+200F) in font [lmmono8-regular]:!
Missing character: There is no ‏ (U+200F) in font [lmmono8-regular]:!
Missing character: There is no ‏ (U+200F) in font [lmmono8-regular]:!
Missing character: There is no ‏ (U+200F) in font [lmmono8-regular]:!
Missing character: There is no ‏ (U+200F) in font [lmmono8-regular]:!
Missing character: There is no ‏ (U+200F) in font [lmmono10-italic]:!
[171]
Missing character: There is no ‏ (U+200F) in font [lmmono8-regular]:!
Missing character: There is no ‏ (U+200F) in font [lmmono8-regular]:!
Missing character: There is no ‏ (U+200F) in font [lmmono8-regular]:!
Missing character: There is no ‏ (U+200F) in font [lmmono8-regular]:!
Missing character: There is no ‏ (U+200F) in font [lmmono8-regular]:!
Missing character: There is no ‏ (U+200F) in font [lmmono8-regular]:!
Missing character: There is no ‏ (U+200F) in font [lmmono8-regular]:!
Missing character: There is no ‏ (U+200F) in font [lmmono8-regular]:!
Missing character: There is no ‏ (U+200F) in font [lmmono8-regular]:!
Missing character: There is no ‏ (U+200F) in font [lmmono8-regular]:!
Missing character: There is no ‏ (U+200F) in font [lmmono8-regular]:!
[172]
Missing character: There is no ‏ (U+200F) in font [lmmono8-regular]:!
Missing character: There is no ‏ (U+200F) in font [lmmono8-regular]:!
[173] [174]) [175] [176

]
فصل 11.
(./chapters/12_main.tex [177

]

Package hyperref Warning: Token not allowed in a PDF string (Unicode):
(hyperref)                removing `math shift' on input line 54.


Package hyperref Warning: Token not allowed in a PDF string (Unicode):
(hyperref)                removing `\varepsilon' on input line 54.


Package hyperref Warning: Token not allowed in a PDF string (Unicode):
(hyperref)                removing `math shift' on input line 54.

[178] [179] [180] [181] [182]
Missing character: There is no ‏ (U+200F) in font [lmmono8-regular]:!
Missing character: There is no ‏ (U+200F) in font [lmmono8-regular]:!
[183] [184]
Missing character: There is no ‏ (U+200F) in font [lmmono8-regular]:!
Missing character: There is no ‏ (U+200F) in font [lmmono8-regular]:!
Missing character: There is no ‏ (U+200F) in font [lmmono8-regular]:!
Missing character: There is no ‏ (U+200F) in font [lmmono8-regular]:!
Missing character: There is no ‏ (U+200F) in font [lmmono8-regular]:!
Missing character: There is no ‏ (U+200F) in font [lmmono8-regular]:!
Missing character: There is no ‏ (U+200F) in font [lmmono8-regular]:!
Missing character: There is no ‏ (U+200F) in font [lmmono8-regular]:!
Missing character: There is no ‏ (U+200F) in font [lmmono8-regular]:!
Missing character: There is no ‏ (U+200F) in font [lmmono8-regular]:!
Missing character: There is no ‏ (U+200F) in font [lmmono8-regular]:!
Missing character: There is no ‏ (U+200F) in font [lmmono8-regular]:!
Missing character: There is no ‏ (U+200F) in font [lmmono8-regular]:!
Missing character: There is no ‏ (U+200F) in font [lmmono8-regular]:!
Missing character: There is no ‏ (U+200F) in font [lmmono8-regular]:!
Missing character: There is no ‏ (U+200F) in font [lmmono8-regular]:!
Missing character: There is no ‏ (U+200F) in font [lmmono8-regular]:!
Missing character: There is no ‏ (U+200F) in font [lmmono8-regular]:!
Missing character: There is no ‏ (U+200F) in font [lmmono8-regular]:!
Missing character: There is no ‏ (U+200F) in font [lmmono8-regular]:!
[185]
Missing character: There is no ‏ (U+200F) in font [lmmono8-regular]:!
Missing character: There is no ‏ (U+200F) in font [lmmono8-regular]:!
[186] [187] [188] [189]
Missing character: There is no ‏ (U+200F) in font [lmmono8-regular]:!
Missing character: There is no ‏ (U+200F) in font [lmmono8-regular]:!
Missing character: There is no ‏ (U+200F) in font [lmmono8-regular]:!
Missing character: There is no ‏ (U+200F) in font [lmmono8-regular]:!
Missing character: There is no ‏ (U+200F) in font [lmmono8-regular]:!
Missing character: There is no ‏ (U+200F) in font [lmmono8-regular]:!
Missing character: There is no ‏ (U+200F) in font [lmmono8-regular]:!
Missing character: There is no ‏ (U+200F) in font [lmmono8-regular]:!
Missing character: There is no ‏ (U+200F) in font [lmmono8-regular]:!
[190]
Overfull \hbox (86.47989pt too wide) in paragraph at lines 702--703
[][]\TU/lmtt/m/n/10.95 infer_ideal_outcomes_d0[]\TU/Vazirmatn(0)/m/n/10.95 ، []
\TU/lmtt/m/n/10.95 extract_detection_arrays[]\TU/Vazirmatn(0)/m/n/10.95 ، []\TU
/lmtt/m/n/10.95 detector_result_to_protocol_detection_results[]\TU/Vazirmatn(0)
/m/n/10.95 :[]
 []

[191]
Overfull \hbox (12.54794pt too wide) in paragraph at lines 732--733
[]\TU/Vazirmatn(0)/m/n/10.95 این ماژول از []\TU/lmtt/m/n/10.95 qkd.channel[] \T
U/Vazirmatn(0)/m/n/10.95 کلاس []\TU/lmroman10-regular(0)/m/n/10.95 FiberChannel
[]\TU/Vazirmatn(0)/m/n/10.95 ، توابع []\TU/lmtt/m/n/10.95 build_attenuation_con
fig_from_sim_config[]\TU/Vazirmatn(0)/m/n/10.95 ،[]
 []

[192]) [193]
فصل 12.
(./chapters/13_network.tex [194

] [195] [196] [197] [198] [199] [200]
Missing character: There is no ‏ (U+200F) in font [lmmono8-regular]:!
Missing character: There is no ‏ (U+200F) in font [lmmono8-regular]:!
Missing character: There is no ‏ (U+200F) in font [lmmono8-regular]:!
[201]
Missing character: There is no ‏ (U+200F) in font [lmmono8-regular]:!
Missing character: There is no ‏ (U+200F) in font [lmmono8-regular]:!
Missing character: There is no ‏ (U+200F) in font [lmmono8-regular]:!
[202]
Missing character: There is no ‏ (U+200F) in font [lmmono8-regular]:!
Missing character: There is no ‏ (U+200F) in font [lmmono8-regular]:!
Missing character: There is no ‏ (U+200F) in font [lmmono8-regular]:!
Missing character: There is no ‏ (U+200F) in font [lmmono8-regular]:!
Missing character: There is no ‏ (U+200F) in font [lmmono8-regular]:!
Missing character: There is no ‏ (U+200F) in font [lmmono8-regular]:!
Missing character: There is no ‏ (U+200F) in font [lmmono8-regular]:!
Missing character: There is no ‏ (U+200F) in font [lmmono8-regular]:!
Missing character: There is no ‏ (U+200F) in font [lmmono8-regular]:!
[203] [204]
Missing character: There is no ‏ (U+200F) in font [lmmono8-regular]:!
Missing character: There is no ‏ (U+200F) in font [lmmono8-regular]:!
Missing character: There is no ‏ (U+200F) in font [lmmono8-regular]:!
Missing character: There is no ‏ (U+200F) in font [lmmono8-regular]:!
Missing character: There is no ‏ (U+200F) in font [lmmono8-regular]:!
Missing character: There is no ‏ (U+200F) in font [lmmono8-regular]:!
Missing character: There is no ‏ (U+200F) in font [lmmono8-regular]:!
Missing character: There is no ‏ (U+200F) in font [lmmono8-regular]:!
Missing character: There is no ‏ (U+200F) in font [lmmono8-regular]:!
Missing character: There is no ‏ (U+200F) in font [lmmono8-regular]:!
[205] [206]
Missing character: There is no ‏ (U+200F) in font [lmmono8-regular]:!
Missing character: There is no ‏ (U+200F) in font [lmmono8-regular]:!
Missing character: There is no ‏ (U+200F) in font [lmmono8-regular]:!
Missing character: There is no ‏ (U+200F) in font [lmmono8-regular]:!
Missing character: There is no ‏ (U+200F) in font [lmmono8-regular]:!
Missing character: There is no ‏ (U+200F) in font [lmmono8-regular]:!
Missing character: There is no ‏ (U+200F) in font [lmmono8-regular]:!
[207] [208] [209] [210]
Missing character: There is no ‏ (U+200F) in font [lmmono8-regular]:!
[211] [212] [213]
Missing character: There is no ‏ (U+200F) in font [lmmono8-regular]:!
Missing character: There is no ‏ (U+200F) in font [lmmono8-regular]:!
Missing character: There is no ‏ (U+200F) in font [lmmono8-regular]:!
Missing character: There is no ‏ (U+200F) in font [lmmono8-regular]:!
[214] [215]) [216] [217

]
فصل 13.
(./chapters/14_val_physics.tex [218

] [219] [220] [221] [222]
Missing character: There is no ‏ (U+200F) in font [lmmono8-regular]:!
Missing character: There is no ‏ (U+200F) in font [lmmono8-regular]:!
[223]
Missing character: There is no ‏ (U+200F) in font [lmmono8-regular]:!
Missing character: There is no ‏ (U+200F) in font [lmmono8-regular]:!
Missing character: There is no ‏ (U+200F) in font [lmmono8-regular]:!
Missing character: There is no ‏ (U+200F) in font [lmmono8-regular]:!
[224]
Missing character: There is no ‏ (U+200F) in font [lmmono8-regular]:!
Missing character: There is no ‏ (U+200F) in font [lmmono8-regular]:!
Missing character: There is no ‏ (U+200F) in font [lmmono8-regular]:!
Missing character: There is no ‏ (U+200F) in font [lmmono8-regular]:!
Missing character: There is no ‏ (U+200F) in font [lmmono8-regular]:!
Missing character: There is no ‏ (U+200F) in font [lmmono8-regular]:!
Missing character: There is no ‏ (U+200F) in font [lmmono8-regular]:!
Missing character: There is no ‏ (U+200F) in font [lmmono8-regular]:!
Missing character: There is no ‏ (U+200F) in font [lmmono8-regular]:!
Missing character: There is no ‏ (U+200F) in font [lmmono8-regular]:!
Missing character: There is no ‏ (U+200F) in font [lmmono8-regular]:!
[225]
Missing character: There is no ‏ (U+200F) in font [lmmono8-regular]:!
Missing character: There is no ‏ (U+200F) in font [lmmono8-regular]:!
Missing character: There is no ‏ (U+200F) in font [lmmono8-regular]:!
Missing character: There is no ‏ (U+200F) in font [lmmono8-regular]:!
Missing character: There is no ‏ (U+200F) in font [lmmono8-regular]:!
Missing character: There is no ‏ (U+200F) in font [lmmono8-regular]:!
Missing character: There is no ‏ (U+200F) in font [lmmono8-regular]:!
Missing character: There is no ‏ (U+200F) in font [lmmono8-regular]:!
Missing character: There is no ‏ (U+200F) in font [lmmono8-regular]:!
Missing character: There is no ‏ (U+200F) in font [lmmono8-regular]:!
[226]
Missing character: There is no ‏ (U+200F) in font [lmmono8-regular]:!
Missing character: There is no ‏ (U+200F) in font [lmmono8-regular]:!
Missing character: There is no ف (U+0641) in font [lmmono8-regular]:!
Missing character: There is no ی (U+06CC) in font [lmmono8-regular]:!
Missing character: There is no ز (U+0632) in font [lmmono8-regular]:!
Missing character: There is no ی (U+06CC) in font [lmmono8-regular]:!
Missing character: There is no ک (U+06A9) in font [lmmono8-regular]:!
Missing character: There is no ص (U+0635) in font [lmmono8-regular]:!
Missing character: There is no ح (U+062D) in font [lmmono8-regular]:!
Missing character: There is no ی (U+06CC) in font [lmmono8-regular]:!
Missing character: There is no ح (U+062D) in font [lmmono8-regular]:!
Missing character: There is no م (U+0645) in font [lmmono8-regular]:!
Missing character: There is no ح (U+062D) in font [lmmono8-regular]:!
Missing character: There is no ا (U+0627) in font [lmmono8-regular]:!
Missing character: There is no س (U+0633) in font [lmmono8-regular]:!
Missing character: There is no ب (U+0628) in font [lmmono8-regular]:!
Missing character: There is no ه (U+0647) in font [lmmono8-regular]:!
Missing character: There is no ز (U+0632) in font [lmmono8-regular]:!
Missing character: There is no م (U+0645) in font [lmmono8-regular]:!
Missing character: There is no ا (U+0627) in font [lmmono8-regular]:!
Missing character: There is no ن (U+0646) in font [lmmono8-regular]:!
Missing character: There is no م (U+0645) in font [lmmono8-regular]:!
Missing character: There is no ر (U+0631) in font [lmmono8-regular]:!
Missing character: There is no د (U+062F) in font [lmmono8-regular]:!
Missing character: There is no ه (U+0647) in font [lmmono8-regular]:!
Missing character: There is no ر (U+0631) in font [lmmono8-regular]:!
Missing character: There is no و (U+0648) in font [lmmono8-regular]:!
Missing character: There is no ی (U+06CC) in font [lmmono8-regular]:!
Missing character: There is no ه (U+0647) in font [lmmono8-regular]:!
Missing character: There is no ر (U+0631) in font [lmmono8-regular]:!
Missing character: There is no ب (U+0628) in font [lmmono8-regular]:!
Missing character: There is no ه (U+0647) in font [lmmono8-regular]:!
Missing character: There is no ط (U+0637) in font [lmmono8-regular]:!
Missing character: There is no و (U+0648) in font [lmmono8-regular]:!
Missing character: There is no ر (U+0631) in font [lmmono8-regular]:!
Missing character: There is no م (U+0645) in font [lmmono8-regular]:!
Missing character: There is no س (U+0633) in font [lmmono8-regular]:!
Missing character: There is no ت (U+062A) in font [lmmono8-regular]:!
Missing character: There is no ق (U+0642) in font [lmmono8-regular]:!
Missing character: There is no ل (U+0644) in font [lmmono8-regular]:!
Missing character: There is no ‏ (U+200F) in font [lmmono8-regular]:!
Missing character: There is no ‏ (U+200F) in font [lmmono8-regular]:!
Missing character: There is no ‏ (U+200F) in font [lmmono8-regular]:!
Missing character: There is no ‏ (U+200F) in font [lmmono8-regular]:!
[227] [228] [229]) [230] [231]
فصل 14.
(./chapters/15_val_crypto.tex [232

] [233] [234] [235] [236]
Missing character: There is no ‏ (U+200F) in font [lmmono8-regular]:!
Missing character: There is no ‏ (U+200F) in font [lmmono8-regular]:!
Missing character: There is no پ (U+067E) in font [lmmono8-regular]:!
Missing character: There is no ا (U+0627) in font [lmmono8-regular]:!
Missing character: There is no ر (U+0631) in font [lmmono8-regular]:!
Missing character: There is no ا (U+0627) in font [lmmono8-regular]:!
Missing character: There is no م (U+0645) in font [lmmono8-regular]:!
Missing character: There is no ت (U+062A) in font [lmmono8-regular]:!
Missing character: There is no ر (U+0631) in font [lmmono8-regular]:!
Missing character: There is no ه (U+0647) in font [lmmono8-regular]:!
Missing character: There is no ا (U+0627) in font [lmmono8-regular]:!
Missing character: There is no ی (U+06CC) in font [lmmono8-regular]:!
Missing character: There is no س (U+0633) in font [lmmono8-regular]:!
Missing character: There is no ی (U+06CC) in font [lmmono8-regular]:!
Missing character: There is no گ (U+06AF) in font [lmmono8-regular]:!
Missing character: There is no ن (U+0646) in font [lmmono8-regular]:!
Missing character: There is no ا (U+0627) in font [lmmono8-regular]:!
Missing character: There is no ل (U+0644) in font [lmmono8-regular]:!
Missing character: There is no ‏ (U+200F) in font [lmmono8-regular]:!
Missing character: There is no پ (U+067E) in font [lmmono8-regular]:!
Missing character: There is no ا (U+0627) in font [lmmono8-regular]:!
Missing character: There is no ر (U+0631) in font [lmmono8-regular]:!
Missing character: There is no ا (U+0627) in font [lmmono8-regular]:!
Missing character: There is no م (U+0645) in font [lmmono8-regular]:!
Missing character: There is no ت (U+062A) in font [lmmono8-regular]:!
Missing character: There is no ر (U+0631) in font [lmmono8-regular]:!
Missing character: There is no ه (U+0647) in font [lmmono8-regular]:!
Missing character: There is no ا (U+0627) in font [lmmono8-regular]:!
Missing character: There is no ی (U+06CC) in font [lmmono8-regular]:!
Missing character: There is no ف (U+0641) in font [lmmono8-regular]:!
Missing character: There is no ر (U+0631) in font [lmmono8-regular]:!
Missing character: There is no ی (U+06CC) in font [lmmono8-regular]:!
Missing character: There is no ب (U+0628) in font [lmmono8-regular]:!
Missing character: There is no ض (U+0636) in font [lmmono8-regular]:!
Missing character: There is no ع (U+0639) in font [lmmono8-regular]:!
Missing character: There is no ی (U+06CC) in font [lmmono8-regular]:!
Missing character: There is no ف (U+0641) in font [lmmono8-regular]:!
Missing character: There is no ا (U+0627) in font [lmmono8-regular]:!
Missing character: There is no س (U+0633) in font [lmmono8-regular]:!
Missing character: There is no ت (U+062A) in font [lmmono8-regular]:!
Missing character: There is no خ (U+062E) in font [lmmono8-regular]:!
Missing character: There is no ر (U+0631) in font [lmmono8-regular]:!
Missing character: There is no ا (U+0627) in font [lmmono8-regular]:!
Missing character: There is no ج (U+062C) in font [lmmono8-regular]:!
Missing character: There is no ک (U+06A9) in font [lmmono8-regular]:!
Missing character: There is no ر (U+0631) in font [lmmono8-regular]:!
Missing character: There is no ا (U+0627) in font [lmmono8-regular]:!
Missing character: There is no ن (U+0646) in font [lmmono8-regular]:!
Missing character: There is no پ (U+067E) in font [lmmono8-regular]:!
Missing character: There is no ا (U+0627) in font [lmmono8-regular]:!
Missing character: There is no ی (U+06CC) in font [lmmono8-regular]:!
Missing character: There is no ی (U+06CC) in font [lmmono8-regular]:!
Missing character: There is no ن (U+0646) in font [lmmono8-regular]:!
Missing character: There is no ت (U+062A) in font [lmmono8-regular]:!
Missing character: There is no ک (U+06A9) in font [lmmono8-regular]:!
Missing character: There is no ‌ (U+200C) in font [lmmono8-regular]:!
Missing character: There is no ف (U+0641) in font [lmmono8-regular]:!
Missing character: There is no و (U+0648) in font [lmmono8-regular]:!
Missing character: There is no ت (U+062A) in font [lmmono8-regular]:!
Missing character: There is no و (U+0648) in font [lmmono8-regular]:!
Missing character: There is no ن (U+0646) in font [lmmono8-regular]:!
Missing character: There is no ی (U+06CC) in font [lmmono8-regular]:!
Missing character: There is no ت (U+062A) in font [lmmono8-regular]:!
Missing character: There is no ی (U+06CC) in font [lmmono8-regular]:!
[237]
Missing character: There is no م (U+0645) in font [lmmono8-regular]:!
Missing character: There is no ح (U+062D) in font [lmmono8-regular]:!
Missing character: There is no ا (U+0627) in font [lmmono8-regular]:!
Missing character: There is no س (U+0633) in font [lmmono8-regular]:!
Missing character: There is no ب (U+0628) in font [lmmono8-regular]:!
Missing character: There is no ه (U+0647) in font [lmmono8-regular]:!
Missing character: There is no ‏ (U+200F) in font [lmmono8-regular]:!
Missing character: There is no ‏ (U+200F) in font [lmmono8-regular]:!
Missing character: There is no م (U+0645) in font [lmmono8-regular]:!
Missing character: There is no ح (U+062D) in font [lmmono8-regular]:!
Missing character: There is no ا (U+0627) in font [lmmono8-regular]:!
Missing character: There is no س (U+0633) in font [lmmono8-regular]:!
Missing character: There is no ب (U+0628) in font [lmmono8-regular]:!
Missing character: There is no ه (U+0647) in font [lmmono8-regular]:!
Missing character: There is no ن (U+0646) in font [lmmono8-regular]:!
Missing character: There is no ر (U+0631) in font [lmmono8-regular]:!
Missing character: There is no خ (U+062E) in font [lmmono8-regular]:!
Missing character: There is no ک (U+06A9) in font [lmmono8-regular]:!
Missing character: There is no ل (U+0644) in font [lmmono8-regular]:!
Missing character: There is no ی (U+06CC) in font [lmmono8-regular]:!
Missing character: There is no د (U+062F) in font [lmmono8-regular]:!
Missing character: There is no م (U+0645) in font [lmmono8-regular]:!
Missing character: There is no ج (U+062C) in font [lmmono8-regular]:!
Missing character: There is no ا (U+0627) in font [lmmono8-regular]:!
Missing character: There is no ن (U+0646) in font [lmmono8-regular]:!
Missing character: There is no ب (U+0628) in font [lmmono8-regular]:!
Missing character: There is no ی (U+06CC) in font [lmmono8-regular]:!
Missing character: There is no ‏ (U+200F) in font [lmmono8-regular]:!
[238]
Missing character: There is no ‏ (U+200F) in font [lmmono8-regular]:!
Missing character: There is no ‏ (U+200F) in font [lmmono8-regular]:!
Missing character: There is no ‏ (U+200F) in font [lmmono8-regular]:!
Missing character: There is no ‏ (U+200F) in font [lmmono8-regular]:!
Missing character: There is no ‏ (U+200F) in font [lmmono8-regular]:!
Missing character: There is no ‏ (U+200F) in font [lmmono8-regular]:!
Missing character: There is no ‏ (U+200F) in font [lmmono8-regular]:!
Missing character: There is no ‏ (U+200F) in font [lmmono8-regular]:!
Missing character: There is no ‏ (U+200F) in font [lmmono8-regular]:!
Missing character: There is no ‏ (U+200F) in font [lmmono8-regular]:!
Missing character: There is no ‏ (U+200F) in font [lmmono8-regular]:!
Missing character: There is no ‏ (U+200F) in font [lmmono8-regular]:!
[239]
Missing character: There is no ✅ (U+2705) in font [lmroman10-regular]/OT:script
=latn;language=dflt;mapping=tex-text;!
Missing character: There is no ❌ (U+274C) in font [lmroman10-regular]/OT:script
=latn;language=dflt;mapping=tex-text;!
Missing character: There is no ‏ (U+200F) in font [lmmono8-regular]:!
Missing character: There is no ‏ (U+200F) in font [lmmono8-regular]:!
Missing character: There is no ‏ (U+200F) in font [lmmono8-regular]:!
Missing character: There is no ‏ (U+200F) in font [lmmono8-regular]:!
Missing character: There is no ‏ (U+200F) in font [lmmono8-regular]:!
Missing character: There is no ‏ (U+200F) in font [lmmono8-regular]:!
Missing character: There is no ‏ (U+200F) in font [lmmono8-regular]:!
Missing character: There is no ‏ (U+200F) in font [lmmono8-regular]:!
Missing character: There is no ‏ (U+200F) in font [lmmono8-regular]:!
[240]
Missing character: There is no ‏ (U+200F) in font [lmmono8-regular]:!
[241] [242]
Missing character: There is no ‏ (U+200F) in font [lmmono8-regular]:!
[243] (/usr/share/texlive/texmf-dist/tex/latex/listings/lstlang1.sty
File: lstlang1.sty 2023/02/27 1.9 listings language file
)
(/usr/share/texlive/texmf-dist/tex/latex/listings/lstlang1.sty
File: lstlang1.sty 2023/02/27 1.9 listings language file
)) [244] [245]
فصل 15.
(./chapters/16_val_lp.tex [246

] [247] [248] [249]
Missing character: There is no ‏ (U+200F) in font [lmmono8-regular]:!
[250]
Missing character: There is no ت (U+062A) in font [lmmono8-regular]:!
Missing character: There is no ا (U+0627) in font [lmmono8-regular]:!
Missing character: There is no ب (U+0628) in font [lmmono8-regular]:!
Missing character: There is no ع (U+0639) in font [lmmono8-regular]:!
Missing character: There is no ه (U+0647) in font [lmmono8-regular]:!
Missing character: There is no ز (U+0632) in font [lmmono8-regular]:!
Missing character: There is no ی (U+06CC) in font [lmmono8-regular]:!
Missing character: There is no ن (U+0646) in font [lmmono8-regular]:!
Missing character: There is no ه (U+0647) in font [lmmono8-regular]:!
Missing character: There is no ت (U+062A) in font [lmmono8-regular]:!
Missing character: There is no ح (U+062D) in font [lmmono8-regular]:!
Missing character: There is no ل (U+0644) in font [lmmono8-regular]:!
Missing character: There is no ی (U+06CC) in font [lmmono8-regular]:!
Missing character: There is no ل (U+0644) in font [lmmono8-regular]:!
Missing character: There is no ی (U+06CC) in font [lmmono8-regular]:!
Missing character: There is no ب (U+0628) in font [lmmono8-regular]:!
Missing character: There is no ر (U+0631) in font [lmmono8-regular]:!
Missing character: There is no ا (U+0627) in font [lmmono8-regular]:!
Missing character: There is no ی (U+06CC) in font [lmmono8-regular]:!
Missing character: There is no ب (U+0628) in font [lmmono8-regular]:!
Missing character: There is no ر (U+0631) in font [lmmono8-regular]:!
Missing character: There is no ر (U+0631) in font [lmmono8-regular]:!
Missing character: There is no س (U+0633) in font [lmmono8-regular]:!
Missing character: There is no ی (U+06CC) in font [lmmono8-regular]:!
Missing character: There is no پ (U+067E) in font [lmmono8-regular]:!
Missing character: There is no ا (U+0627) in font [lmmono8-regular]:!
Missing character: There is no ر (U+0631) in font [lmmono8-regular]:!
Missing character: There is no ا (U+0627) in font [lmmono8-regular]:!
Missing character: There is no م (U+0645) in font [lmmono8-regular]:!
Missing character: There is no ت (U+062A) in font [lmmono8-regular]:!
Missing character: There is no ر (U+0631) in font [lmmono8-regular]:!
Missing character: There is no ه (U+0647) in font [lmmono8-regular]:!
Missing character: There is no ا (U+0627) in font [lmmono8-regular]:!
Missing character: There is no ا (U+0627) in font [lmmono8-regular]:!
Missing character: There is no ص (U+0635) in font [lmmono8-regular]:!
Missing character: There is no ل (U+0644) in font [lmmono8-regular]:!
Missing character: There is no ا (U+0627) in font [lmmono8-regular]:!
Missing character: There is no ح (U+062D) in font [lmmono8-regular]:!
Missing character: There is no ش (U+0634) in font [lmmono8-regular]:!
Missing character: There is no د (U+062F) in font [lmmono8-regular]:!
Missing character: There is no ه (U+0647) in font [lmmono8-regular]:!
Missing character: There is no ‏ (U+200F) in font [lmmono8-regular]:!
Missing character: There is no ‏ (U+200F) in font [lmmono8-regular]:!
Missing character: There is no ‏ (U+200F) in font [lmmono8-regular]:!
Missing character: There is no ‏ (U+200F) in font [lmmono8-regular]:!
Missing character: There is no ‏ (U+200F) in font [lmmono8-regular]:!
Missing character: There is no ‏ (U+200F) in font [lmmono8-regular]:!
Missing character: There is no ا (U+0627) in font [lmmono8-regular]:!
Missing character: There is no ص (U+0635) in font [lmmono8-regular]:!
Missing character: There is no ل (U+0644) in font [lmmono8-regular]:!
Missing character: There is no ا (U+0627) in font [lmmono8-regular]:!
Missing character: There is no ح (U+062D) in font [lmmono8-regular]:!
Missing character: There is no ف (U+0641) in font [lmmono8-regular]:!
Missing character: There is no ر (U+0631) in font [lmmono8-regular]:!
Missing character: There is no م (U+0645) in font [lmmono8-regular]:!
Missing character: There is no و (U+0648) in font [lmmono8-regular]:!
Missing character: There is no ل (U+0644) in font [lmmono8-regular]:!
Missing character: There is no ب (U+0628) in font [lmmono8-regular]:!
Missing character: There is no ر (U+0631) in font [lmmono8-regular]:!
Missing character: There is no ا (U+0627) in font [lmmono8-regular]:!
Missing character: There is no ی (U+06CC) in font [lmmono8-regular]:!
Missing character: There is no ن (U+0646) in font [lmmono8-regular]:!
Missing character: There is no م (U+0645) in font [lmmono8-regular]:!
Missing character: There is no ی (U+06CC) in font [lmmono8-regular]:!
Missing character: There is no ‌ (U+200C) in font [lmmono8-regular]:!
Missing character: There is no ت (U+062A) in font [lmmono8-regular]:!
Missing character: There is no و (U+0648) in font [lmmono8-regular]:!
Missing character: There is no ا (U+0627) in font [lmmono8-regular]:!
Missing character: There is no ن (U+0646) in font [lmmono8-regular]:!
Missing character: There is no د (U+062F) in font [lmmono8-regular]:!
Missing character: There is no ک (U+06A9) in font [lmmono8-regular]:!
Missing character: There is no م (U+0645) in font [lmmono8-regular]:!
Missing character: There is no ت (U+062A) in font [lmmono8-regular]:!
Missing character: There is no ر (U+0631) in font [lmmono8-regular]:!
Missing character: There is no ا (U+0627) in font [lmmono8-regular]:!
Missing character: There is no ز (U+0632) in font [lmmono8-regular]:!
Missing character: There is no ن (U+0646) in font [lmmono8-regular]:!
Missing character: There is no و (U+0648) in font [lmmono8-regular]:!
Missing character: There is no ی (U+06CC) in font [lmmono8-regular]:!
Missing character: There is no ز (U+0632) in font [lmmono8-regular]:!
Missing character: There is no ت (U+062A) in font [lmmono8-regular]:!
Missing character: There is no ا (U+0627) in font [lmmono8-regular]:!
Missing character: There is no ر (U+0631) in font [lmmono8-regular]:!
Missing character: There is no ی (U+06CC) in font [lmmono8-regular]:!
Missing character: There is no ک (U+06A9) in font [lmmono8-regular]:!
Missing character: There is no ب (U+0628) in font [lmmono8-regular]:!
Missing character: There is no ا (U+0627) in font [lmmono8-regular]:!
Missing character: There is no ش (U+0634) in font [lmmono8-regular]:!
Missing character: There is no د (U+062F) in font [lmmono8-regular]:!
Missing character: There is no ‏ (U+200F) in font [lmmono8-regular]:!
Missing character: There is no ‏ (U+200F) in font [lmmono8-regular]:!
Missing character: There is no ‏ (U+200F) in font [lmmono8-regular]:!
Missing character: There is no ‏ (U+200F) in font [lmmono8-regular]:!
[251]
Missing character: There is no ‏ (U+200F) in font [lmmono8-regular]:!
Missing character: There is no ‏ (U+200F) in font [lmmono8-regular]:!
Missing character: There is no ‏ (U+200F) in font [lmmono8-regular]:!
Missing character: There is no ب (U+0628) in font [lmmono8-regular]:!
Missing character: There is no ه (U+0647) in font [lmmono8-regular]:!
Missing character: There is no ی (U+06CC) in font [lmmono8-regular]:!
Missing character: There is no ن (U+0646) in font [lmmono8-regular]:!
Missing character: There is no ه (U+0647) in font [lmmono8-regular]:!
Missing character: There is no ‌ (U+200C) in font [lmmono8-regular]:!
Missing character: There is no س (U+0633) in font [lmmono8-regular]:!
Missing character: There is no ا (U+0627) in font [lmmono8-regular]:!
Missing character: There is no ز (U+0632) in font [lmmono8-regular]:!
Missing character: There is no ب (U+0628) in font [lmmono8-regular]:!
Missing character: There is no ه (U+0647) in font [lmmono8-regular]:!
Missing character: There is no د (U+062F) in font [lmmono8-regular]:!
Missing character: There is no ن (U+0646) in font [lmmono8-regular]:!
Missing character: There is no ب (U+0628) in font [lmmono8-regular]:!
Missing character: There is no ا (U+0627) in font [lmmono8-regular]:!
Missing character: There is no ل (U+0644) in font [lmmono8-regular]:!
Missing character: There is no م (U+0645) in font [lmmono8-regular]:!
Missing character: There is no ی (U+06CC) in font [lmmono8-regular]:!
Missing character: There is no ن (U+0646) in font [lmmono8-regular]:!
Missing character: There is no ی (U+06CC) in font [lmmono8-regular]:!
Missing character: There is no م (U+0645) in font [lmmono8-regular]:!
Missing character: There is no م (U+0645) in font [lmmono8-regular]:!
Missing character: There is no ک (U+06A9) in font [lmmono8-regular]:!
Missing character: There is no ر (U+0631) in font [lmmono8-regular]:!
Missing character: There is no د (U+062F) in font [lmmono8-regular]:!
Missing character: There is no ن (U+0646) in font [lmmono8-regular]:!
Missing character: There is no ه (U+0647) in font [lmmono8-regular]:!
Missing character: There is no ز (U+0632) in font [lmmono8-regular]:!
Missing character: There is no ی (U+06CC) in font [lmmono8-regular]:!
Missing character: There is no ن (U+0646) in font [lmmono8-regular]:!
Missing character: There is no ه (U+0647) in font [lmmono8-regular]:!
Missing character: There is no ا (U+0627) in font [lmmono8-regular]:!
Missing character: There is no س (U+0633) in font [lmmono8-regular]:!
Missing character: There is no ت (U+062A) in font [lmmono8-regular]:!
Missing character: There is no ، (U+060C) in font [lmmono8-regular]:!
Missing character: There is no پ (U+067E) in font [lmmono8-regular]:!
Missing character: There is no س (U+0633) in font [lmmono8-regular]:!
Missing character: There is no م (U+0645) in font [lmmono8-regular]:!
Missing character: There is no ن (U+0646) in font [lmmono8-regular]:!
Missing character: There is no ف (U+0641) in font [lmmono8-regular]:!
Missing character: There is no ی (U+06CC) in font [lmmono8-regular]:!
Missing character: There is no ر (U+0631) in font [lmmono8-regular]:!
Missing character: There is no ا (U+0627) in font [lmmono8-regular]:!
Missing character: There is no ب (U+0628) in font [lmmono8-regular]:!
Missing character: There is no ر (U+0631) in font [lmmono8-regular]:!
Missing character: There is no م (U+0645) in font [lmmono8-regular]:!
Missing character: There is no ی (U+06CC) in font [lmmono8-regular]:!
Missing character: There is no ‌ (U+200C) in font [lmmono8-regular]:!
Missing character: There is no گ (U+06AF) in font [lmmono8-regular]:!
Missing character: There is no ر (U+0631) in font [lmmono8-regular]:!
Missing character: There is no د (U+062F) in font [lmmono8-regular]:!
Missing character: There is no ا (U+0627) in font [lmmono8-regular]:!
Missing character: There is no ن (U+0646) in font [lmmono8-regular]:!
Missing character: There is no ی (U+06CC) in font [lmmono8-regular]:!
Missing character: There is no م (U+0645) in font [lmmono8-regular]:!
Missing character: There is no ۱ (U+06F1) in font [lmmono8-regular]:!
Missing character: There is no م (U+0645) in font [lmmono8-regular]:!
Missing character: There is no ح (U+062D) in font [lmmono8-regular]:!
Missing character: There is no ا (U+0627) in font [lmmono8-regular]:!
Missing character: There is no س (U+0633) in font [lmmono8-regular]:!
Missing character: There is no ب (U+0628) in font [lmmono8-regular]:!
Missing character: There is no ه (U+0647) in font [lmmono8-regular]:!
Missing character: There is no ب (U+0628) in font [lmmono8-regular]:!
Missing character: There is no ا (U+0627) in font [lmmono8-regular]:!
Missing character: There is no پ (U+067E) in font [lmmono8-regular]:!
Missing character: There is no ا (U+0627) in font [lmmono8-regular]:!
Missing character: There is no ر (U+0631) in font [lmmono8-regular]:!
Missing character: There is no ا (U+0627) in font [lmmono8-regular]:!
Missing character: There is no م (U+0645) in font [lmmono8-regular]:!
Missing character: There is no ت (U+062A) in font [lmmono8-regular]:!
Missing character: There is no ر (U+0631) in font [lmmono8-regular]:!
Missing character: There is no ه (U+0647) in font [lmmono8-regular]:!
Missing character: There is no ا (U+0627) in font [lmmono8-regular]:!
Missing character: There is no ی (U+06CC) in font [lmmono8-regular]:!
Missing character: There is no ث (U+062B) in font [lmmono8-regular]:!
Missing character: There is no ا (U+0627) in font [lmmono8-regular]:!
Missing character: There is no ب (U+0628) in font [lmmono8-regular]:!
Missing character: There is no ت (U+062A) in font [lmmono8-regular]:!
Missing character: There is no و (U+0648) in font [lmmono8-regular]:!
Missing character: There is no س (U+0633) in font [lmmono8-regular]:!
Missing character: There is no خ (U+062E) in font [lmmono8-regular]:!
Missing character: There is no ت (U+062A) in font [lmmono8-regular]:!
Missing character: There is no ‌ (U+200C) in font [lmmono8-regular]:!
Missing character: There is no ک (U+06A9) in font [lmmono8-regular]:!
Missing character: There is no د (U+062F) in font [lmmono8-regular]:!
Missing character: There is no ش (U+0634) in font [lmmono8-regular]:!
Missing character: There is no د (U+062F) in font [lmmono8-regular]:!
Missing character: There is no ه (U+0647) in font [lmmono8-regular]:!
Missing character: There is no ‏ (U+200F) in font [lmmono8-regular]:!
Missing character: There is no ‏ (U+200F) in font [lmmono8-regular]:!
Missing character: There is no ‏ (U+200F) in font [lmmono8-regular]:!
Missing character: There is no ‏ (U+200F) in font [lmmono8-regular]:!
Missing character: There is no ‏ (U+200F) in font [lmmono8-regular]:!
Missing character: There is no ۲ (U+06F2) in font [lmmono8-regular]:!
Missing character: There is no ا (U+0627) in font [lmmono8-regular]:!
Missing character: There is no ج (U+062C) in font [lmmono8-regular]:!
Missing character: There is no ر (U+0631) in font [lmmono8-regular]:!
Missing character: There is no ا (U+0627) in font [lmmono8-regular]:!
Missing character: There is no ی (U+06CC) in font [lmmono8-regular]:!
Missing character: There is no ف (U+0641) in font [lmmono8-regular]:!
Missing character: There is no ر (U+0631) in font [lmmono8-regular]:!
Missing character: There is no ی (U+06CC) in font [lmmono8-regular]:!
Missing character: There is no م (U+0645) in font [lmmono8-regular]:!
Missing character: There is no ‌ (U+200C) in font [lmmono8-regular]:!
Missing character: There is no و (U+0648) in font [lmmono8-regular]:!
Missing character: There is no ر (U+0631) in font [lmmono8-regular]:!
Missing character: There is no ک (U+06A9) in font [lmmono8-regular]:!
Missing character: There is no ‏ (U+200F) in font [lmmono8-regular]:!
Missing character: There is no ‏ (U+200F) in font [lmmono8-regular]:!
Missing character: There is no ‏ (U+200F) in font [lmmono8-regular]:!
Missing character: There is no ‏ (U+200F) in font [lmmono8-regular]:!
Missing character: There is no ‏ (U+200F) in font [lmmono8-regular]:!
Missing character: There is no ‏ (U+200F) in font [lmmono8-regular]:!
[252]
Missing character: There is no ت (U+062A) in font [lmmono8-regular]:!
Missing character: There is no س (U+0633) in font [lmmono8-regular]:!
Missing character: There is no ت (U+062A) in font [lmmono8-regular]:!
Missing character: There is no د (U+062F) in font [lmmono8-regular]:!
Missing character: There is no ر (U+0631) in font [lmmono8-regular]:!
Missing character: There is no ف (U+0641) in font [lmmono8-regular]:!
Missing character: There is no و (U+0648) in font [lmmono8-regular]:!
Missing character: There is no ا (U+0627) in font [lmmono8-regular]:!
Missing character: There is no ص (U+0635) in font [lmmono8-regular]:!
Missing character: There is no ل (U+0644) in font [lmmono8-regular]:!
Missing character: There is no ک (U+06A9) in font [lmmono8-regular]:!
Missing character: There is no و (U+0648) in font [lmmono8-regular]:!
Missing character: There is no ت (U+062A) in font [lmmono8-regular]:!
Missing character: There is no ا (U+0627) in font [lmmono8-regular]:!
Missing character: There is no ه (U+0647) in font [lmmono8-regular]:!
Missing character: There is no ، (U+060C) in font [lmmono8-regular]:!
Missing character: There is no م (U+0645) in font [lmmono8-regular]:!
Missing character: There is no ت (U+062A) in font [lmmono8-regular]:!
Missing character: There is no و (U+0648) in font [lmmono8-regular]:!
Missing character: There is no س (U+0633) in font [lmmono8-regular]:!
Missing character: There is no ط (U+0637) in font [lmmono8-regular]:!
Missing character: There is no و (U+0648) in font [lmmono8-regular]:!
Missing character: There is no ط (U+0637) in font [lmmono8-regular]:!
Missing character: There is no و (U+0648) in font [lmmono8-regular]:!
Missing character: There is no ل (U+0644) in font [lmmono8-regular]:!
Missing character: There is no ا (U+0627) in font [lmmono8-regular]:!
Missing character: There is no ن (U+0646) in font [lmmono8-regular]:!
Missing character: There is no ی (U+06CC) in font [lmmono8-regular]:!
Missing character: There is no ‏ (U+200F) in font [lmmono8-regular]:!
Missing character: There is no ‏ (U+200F) in font [lmmono8-regular]:!
Missing character: There is no ‏ (U+200F) in font [lmmono8-regular]:!
[253]
Missing character: There is no ‏ (U+200F) in font [lmmono8-regular]:!
Missing character: There is no ‏ (U+200F) in font [lmmono8-regular]:!
Missing character: There is no ‏ (U+200F) in font [lmmono8-regular]:!
Missing character: There is no ‏ (U+200F) in font [lmmono8-regular]:!
Missing character: There is no ‏ (U+200F) in font [lmmono8-regular]:!
[254]
Missing character: There is no ‏ (U+200F) in font [lmmono8-regular]:!
Missing character: There is no ‏ (U+200F) in font [lmmono8-regular]:!
Missing character: There is no ‏ (U+200F) in font [lmmono8-regular]:!
Missing character: There is no ‏ (U+200F) in font [lmmono8-regular]:!
Missing character: There is no ‏ (U+200F) in font [lmmono8-regular]:!
Missing character: There is no ‏ (U+200F) in font [lmmono8-regular]:!
Missing character: There is no ‏ (U+200F) in font [lmmono8-regular]:!
Missing character: There is no ‏ (U+200F) in font [lmmono8-regular]:!
[255] [256]) [257]
فصل 16.
(./chapters/17_val_concurrency.tex [258

]
Missing character: There is no ⟩ (U+27E9) in font [lmroman10-regular]/OT:script
=latn;language=dflt;mapping=tex-text;!
Missing character: There is no ⟩ (U+27E9) in font [lmroman10-regular]/OT:script
=latn;language=dflt;mapping=tex-text;!
Missing character: There is no ⟩ (U+27E9) in font [lmroman10-regular]/OT:script
=latn;language=dflt;mapping=tex-text;!
Missing character: There is no ⟩ (U+27E9) in font [lmroman10-regular]/OT:script
=latn;language=dflt;mapping=tex-text;!
[259] [260] [261]
Missing character: There is no ⟩ (U+27E9) in font [lmroman10-regular]/OT:script
=latn;language=dflt;mapping=tex-text;!
[262] [263] [264] [265]) [266] [267] [268

]
(./chapters/18_simulation_results.tex [269

]
فصل 17.
[270

] [271]
فصل 18.
File: figures/01_baseline_BB84_Lim2014.csv.png Graphic file (type bmp)
<figures/01_baseline_BB84_Lim2014.csv.png>
File: figures/02_finite_key_scaling.csv.png Graphic file (type bmp)
<figures/02_finite_key_scaling.csv.png>
[272

]
File: figures/09_rogers_validation_dense.csv.png Graphic file (type bmp)
<figures/09_rogers_validation_dense.csv.png>
 [273]
فصل 19.

LaTeX Warning: Reference `fig:03_dwdm_power' on page 274 undefined on input lin
e 111.

File: figures/03_dwdm_4channel.csv.png Graphic file (type bmp)
<figures/03_dwdm_4channel.csv.png>
File: figures/03b_dwdm_power_minus20.csv.png Graphic file (type bmp)
<figures/03b_dwdm_power_minus20.csv.png>
File: figures/03c_dwdm_power_minus40.csv.png Graphic file (type bmp)
<figures/03c_dwdm_power_minus40.csv.png>
[274

]
File: figures/04_auto_optimized_pulses.csv.png Graphic file (type bmp)
<figures/04_auto_optimized_pulses.csv.png>
 [275]
فصل 20.
File: figures/05_protocols_comparison.png Graphic file (type bmp)
<figures/05_protocols_comparison.png>
File: figures/06_proofs_comparison.png Graphic file (type bmp)
<figures/06_proofs_comparison.png>
[276

]
File: figures/07_detectors_comparison.png Graphic file (type bmp)
<figures/07_detectors_comparison.png>
File: figures/08_confidence_comparison.png Graphic file (type bmp)
<figures/08_confidence_comparison.png>
 [277] [278]
فصل 21.
File: figures/10a_qber_misalignment_sweep.csv.png Graphic file (type bmp)
<figures/10a_qber_misalignment_sweep.csv.png>
File: figures/10b_qber_misalignment_sweep.csv.png Graphic file (type bmp)
<figures/10b_qber_misalignment_sweep.csv.png>
) [279

] (./Report.aux)
 ***********
LaTeX2e <2023-11-01> patch level 1
L3 programming layer <2024-01-22>
 ***********


LaTeX Warning: There were undefined references.

Package rerunfilecheck Info: File `Report.out' has not changed.
(rerunfilecheck)             Checksum: 82100FE315D516328095AAF2DE6207FC;169654.

 ) 
Here is how much of TeX's memory you used:
 23056 strings out of 474878
 429128 string characters out of 5762516
 2435627 words of memory out of 5000000
 44644 multiletter control sequences out of 15000+600000
 566817 words of font info for 131 fonts, out of 8000000 for 9000
 1348 hyphenation exceptions out of 8191
 94i,14n,107p,1440b,2001s stack positions out of 10000i,1000n,20000p,200000b,200000s

Output written on Report.pdf (299 pages).
