distance_km,noise_applied,total_pulses,protocol_name,protocol_class,raw_sifted_bits,secure_key_bits,secure_key_rate,analytic_rogers_sbr,qber,qber_ci_low,qber_ci_high,num_errors,sifted_z_basis,sifted_x_basis,detection_yield_signal,detection_yield_decoy,detection_yield_vacuum,qber_signal,qber_decoy,qber_vacuum,double_clicks_discarded,parameter_estimation_samples,channel_total_loss_db,channel_transmittance,status,simulation_time_sec,diag_double_clicks_total,diag_resolved_to_d0,diag_resolved_to_d1,diag_rogers_resolved_to_d0,diag_kept_both,diag_double_clicks_discarded,diag_tossed_events,diag_pre_batch_lost,diag_tossed_boundary,diag_gated_lost,diag_carry_over_events,diag_deadtime_dropped,diag_combined_flips_with_arrivals,diag_qber_flips_only,diag_qber_flips,diag_dead_time_suppressions,diag_isi_events,diag_afterpulse_events,diag_dark_count_events,diag_imd_click_events,diag_imd_absorbed_by_signal,diag_imd_absorbed_by_signal_pre_jitter,diag_imd_absorbed_by_signal_post_jitter,diag_multiple_fires_per_slot,diag_rogers_discarded_events,diag_kernel_tossed,diag_in_gate_fires,diag_out_of_gate_fires,diag_rng_exhausted,diag_buffer_resized,diag_num_retries,final_state_snippet,source_type,uses_density_matrices,ideal_emission_probability,statistics_type,error_model,modulation_index,intensity_jitter,N_channels,signal_pulse_index,use_small_angle_approximation,use_linear_modulation_approximation,is_bidirectional,mzm_status,electrical_noise_std_v,pulse_signal_mu,pulse_signal_prob,pulse_decoy_mu,pulse_decoy_prob,pulse_vacuum_mu,pulse_vacuum_prob,security_metadata_enabled,security_metadata_total_sent,det_override_det_eff_d0,det_override_det_eff_d1,det_override_dark_rate,det_override_dark_rate_d1,det_override_bias_voltage,det_override_breakdown_voltage,det_override_temperature_k,det_override_ref_temperature_k,det_override_ref_bias_voltage,params_wdm_channel_count,params_wdm_channel_power_dbm,params_wdm_raman_coefficient,params_filter_model,params_filter_awg_loss_db,params_awg_isolation_db,params_channel_total_loss_db,params_raman_dark_rate_hz,sweep_detector_qber_intrinsic,sweep_detector_misalignment
135.0,False,10000000,bb84-decoy,BB84DecoyProtocol,488,0,0.0,14962.788036,0.0,0.0,0.00753068,0,248,240,7.71705e-05,1.25018e-05,0.0,0.0,0.0,0.0,0,49,27.0,0.001995262315,ZERO_KEY,6.0753,0,0,0,0,0,0,0,0,0,0,0,0,0,0,0,0,0,0,0,0,0,0,0,0,0,0,992,0,False,False,0,"{""afterpulse_total_count"": 0, ""ap_depth_d0"": 0, ""a",PoissonSource,False,1.0,poisson,random_gaussian,0.0,0.0,1,0,True,False,False,er_80.0db,2.8706829971541617e-05,0.5,0.6,0.1,0.2,0.0,0.2,False,0,0.15,0.15,6e-07,2e-06,50.0,45.0,293.0,293.0,50.0,1,-20.0,0.0,ideal,3.0,25.0,27.0,0.0,0.005,0.002
150.0,False,10000000,bb84-decoy,BB84DecoyProtocol,239,0,0.0,7499.578149,0.0,0.0,0.01531614,0,113,126,3.66725e-05,9.4927e-06,0.0,0.0,0.0,0.0,0,24,30.0,0.001,ZERO_KEY,5.9753,0,0,0,0,0,0,0,0,0,0,0,0,0,0,0,0,0,0,0,0,0,0,0,0,0,0,483,0,False,False,0,"{""afterpulse_total_count"": 0, ""ap_depth_d0"": 0, ""a",PoissonSource,False,1.0,poisson,random_gaussian,0.0,0.0,1,0,True,False,False,er_80.0db,2.8706829971541617e-05,0.5,0.6,0.1,0.2,0.0,0.2,False,0,0.15,0.15,6e-07,2e-06,50.0,45.0,293.0,293.0,50.0,1,-20.0,0.0,ideal,3.0,25.0,30.0,0.0,0.005,0.002
0.0,True,10000000,bb84-decoy,BB84DecoyProtocol,231520,45481,0.0045481,7100768.934142,0.00751987,0.00715957,0.00788017,1741,115822,115698,0.036103407,0.0074275478,2.75164e-05,0.00735932,0.00786872,0.54545455,1,23152,0.0,1.0,OK,6.641,243,118,125,0,0,0,1,0,0,0,0,0,22238,11214,11214,339,232054,464,0,0,0,0,0,2698,0,1,464363,0,False,False,0,"{""afterpulse_total_count"": 464, ""ap_depth_d0"": 0, ",PoissonSource,False,1.0,poisson,random_gaussian,0.0,0.0,1,0,True,False,False,er_80.0db,2.8706829971541617e-05,0.5,0.6,0.1,0.2,0.0,0.2,False,0,0.15,0.15,6e-07,2e-06,50.0,45.0,293.0,293.0,50.0,1,-20.0,0.0,ideal,3.0,25.0,0.0,0.0,0.005,0.002
105.0,True,10000000,bb84-decoy,BB84DecoyProtocol,1952,0,0.0,59548.01098,0.00870902,0.00351056,0.01390747,17,974,978,0.0003066059,5.60066e-05,0.0,0.00923913,0.0,0.0,1,195,21.0,0.007943282347,ZERO_KEY,6.096,0,0,0,0,0,0,1,0,0,0,0,0,181,106,106,2,1933,4,0,0,0,0,0,0,0,1,3899,0,False,False,0,"{""afterpulse_total_count"": 4, ""ap_depth_d0"": 0, ""a",PoissonSource,False,1.0,poisson,random_gaussian,0.0,0.0,1,0,True,False,False,er_80.0db,2.8706829971541617e-05,0.5,0.6,0.1,0.2,0.0,0.2,False,0,0.15,0.15,6e-07,2e-06,50.0,45.0,293.0,293.0,50.0,1,-20.0,0.0,ideal,3.0,25.0,21.0,0.0,0.005,0.002
120.0,True,10000000,bb84-decoy,BB84DecoyProtocol,969,0,0.0,29851.35302,0.00619195,0.0,0.01342823,6,502,467,0.000152034,2.85096e-05,0.0,0.00657895,0.0,0.0,1,97,24.0,0.003981071706,ZERO_KEY,6.6408,0,0,0,0,0,0,1,0,0,0,0,0,96,54,54,0,942,0,0,0,0,0,0,0,0,1,1917,0,False,False,0,"{""afterpulse_total_count"": 0, ""ap_depth_d0"": 0, ""a",PoissonSource,False,1.0,poisson,random_gaussian,0.0,0.0,1,0,True,False,False,er_80.0db,2.8706829971541617e-05,0.5,0.6,0.1,0.2,0.0,0.2,False,0,0.15,0.15,6e-07,2e-06,50.0,45.0,293.0,293.0,50.0,1,-20.0,0.0,ideal,3.0,25.0,24.0,0.0,0.005,0.002
135.0,True,10000000,bb84-decoy,BB84DecoyProtocol,469,0,0.0,14962.788036,0.01279318,0.0,0.02763624,6,225,244,7.33394e-05,1.44942e-05,0.0,0.01363636,0.0,0.0,1,47,27.0,0.001995262315,ZERO_KEY,6.4023,0,0,0,0,0,0,1,0,0,0,0,0,55,33,33,1,486,2,0,0,0,0,0,0,0,1,958,0,False,False,0,"{""afterpulse_total_count"": 2, ""ap_depth_d0"": 0, ""a",PoissonSource,False,1.0,poisson,random_gaussian,0.0,0.0,1,0,True,False,False,er_80.0db,2.8706829971541617e-05,0.5,0.6,0.1,0.2,0.0,0.2,False,0,0.15,0.15,6e-07,2e-06,50.0,45.0,293.0,293.0,50.0,1,-20.0,0.0,ideal,3.0,25.0,27.0,0.0,0.005,0.002
60.0,True,10000000,bb84-decoy,BB84DecoyProtocol,15080,302,3.02e-05,471544.43659,0.008687,0.00707402,0.01029998,131,7476,7604,0.0023539728,0.0004762895,3.4987e-06,0.00842776,0.00944386,0.42857143,1,1508,12.0,0.063095734448,OK,7.4252,1,0,1,0,0,0,1,0,0,0,0,0,1433,719,719,15,15187,23,0,0,0,0,0,16,0,1,30216,0,False,False,0,"{""afterpulse_total_count"": 23, ""ap_depth_d0"": 0, """,PoissonSource,False,1.0,poisson,random_gaussian,0.0,0.0,1,0,True,False,False,er_80.0db,2.8706829971541617e-05,0.5,0.6,0.1,0.2,0.0,0.2,False,0,0.15,0.15,6e-07,2e-06,50.0,45.0,293.0,293.0,50.0,1,-20.0,0.0,ideal,3.0,25.0,12.0,0.0,0.005,0.002
75.0,True,10000000,bb84-decoy,BB84DecoyProtocol,7650,0,0.0,236749.698801,0.00745098,0.00525899,0.00964297,57,3760,3890,0.0011911996,0.0002516434,0.0,0.00713586,0.01192843,0.0,1,765,15.0,0.031622776602,ZERO_KEY,6.0614,1,1,0,0,0,0,1,0,0,0,0,0,718,358,358,4,7623,6,0,0,0,0,0,4,0,1,15229,0,False,False,0,"{""afterpulse_total_count"": 6, ""ap_depth_d0"": 0, ""a",PoissonSource,False,1.0,poisson,random_gaussian,0.0,0.0,1,0,True,False,False,er_80.0db,2.8706829971541617e-05,0.5,0.6,0.1,0.2,0.0,0.2,False,0,0.15,0.15,6e-07,2e-06,50.0,45.0,293.0,293.0,50.0,1,-20.0,0.0,ideal,3.0,25.0,15.0,0.0,0.005,0.002
90.0,True,10000000,bb84-decoy,BB84DecoyProtocol,3895,0,0.0,118761.113627,0.00616175,0.00316909,0.0091544,24,1974,1921,0.0006093871,0.0001194584,0.0,0.00656455,0.0,0.0,1,390,18.0,0.015848931925,ZERO_KEY,5.9663,0,0,0,0,0,0,1,0,0,0,0,0,387,201,201,2,3845,4,0,0,0,0,0,1,0,1,7689,0,False,False,0,"{""afterpulse_total_count"": 4, ""ap_depth_d0"": 0, ""a",PoissonSource,False,1.0,poisson,random_gaussian,0.0,0.0,1,0,True,False,False,er_80.0db,2.8706829971541617e-05,0.5,0.6,0.1,0.2,0.0,0.2,False,0,0.15,0.15,6e-07,2e-06,50.0,45.0,293.0,293.0,50.0,1,-20.0,0.0,ideal,3.0,25.0,18.0,0.0,0.005,0.002
150.0,True,10000000,bb84-decoy,BB84DecoyProtocol,232,0,0.0,7499.578149,0.00862069,0.0,0.03079221,2,120,112,3.58303e-05,8.4928e-06,0.0,0.00930233,0.0,0.0,1,23,30.0,0.001,ZERO_KEY,6.4981,0,0,0,0,0,0,1,0,0,0,0,0,20,12,12,0,234,0,0,0,0,0,0,0,0,1,468,0,False,False,0,"{""afterpulse_total_count"": 0, ""ap_depth_d0"": 0, ""a",PoissonSource,False,1.0,poisson,random_gaussian,0.0,0.0,1,0,True,False,False,er_80.0db,2.8706829971541617e-05,0.5,0.6,0.1,0.2,0.0,0.2,False,0,0.15,0.15,6e-07,2e-06,50.0,45.0,293.0,293.0,50.0,1,-20.0,0.0,ideal,3.0,25.0,30.0,0.0,0.005,0.002
0.0,False,10000000,bb84-decoy,BB84DecoyProtocol,231798,66093,0.0066093,7100768.934142,0.0,0.0,1.591e-05,0,115641,116157,0.0361262172,0.0075271053,0.0,0.0,0.0,0.0,0,23180,0.0,1.0,OK,7.7303,0,0,0,0,0,0,0,0,0,0,0,0,0,0,0,0,0,0,0,0,0,0,0,0,0,0,462399,0,False,False,0,"{""afterpulse_total_count"": 0, ""ap_depth_d0"": 0, ""a",PoissonSource,False,1.0,poisson,random_gaussian,0.0,0.0,1,0,True,False,False,er_80.0db,2.8706829971541617e-05,0.5,0.6,0.1,0.2,0.0,0.2,False,0,0.15,0.15,6e-07,2e-06,50.0,45.0,293.0,293.0,50.0,1,-20.0,0.0,ideal,3.0,25.0,0.0,0.0,0.005,0.005
15.0,False,10000000,bb84-decoy,BB84DecoyProtocol,118068,30707,0.0030707,3655851.421332,0.0,0.0,3.124e-05,0,59272,58796,0.0184251948,0.003767948,0.0,0.0,0.0,0.0,0,11807,3.0,0.501187233627,OK,7.3329,0,0,0,0,0,0,0,0,0,0,0,0,0,0,0,0,0,0,0,0,0,0,0,0,0,0,236298,0,False,False,0,"{""afterpulse_total_count"": 0, ""ap_depth_d0"": 0, ""a",PoissonSource,False,1.0,poisson,random_gaussian,0.0,0.0,1,0,True,False,False,er_80.0db,2.8706829971541617e-05,0.5,0.6,0.1,0.2,0.0,0.2,False,0,0.15,0.15,6e-07,2e-06,50.0,45.0,293.0,293.0,50.0,1,-20.0,0.0,ideal,3.0,25.0,3.0,0.0,0.005,0.005
45.0,False,10000000,bb84-decoy,BB84DecoyProtocol,30049,6425,0.0006425,937554.855239,0.0,0.0,0.00012275,0,15141,14908,0.004688966,0.0009565885,0.0,0.0,0.0,0.0,0,3005,9.0,0.125892541179,OK,6.6661,0,0,0,0,0,0,0,0,0,0,0,0,0,0,0,0,0,0,0,0,0,0,0,0,0,0,59980,0,False,False,0,"{""afterpulse_total_count"": 0, ""ap_depth_d0"": 0, ""a",PoissonSource,False,1.0,poisson,random_gaussian,0.0,0.0,1,0,True,False,False,er_80.0db,2.8706829971541617e-05,0.5,0.6,0.1,0.2,0.0,0.2,False,0,0.15,0.15,6e-07,2e-06,50.0,45.0,293.0,293.0,50.0,1,-20.0,0.0,ideal,3.0,25.0,9.0,0.0,0.005,0.002
60.0,False,10000000,bb84-decoy,BB84DecoyProtocol,14962,1833,0.0001833,471544.43659,0.0,0.0,0.00024652,0,7391,7571,0.0023370821,0.0004686432,0.0,0.0,0.0,0.0,0,1496,12.0,0.063095734448,OK,6.8555,0,0,0,0,0,0,0,0,0,0,0,0,0,0,0,0,0,0,0,0,0,0,0,0,0,0,30118,0,False,False,0,"{""afterpulse_total_count"": 0, ""ap_depth_d0"": 0, ""a",PoissonSource,False,1.0,poisson,random_gaussian,0.0,0.0,1,0,True,False,False,er_80.0db,2.8706829971541617e-05,0.5,0.6,0.1,0.2,0.0,0.2,False,0,0.15,0.15,6e-07,2e-06,50.0,45.0,293.0,293.0,50.0,1,-20.0,0.0,ideal,3.0,25.0,12.0,0.0,0.005,0.002
75.0,False,10000000,bb84-decoy,BB84DecoyProtocol,7674,756,7.56e-05,236749.698801,0.0,0.0,0.00048058,0,3785,3889,0.0011939796,0.0002536734,0.0,0.0,0.0,0.0,0,767,15.0,0.031622776602,OK,8.7435,0,0,0,0,0,0,0,0,0,0,0,0,0,0,0,0,0,0,0,0,0,0,0,0,0,0,15296,0,False,False,0,"{""afterpulse_total_count"": 0, ""ap_depth_d0"": 0, ""a",PoissonSource,False,1.0,poisson,random_gaussian,0.0,0.0,1,0,True,False,False,er_80.0db,2.8706829971541617e-05,0.5,0.6,0.1,0.2,0.0,0.2,False,0,0.15,0.15,6e-07,2e-06,50.0,45.0,293.0,293.0,50.0,1,-20.0,0.0,ideal,3.0,25.0,15.0,0.0,0.005,0.002
0.0,False,10000000,bb84-decoy,BB84DecoyProtocol,231483,65862,0.0065862,7100768.934142,0.0,0.0,1.594e-05,0,115424,116059,0.0360959882,0.007448135,0.0,0.0,0.0,0.0,0,23148,0.0,1.0,OK,7.9332,0,0,0,0,0,0,0,0,0,0,0,0,0,0,0,0,0,0,0,0,0,0,0,0,0,0,462274,0,False,False,0,"{""afterpulse_total_count"": 0, ""ap_depth_d0"": 0, ""a",PoissonSource,False,1.0,poisson,random_gaussian,0.0,0.0,1,0,True,False,False,er_80.0db,2.8706829971541617e-05,0.5,0.6,0.1,0.2,0.0,0.2,False,0,0.15,0.15,6e-07,2e-06,50.0,45.0,293.0,293.0,50.0,1,-20.0,0.0,ideal,3.0,25.0,0.0,0.0,0.005,0.002
15.0,False,10000000,bb84-decoy,BB84DecoyProtocol,117828,28682,0.0028682,3655851.421332,0.0,0.0,3.131e-05,0,59262,58566,0.018416809,0.0036580576,0.0,0.0,0.0,0.0,0,11783,3.0,0.501187233627,OK,8.4845,0,0,0,0,0,0,0,0,0,0,0,0,0,0,0,0,0,0,0,0,0,0,0,0,0,0,236125,0,False,False,0,"{""afterpulse_total_count"": 0, ""ap_depth_d0"": 0, ""a",PoissonSource,False,1.0,poisson,random_gaussian,0.0,0.0,1,0,True,False,False,er_80.0db,2.8706829971541617e-05,0.5,0.6,0.1,0.2,0.0,0.2,False,0,0.15,0.15,6e-07,2e-06,50.0,45.0,293.0,293.0,50.0,1,-20.0,0.0,ideal,3.0,25.0,3.0,0.0,0.005,0.002
30.0,False,10000000,bb84-decoy,BB84DecoyProtocol,59823,14462,0.0014462,1857667.938681,0.0,0.0,6.166e-05,0,29921,29902,0.009337704,0.0018828634,0.0,0.0,0.0,0.0,0,5982,6.0,0.251188643151,OK,7.3618,0,0,0,0,0,0,0,0,0,0,0,0,0,0,0,0,0,0,0,0,0,0,0,0,0,0,119788,0,False,False,0,"{""afterpulse_total_count"": 0, ""ap_depth_d0"": 0, ""a",PoissonSource,False,1.0,poisson,random_gaussian,0.0,0.0,1,0,True,False,False,er_80.0db,2.8706829971541617e-05,0.5,0.6,0.1,0.2,0.0,0.2,False,0,0.15,0.15,6e-07,2e-06,50.0,45.0,293.0,293.0,50.0,1,-20.0,0.0,ideal,3.0,25.0,6.0,0.0,0.005,0.002
90.0,False,10000000,bb84-decoy,BB84DecoyProtocol,3780,0,0.0,118761.113627,0.0,0.0,0.00097542,0,1907,1873,0.0005926529,0.0001121291,0.0,0.0,0.0,0.0,0,378,18.0,0.015848931925,ZERO_KEY,9.0599,0,0,0,0,0,0,0,0,0,0,0,0,0,0,0,0,0,0,0,0,0,0,0,0,0,0,7502,0,False,False,0,"{""afterpulse_total_count"": 0, ""ap_depth_d0"": 0, ""a",PoissonSource,False,1.0,poisson,random_gaussian,0.0,0.0,1,0,True,False,False,er_80.0db,2.8706829971541617e-05,0.5,0.6,0.1,0.2,0.0,0.2,False,0,0.15,0.15,6e-07,2e-06,50.0,45.0,293.0,293.0,50.0,1,-20.0,0.0,ideal,3.0,25.0,18.0,0.0,0.005,0.002
105.0,False,10000000,bb84-decoy,BB84DecoyProtocol,1917,0,0.0,59548.01098,0.0,0.0,0.00192245,0,924,993,0.000299755,5.89757e-05,0.0,0.0,0.0,0.0,0,192,21.0,0.007943282347,ZERO_KEY,9.0765,0,0,0,0,0,0,0,0,0,0,0,0,0,0,0,0,0,0,0,0,0,0,0,0,0,0,3779,0,False,False,0,"{""afterpulse_total_count"": 0, ""ap_depth_d0"": 0, ""a",PoissonSource,False,1.0,poisson,random_gaussian,0.0,0.0,1,0,True,False,False,er_80.0db,2.8706829971541617e-05,0.5,0.6,0.1,0.2,0.0,0.2,False,0,0.15,0.15,6e-07,2e-06,50.0,45.0,293.0,293.0,50.0,1,-20.0,0.0,ideal,3.0,25.0,21.0,0.0,0.005,0.002
120.0,False,10000000,bb84-decoy,BB84DecoyProtocol,884,0,0.0,29851.35302,0.0,0.0,0.00416425,0,433,451,0.0001367225,3.15217e-05,0.0,0.0,0.0,0.0,0,88,24.0,0.003981071706,ZERO_KEY,8.0842,0,0,0,0,0,0,0,0,0,0,0,0,0,0,0,0,0,0,0,0,0,0,0,0,0,0,1809,0,False,False,0,"{""afterpulse_total_count"": 0, ""ap_depth_d0"": 0, ""a",PoissonSource,False,1.0,poisson,random_gaussian,0.0,0.0,1,0,True,False,False,er_80.0db,2.8706829971541617e-05,0.5,0.6,0.1,0.2,0.0,0.2,False,0,0.15,0.15,6e-07,2e-06,50.0,45.0,293.0,293.0,50.0,1,-20.0,0.0,ideal,3.0,25.0,24.0,0.0,0.005,0.002
75.0,False,10000000,bb84-decoy,BB84DecoyProtocol,7549,595,5.95e-05,236749.698801,0.0,0.0,0.00048854,0,3737,3812,0.0011793579,0.0002353915,0.0,0.0,0.0,0.0,0,755,15.0,0.031622776602,OK,6.7018,0,0,0,0,0,0,0,0,0,0,0,0,0,0,0,0,0,0,0,0,0,0,0,0,0,0,15025,0,False,False,0,"{""afterpulse_total_count"": 0, ""ap_depth_d0"": 0, ""a",PoissonSource,False,1.0,poisson,random_gaussian,0.0,0.0,1,0,True,False,False,er_80.0db,2.8706829971541617e-05,0.5,0.6,0.1,0.2,0.0,0.2,False,0,0.15,0.15,6e-07,2e-06,50.0,45.0,293.0,293.0,50.0,1,-20.0,0.0,ideal,3.0,25.0,15.0,0.0,0.005,0.005
90.0,False,10000000,bb84-decoy,BB84DecoyProtocol,3878,0,0.0,118761.113627,0.0,0.0,0.00095078,0,1865,2013,0.0006014666,0.0001358108,0.0,0.0,0.0,0.0,0,388,18.0,0.015848931925,ZERO_KEY,5.8334,0,0,0,0,0,0,0,0,0,0,0,0,0,0,0,0,0,0,0,0,0,0,0,0,0,0,7785,0,False,False,0,"{""afterpulse_total_count"": 0, ""ap_depth_d0"": 0, ""a",PoissonSource,False,1.0,poisson,random_gaussian,0.0,0.0,1,0,True,False,False,er_80.0db,2.8706829971541617e-05,0.5,0.6,0.1,0.2,0.0,0.2,False,0,0.15,0.15,6e-07,2e-06,50.0,45.0,293.0,293.0,50.0,1,-20.0,0.0,ideal,3.0,25.0,18.0,0.0,0.005,0.005
105.0,False,10000000,bb84-decoy,BB84DecoyProtocol,1882,0,0.0,59548.01098,0.0,0.0,0.00195817,0,971,911,0.0002935966,5.99998e-05,0.0,0.0,0.0,0.0,0,188,21.0,0.007943282347,ZERO_KEY,5.681,0,0,0,0,0,0,0,0,0,0,0,0,0,0,0,0,0,0,0,0,0,0,0,0,0,0,3778,0,False,False,0,"{""afterpulse_total_count"": 0, ""ap_depth_d0"": 0, ""a",PoissonSource,False,1.0,poisson,random_gaussian,0.0,0.0,1,0,True,False,False,er_80.0db,2.8706829971541617e-05,0.5,0.6,0.1,0.2,0.0,0.2,False,0,0.15,0.15,6e-07,2e-06,50.0,45.0,293.0,293.0,50.0,1,-20.0,0.0,ideal,3.0,25.0,21.0,0.0,0.005,0.005
30.0,False,10000000,bb84-decoy,BB84DecoyProtocol,59806,14925,0.0014925,1857667.938681,0.0,0.0,6.168e-05,0,29871,29935,0.0093301507,0.0019103605,0.0,0.0,0.0,0.0,0,5981,6.0,0.251188643151,OK,6.8676,0,0,0,0,0,0,0,0,0,0,0,0,0,0,0,0,0,0,0,0,0,0,0,0,0,0,119262,0,False,False,0,"{""afterpulse_total_count"": 0, ""ap_depth_d0"": 0, ""a",PoissonSource,False,1.0,poisson,random_gaussian,0.0,0.0,1,0,True,False,False,er_80.0db,2.8706829971541617e-05,0.5,0.6,0.1,0.2,0.0,0.2,False,0,0.15,0.15,6e-07,2e-06,50.0,45.0,293.0,293.0,50.0,1,-20.0,0.0,ideal,3.0,25.0,6.0,0.0,0.005,0.005
45.0,False,10000000,bb84-decoy,BB84DecoyProtocol,30227,5640,0.000564,937554.855239,0.0,0.0,0.00012203,0,15189,15038,0.0047267467,0.0009334513,0.0,0.0,0.0,0.0,0,3023,9.0,0.125892541179,OK,6.3612,0,0,0,0,0,0,0,0,0,0,0,0,0,0,0,0,0,0,0,0,0,0,0,0,0,0,60397,0,False,False,0,"{""afterpulse_total_count"": 0, ""ap_depth_d0"": 0, ""a",PoissonSource,False,1.0,poisson,random_gaussian,0.0,0.0,1,0,True,False,False,er_80.0db,2.8706829971541617e-05,0.5,0.6,0.1,0.2,0.0,0.2,False,0,0.15,0.15,6e-07,2e-06,50.0,45.0,293.0,293.0,50.0,1,-20.0,0.0,ideal,3.0,25.0,9.0,0.0,0.005,0.005
60.0,False,10000000,bb84-decoy,BB84DecoyProtocol,15081,2137,0.0002137,471544.43659,0.0,0.0,0.00024457,0,7471,7610,0.0023480856,0.0004953923,0.0,0.0,0.0,0.0,0,1508,12.0,0.063095734448,OK,6.3851,0,0,0,0,0,0,0,0,0,0,0,0,0,0,0,0,0,0,0,0,0,0,0,0,0,0,30116,0,False,False,0,"{""afterpulse_total_count"": 0, ""ap_depth_d0"": 0, ""a",PoissonSource,False,1.0,poisson,random_gaussian,0.0,0.0,1,0,True,False,False,er_80.0db,2.8706829971541617e-05,0.5,0.6,0.1,0.2,0.0,0.2,False,0,0.15,0.15,6e-07,2e-06,50.0,45.0,293.0,293.0,50.0,1,-20.0,0.0,ideal,3.0,25.0,12.0,0.0,0.005,0.005
45.0,True,10000000,bb84-decoy,BB84DecoyProtocol,30213,1829,0.0001829,937554.855239,0.01128653,0.01003066,0.0125424,341,15269,14944,0.004705551,0.0009858774,2.502e-06,0.01094386,0.01469843,0.6,1,3021,9.0,0.125892541179,OK,6.4825,6,4,2,0,0,0,1,0,0,0,0,0,4029,2018,2018,38,30318,58,0,0,0,0,0,71,0,1,60574,0,False,False,0,"{""afterpulse_total_count"": 58, ""ap_depth_d0"": 0, """,PoissonSource,False,1.0,poisson,random_gaussian,0.0,0.0,1,0,True,False,False,er_80.0db,2.8706829971541617e-05,0.5,0.6,0.1,0.2,0.0,0.2,False,0,0.15,0.15,6e-07,2e-06,50.0,45.0,293.0,293.0,50.0,1,-20.0,0.0,ideal,3.0,25.0,9.0,0.0,0.005,0.005
60.0,True,10000000,bb84-decoy,BB84DecoyProtocol,14932,0,0.0,471544.43659,0.00971069,0.00800508,0.0114163,145,7515,7417,0.0023342849,0.0004588827,2.5002e-06,0.00949322,0.01090513,0.4,1,1493,12.0,0.063095734448,ZERO_KEY,5.7982,2,0,2,0,0,0,1,0,0,0,0,0,2030,990,990,17,15085,26,0,0,0,0,0,22,0,1,30052,0,False,False,0,"{""afterpulse_total_count"": 26, ""ap_depth_d0"": 0, """,PoissonSource,False,1.0,poisson,random_gaussian,0.0,0.0,1,0,True,False,False,er_80.0db,2.8706829971541617e-05,0.5,0.6,0.1,0.2,0.0,0.2,False,0,0.15,0.15,6e-07,2e-06,50.0,45.0,293.0,293.0,50.0,1,-20.0,0.0,ideal,3.0,25.0,12.0,0.0,0.005,0.005
75.0,True,10000000,bb84-decoy,BB84DecoyProtocol,7539,0,0.0,236749.698801,0.00848919,0.00615063,0.01082774,64,3748,3791,0.0011759983,0.0002400236,1.0003e-06,0.00821879,0.01041667,0.5,1,754,15.0,0.031622776602,ZERO_KEY,6.4273,0,0,0,0,0,0,1,0,0,0,0,0,1015,541,541,12,7495,19,0,0,0,0,0,5,0,1,15013,0,False,False,0,"{""afterpulse_total_count"": 19, ""ap_depth_d0"": 0, """,PoissonSource,False,1.0,poisson,random_gaussian,0.0,0.0,1,0,True,False,False,er_80.0db,2.8706829971541617e-05,0.5,0.6,0.1,0.2,0.0,0.2,False,0,0.15,0.15,6e-07,2e-06,50.0,45.0,293.0,293.0,50.0,1,-20.0,0.0,ideal,3.0,25.0,15.0,0.0,0.005,0.005
120.0,False,10000000,bb84-decoy,BB84DecoyProtocol,983,0,0.0,29851.35302,0.0,0.0,0.00374564,0,509,474,0.0001530181,3.25031e-05,0.0,0.0,0.0,0.0,0,98,24.0,0.003981071706,ZERO_KEY,6.5095,0,0,0,0,0,0,0,0,0,0,0,0,0,0,0,0,0,0,0,0,0,0,0,0,0,0,1944,0,False,False,0,"{""afterpulse_total_count"": 0, ""ap_depth_d0"": 0, ""a",PoissonSource,False,1.0,poisson,random_gaussian,0.0,0.0,1,0,True,False,False,er_80.0db,2.8706829971541617e-05,0.5,0.6,0.1,0.2,0.0,0.2,False,0,0.15,0.15,6e-07,2e-06,50.0,45.0,293.0,293.0,50.0,1,-20.0,0.0,ideal,3.0,25.0,24.0,0.0,0.005,0.005
135.0,False,10000000,bb84-decoy,BB84DecoyProtocol,458,0,0.0,14962.788036,0.0,0.0,0.00802197,0,220,238,7.19967e-05,1.30029e-05,0.0,0.0,0.0,0.0,0,46,27.0,0.001995262315,ZERO_KEY,6.131,0,0,0,0,0,0,0,0,0,0,0,0,0,0,0,0,0,0,0,0,0,0,0,0,0,0,957,0,False,False,0,"{""afterpulse_total_count"": 0, ""ap_depth_d0"": 0, ""a",PoissonSource,False,1.0,poisson,random_gaussian,0.0,0.0,1,0,True,False,False,er_80.0db,2.8706829971541617e-05,0.5,0.6,0.1,0.2,0.0,0.2,False,0,0.15,0.15,6e-07,2e-06,50.0,45.0,293.0,293.0,50.0,1,-20.0,0.0,ideal,3.0,25.0,27.0,0.0,0.005,0.005
150.0,False,10000000,bb84-decoy,BB84DecoyProtocol,239,0,0.0,7499.578149,0.0,0.0,0.01531614,0,115,124,3.80046e-05,5.5024e-06,0.0,0.0,0.0,0.0,0,24,30.0,0.001,ZERO_KEY,9.0565,0,0,0,0,0,0,0,0,0,0,0,0,0,0,0,0,0,0,0,0,0,0,0,0,0,0,454,0,False,False,0,"{""afterpulse_total_count"": 0, ""ap_depth_d0"": 0, ""a",PoissonSource,False,1.0,poisson,random_gaussian,0.0,0.0,1,0,True,False,False,er_80.0db,2.8706829971541617e-05,0.5,0.6,0.1,0.2,0.0,0.2,False,0,0.15,0.15,6e-07,2e-06,50.0,45.0,293.0,293.0,50.0,1,-20.0,0.0,ideal,3.0,25.0,30.0,0.0,0.005,0.005
90.0,True,10000000,bb84-decoy,BB84DecoyProtocol,3773,0,0.0,118761.113627,0.01007156,0.00634508,0.01379804,38,1890,1883,0.0005906681,0.000114553,0.0,0.00987585,0.01310044,0.0,1,377,18.0,0.015848931925,ZERO_KEY,6.6479,0,0,0,0,0,0,1,0,0,0,0,0,532,257,257,6,3756,8,0,0,0,0,0,2,0,1,7588,0,False,False,0,"{""afterpulse_total_count"": 8, ""ap_depth_d0"": 0, ""a",PoissonSource,False,1.0,poisson,random_gaussian,0.0,0.0,1,0,True,False,False,er_80.0db,2.8706829971541617e-05,0.5,0.6,0.1,0.2,0.0,0.2,False,0,0.15,0.15,6e-07,2e-06,50.0,45.0,293.0,293.0,50.0,1,-20.0,0.0,ideal,3.0,25.0,18.0,0.0,0.005,0.005
105.0,True,10000000,bb84-decoy,BB84DecoyProtocol,1811,0,0.0,59548.01098,0.01049144,0.00464749,0.01633539,19,885,926,0.0002803244,6.44842e-05,0.0,0.01070155,0.00775194,0.0,1,181,21.0,0.007943282347,ZERO_KEY,5.4258,0,0,0,0,0,0,1,0,0,0,0,0,264,120,120,2,1841,3,0,0,0,0,0,1,0,1,3750,0,False,False,0,"{""afterpulse_total_count"": 3, ""ap_depth_d0"": 0, ""a",PoissonSource,False,1.0,poisson,random_gaussian,0.0,0.0,1,0,True,False,False,er_80.0db,2.8706829971541617e-05,0.5,0.6,0.1,0.2,0.0,0.2,False,0,0.15,0.15,6e-07,2e-06,50.0,45.0,293.0,293.0,50.0,1,-20.0,0.0,ideal,3.0,25.0,21.0,0.0,0.005,0.005
120.0,True,10000000,bb84-decoy,BB84DecoyProtocol,949,0,0.0,29851.35302,0.01369863,0.0040861,0.02331116,13,481,468,0.0001480315,3.0474e-05,0.0,0.01463964,0.0,0.0,1,95,24.0,0.003981071706,ZERO_KEY,6.146,0,0,0,0,0,0,1,0,0,0,0,0,133,64,64,1,936,3,0,0,0,0,0,0,0,1,1888,0,False,False,0,"{""afterpulse_total_count"": 3, ""ap_depth_d0"": 0, ""a",PoissonSource,False,1.0,poisson,random_gaussian,0.0,0.0,1,0,True,False,False,er_80.0db,2.8706829971541617e-05,0.5,0.6,0.1,0.2,0.0,0.2,False,0,0.15,0.15,6e-07,2e-06,50.0,45.0,293.0,293.0,50.0,1,-20.0,0.0,ideal,3.0,25.0,24.0,0.0,0.005,0.005
15.0,True,10000000,bb84-decoy,BB84DecoyProtocol,118089,19826,0.0019826,3655851.421332,0.00755362,0.00704328,0.00806397,892,59053,59036,0.0184180622,0.003770206,8.0024e-06,0.00743649,0.00835876,0.4375,2,11809,3.0,0.501187233627,OK,14.9794,54,30,24,0,0,0,2,1,0,0,0,0,11333,5564,5564,159,118273,233,0,0,0,0,0,736,0,1,236559,0,False,False,0,"{""afterpulse_total_count"": 233, ""ap_depth_d0"": 0, ",PoissonSource,False,1.0,poisson,random_gaussian,0.0,0.0,1,0,True,False,False,er_80.0db,2.8706829971541617e-05,0.5,0.6,0.1,0.2,0.0,0.2,False,0,0.15,0.15,6e-07,2e-06,50.0,45.0,293.0,293.0,50.0,1,-20.0,0.0,ideal,3.0,25.0,3.0,0.0,0.005,0.002
30.0,True,10000000,bb84-decoy,BB84DecoyProtocol,60065,7141,0.0007141,1857667.938681,0.0072921,0.006579,0.0080052,438,30042,30023,0.0093955828,0.0018378997,7.499e-06,0.00720177,0.00789116,0.2,1,6006,6.0,0.251188643151,OK,15.2268,13,8,5,0,0,0,1,0,0,0,0,0,5713,2908,2908,76,59850,116,0,0,0,0,0,195,0,1,119798,0,False,False,0,"{""afterpulse_total_count"": 116, ""ap_depth_d0"": 0, ",PoissonSource,False,1.0,poisson,random_gaussian,0.0,0.0,1,0,True,False,False,er_80.0db,2.8706829971541617e-05,0.5,0.6,0.1,0.2,0.0,0.2,False,0,0.15,0.15,6e-07,2e-06,50.0,45.0,293.0,293.0,50.0,1,-20.0,0.0,ideal,3.0,25.0,6.0,0.0,0.005,0.002
45.0,True,10000000,bb84-decoy,BB84DecoyProtocol,29970,2621,0.0002621,937554.855239,0.00710711,0.00609001,0.0081242,213,14939,15031,0.0046803908,0.0009421881,2.5002e-06,0.00690883,0.00795756,0.8,1,2997,9.0,0.125892541179,OK,14.6435,2,1,1,0,0,0,1,0,0,0,0,0,2766,1365,1365,33,30181,55,0,0,0,0,0,42,0,1,60029,0,False,False,0,"{""afterpulse_total_count"": 55, ""ap_depth_d0"": 0, """,PoissonSource,False,1.0,poisson,random_gaussian,0.0,0.0,1,0,True,False,False,er_80.0db,2.8706829971541617e-05,0.5,0.6,0.1,0.2,0.0,0.2,False,0,0.15,0.15,6e-07,2e-06,50.0,45.0,293.0,293.0,50.0,1,-20.0,0.0,ideal,3.0,25.0,9.0,0.0,0.005,0.002
135.0,True,10000000,bb84-decoy,BB84DecoyProtocol,489,0,0.0,14962.788036,0.01022495,0.0,0.02369929,5,263,226,7.71559e-05,1.251e-05,4.998e-07,0.01079914,0.0,0.0,1,49,27.0,0.001995262315,ZERO_KEY,5.8197,0,0,0,0,0,0,1,0,0,0,0,0,50,25,25,0,482,1,0,0,0,0,0,0,0,1,957,0,False,False,0,"{""afterpulse_total_count"": 1, ""ap_depth_d0"": 0, ""a",PoissonSource,False,1.0,poisson,random_gaussian,0.0,0.0,1,0,True,False,False,er_80.0db,2.8706829971541617e-05,0.5,0.6,0.1,0.2,0.0,0.2,False,0,0.15,0.15,6e-07,2e-06,50.0,45.0,293.0,293.0,50.0,1,-20.0,0.0,ideal,3.0,25.0,27.0,0.0,0.005,0.005
150.0,True,10000000,bb84-decoy,BB84DecoyProtocol,200,0,0.0,7499.578149,0.025,0.0,0.05737435,5,102,98,3.15039e-05,5.4957e-06,0.0,0.02645503,0.0,0.0,1,20,30.0,0.001,ZERO_KEY,7.4714,0,0,0,0,0,0,1,0,0,0,0,0,49,20,20,0,224,0,0,0,0,0,0,0,0,1,430,0,False,False,0,"{""afterpulse_total_count"": 0, ""ap_depth_d0"": 0, ""a",PoissonSource,False,1.0,poisson,random_gaussian,0.0,0.0,1,0,True,False,False,er_80.0db,2.8706829971541617e-05,0.5,0.6,0.1,0.2,0.0,0.2,False,0,0.15,0.15,6e-07,2e-06,50.0,45.0,293.0,293.0,50.0,1,-20.0,0.0,ideal,3.0,25.0,30.0,0.0,0.005,0.005
0.0,False,10000000,bb84-decoy,BB84DecoyProtocol,232008,65404,0.0065404,7100768.934142,0.0,0.0,1.59e-05,0,115426,116582,0.0361741713,0.0074633099,0.0,0.0,0.0,0.0,0,23201,0.0,1.0,OK,7.2738,0,0,0,0,0,0,0,0,0,0,0,0,0,0,0,0,0,0,0,0,0,0,0,0,0,0,464169,0,False,False,0,"{""afterpulse_total_count"": 0, ""ap_depth_d0"": 0, ""a",PoissonSource,False,1.0,poisson,random_gaussian,0.0,0.0,1,0,True,False,False,er_80.0db,2.8706829971541617e-05,0.5,0.6,0.1,0.2,0.0,0.2,False,0,0.15,0.15,6e-07,2e-06,50.0,45.0,293.0,293.0,50.0,1,-20.0,0.0,ideal,3.0,25.0,0.0,0.0,0.005,0.01
0.0,True,10000000,bb84-decoy,BB84DecoyProtocol,232065,39099,0.0039099,7100768.934142,0.01026437,0.00984596,0.01068278,2382,116288,115777,0.0361882119,0.0073959411,2.65135e-05,0.01003526,0.01218027,0.41509434,1,23206,0.0,1.0,OK,12.1733,373,182,191,0,0,0,1,0,0,0,0,0,31711,15854,15854,312,232057,459,0,0,0,0,0,2778,0,1,464012,0,False,False,0,"{""afterpulse_total_count"": 459, ""ap_depth_d0"": 0, ",PoissonSource,False,1.0,poisson,random_gaussian,0.0,0.0,1,0,True,False,False,er_80.0db,2.8706829971541617e-05,0.5,0.6,0.1,0.2,0.0,0.2,False,0,0.15,0.15,6e-07,2e-06,50.0,45.0,293.0,293.0,50.0,1,-20.0,0.0,ideal,3.0,25.0,0.0,0.0,0.005,0.005
15.0,True,10000000,bb84-decoy,BB84DecoyProtocol,118868,17302,0.0017302,3655851.421332,0.0098765,0.00929801,0.01045499,1174,59440,59428,0.0185512097,0.0037503393,1.44941e-05,0.00972609,0.0105488,0.4137931,1,11887,3.0,0.501187233627,OK,7.9913,98,58,40,0,0,0,1,0,0,0,0,0,15901,8041,8041,147,118696,237,0,0,0,0,0,709,0,1,237244,0,False,False,0,"{""afterpulse_total_count"": 237, ""ap_depth_d0"": 0, ",PoissonSource,False,1.0,poisson,random_gaussian,0.0,0.0,1,0,True,False,False,er_80.0db,2.8706829971541617e-05,0.5,0.6,0.1,0.2,0.0,0.2,False,0,0.15,0.15,6e-07,2e-06,50.0,45.0,293.0,293.0,50.0,1,-20.0,0.0,ideal,3.0,25.0,3.0,0.0,0.005,0.005
30.0,True,10000000,bb84-decoy,BB84DecoyProtocol,59858,6674,0.0006674,1857667.938681,0.00962277,0.00880812,0.01043742,576,29967,29891,0.0093349142,0.0019194904,4.9999e-06,0.00931993,0.01276374,0.5,1,5986,6.0,0.251188643151,OK,7.9633,24,15,9,0,0,0,1,0,0,0,0,0,7985,4048,4048,83,59811,134,0,0,0,0,0,213,0,1,119671,0,False,False,0,"{""afterpulse_total_count"": 134, ""ap_depth_d0"": 0, ",PoissonSource,False,1.0,poisson,random_gaussian,0.0,0.0,1,0,True,False,False,er_80.0db,2.8706829971541617e-05,0.5,0.6,0.1,0.2,0.0,0.2,False,0,0.15,0.15,6e-07,2e-06,50.0,45.0,293.0,293.0,50.0,1,-20.0,0.0,ideal,3.0,25.0,6.0,0.0,0.005,0.005
15.0,False,10000000,bb84-decoy,BB84DecoyProtocol,117768,31862,0.0031862,3655851.421332,0.0,0.0,3.132e-05,0,58304,59464,0.0183734368,0.0037469242,0.0,0.0,0.0,0.0,0,11777,3.0,0.501187233627,OK,7.4644,0,0,0,0,0,0,0,0,0,0,0,0,0,0,0,0,0,0,0,0,0,0,0,0,0,0,235443,0,False,False,0,"{""afterpulse_total_count"": 0, ""ap_depth_d0"": 0, ""a",PoissonSource,False,1.0,poisson,random_gaussian,0.0,0.0,1,0,True,False,False,er_80.0db,2.8706829971541617e-05,0.5,0.6,0.1,0.2,0.0,0.2,False,0,0.15,0.15,6e-07,2e-06,50.0,45.0,293.0,293.0,50.0,1,-20.0,0.0,ideal,3.0,25.0,3.0,0.0,0.005,0.01
30.0,False,10000000,bb84-decoy,BB84DecoyProtocol,60034,15057,0.0015057,1857667.938681,0.0,0.0,6.144e-05,0,29864,30170,0.0093524844,0.0019486123,0.0,0.0,0.0,0.0,0,6003,6.0,0.251188643151,OK,7.0119,0,0,0,0,0,0,0,0,0,0,0,0,0,0,0,0,0,0,0,0,0,0,0,0,0,0,119737,0,False,False,0,"{""afterpulse_total_count"": 0, ""ap_depth_d0"": 0, ""a",PoissonSource,False,1.0,poisson,random_gaussian,0.0,0.0,1,0,True,False,False,er_80.0db,2.8706829971541617e-05,0.5,0.6,0.1,0.2,0.0,0.2,False,0,0.15,0.15,6e-07,2e-06,50.0,45.0,293.0,293.0,50.0,1,-20.0,0.0,ideal,3.0,25.0,6.0,0.0,0.005,0.01
45.0,False,10000000,bb84-decoy,BB84DecoyProtocol,29896,5873,0.0005873,937554.855239,0.0,0.0,0.00012338,0,14922,14974,0.0046641931,0.0009576026,0.0,0.0,0.0,0.0,0,2990,9.0,0.125892541179,OK,5.9747,0,0,0,0,0,0,0,0,0,0,0,0,0,0,0,0,0,0,0,0,0,0,0,0,0,0,59757,0,False,False,0,"{""afterpulse_total_count"": 0, ""ap_depth_d0"": 0, ""a",PoissonSource,False,1.0,poisson,random_gaussian,0.0,0.0,1,0,True,False,False,er_80.0db,2.8706829971541617e-05,0.5,0.6,0.1,0.2,0.0,0.2,False,0,0.15,0.15,6e-07,2e-06,50.0,45.0,293.0,293.0,50.0,1,-20.0,0.0,ideal,3.0,25.0,9.0,0.0,0.005,0.01
60.0,False,10000000,bb84-decoy,BB84DecoyProtocol,15123,2440,0.000244,471544.43659,0.0,0.0,0.0002439,0,7555,7568,0.0023556164,0.0004946397,0.0,0.0,0.0,0.0,0,1512,12.0,0.063095734448,OK,7.6397,0,0,0,0,0,0,0,0,0,0,0,0,0,0,0,0,0,0,0,0,0,0,0,0,0,0,30241,0,False,False,0,"{""afterpulse_total_count"": 0, ""ap_depth_d0"": 0, ""a",PoissonSource,False,1.0,poisson,random_gaussian,0.0,0.0,1,0,True,False,False,er_80.0db,2.8706829971541617e-05,0.5,0.6,0.1,0.2,0.0,0.2,False,0,0.15,0.15,6e-07,2e-06,50.0,45.0,293.0,293.0,50.0,1,-20.0,0.0,ideal,3.0,25.0,12.0,0.0,0.005,0.01
75.0,False,10000000,bb84-decoy,BB84DecoyProtocol,7594,329,3.29e-05,236749.698801,0.0,0.0,0.00048564,0,3800,3794,0.001191553,0.0002223911,0.0,0.0,0.0,0.0,0,759,15.0,0.031622776602,OK,6.9482,0,0,0,0,0,0,0,0,0,0,0,0,0,0,0,0,0,0,0,0,0,0,0,0,0,0,15084,0,False,False,0,"{""afterpulse_total_count"": 0, ""ap_depth_d0"": 0, ""a",PoissonSource,False,1.0,poisson,random_gaussian,0.0,0.0,1,0,True,False,False,er_80.0db,2.8706829971541617e-05,0.5,0.6,0.1,0.2,0.0,0.2,False,0,0.15,0.15,6e-07,2e-06,50.0,45.0,293.0,293.0,50.0,1,-20.0,0.0,ideal,3.0,25.0,15.0,0.0,0.005,0.01
90.0,False,10000000,bb84-decoy,BB84DecoyProtocol,3634,0,0.0,118761.113627,0.0,0.0,0.00101459,0,1828,1806,0.0005609934,0.0001340682,0.0,0.0,0.0,0.0,0,363,18.0,0.015848931925,ZERO_KEY,6.3756,0,0,0,0,0,0,0,0,0,0,0,0,0,0,0,0,0,0,0,0,0,0,0,0,0,0,7410,0,False,False,0,"{""afterpulse_total_count"": 0, ""ap_depth_d0"": 0, ""a",PoissonSource,False,1.0,poisson,random_gaussian,0.0,0.0,1,0,True,False,False,er_80.0db,2.8706829971541617e-05,0.5,0.6,0.1,0.2,0.0,0.2,False,0,0.15,0.15,6e-07,2e-06,50.0,45.0,293.0,293.0,50.0,1,-20.0,0.0,ideal,3.0,25.0,18.0,0.0,0.005,0.01
105.0,False,10000000,bb84-decoy,BB84DecoyProtocol,1882,0,0.0,59548.01098,0.0,0.0,0.00195817,0,979,903,0.0002937367,5.94772e-05,0.0,0.0,0.0,0.0,0,188,21.0,0.007943282347,ZERO_KEY,8.9027,0,0,0,0,0,0,0,0,0,0,0,0,0,0,0,0,0,0,0,0,0,0,0,0,0,0,3845,0,False,False,0,"{""afterpulse_total_count"": 0, ""ap_depth_d0"": 0, ""a",PoissonSource,False,1.0,poisson,random_gaussian,0.0,0.0,1,0,True,False,False,er_80.0db,2.8706829971541617e-05,0.5,0.6,0.1,0.2,0.0,0.2,False,0,0.15,0.15,6e-07,2e-06,50.0,45.0,293.0,293.0,50.0,1,-20.0,0.0,ideal,3.0,25.0,21.0,0.0,0.005,0.01
120.0,False,10000000,bb84-decoy,BB84DecoyProtocol,965,0,0.0,29851.35302,0.0,0.0,0.00381538,0,496,469,0.0001526249,2.45145e-05,0.0,0.0,0.0,0.0,0,96,24.0,0.003981071706,ZERO_KEY,5.7243,0,0,0,0,0,0,0,0,0,0,0,0,0,0,0,0,0,0,0,0,0,0,0,0,0,0,1949,0,False,False,0,"{""afterpulse_total_count"": 0, ""ap_depth_d0"": 0, ""a",PoissonSource,False,1.0,poisson,random_gaussian,0.0,0.0,1,0,True,False,False,er_80.0db,2.8706829971541617e-05,0.5,0.6,0.1,0.2,0.0,0.2,False,0,0.15,0.15,6e-07,2e-06,50.0,45.0,293.0,293.0,50.0,1,-20.0,0.0,ideal,3.0,25.0,24.0,0.0,0.005,0.01
135.0,False,10000000,bb84-decoy,BB84DecoyProtocol,445,0,0.0,14962.788036,0.0,0.0,0.00825535,0,224,221,7.0337e-05,1.15007e-05,0.0,0.0,0.0,0.0,0,44,27.0,0.001995262315,ZERO_KEY,6.3472,0,0,0,0,0,0,0,0,0,0,0,0,0,0,0,0,0,0,0,0,0,0,0,0,0,0,957,0,False,False,0,"{""afterpulse_total_count"": 0, ""ap_depth_d0"": 0, ""a",PoissonSource,False,1.0,poisson,random_gaussian,0.0,0.0,1,0,True,False,False,er_80.0db,2.8706829971541617e-05,0.5,0.6,0.1,0.2,0.0,0.2,False,0,0.15,0.15,6e-07,2e-06,50.0,45.0,293.0,293.0,50.0,1,-20.0,0.0,ideal,3.0,25.0,27.0,0.0,0.005,0.01
150.0,False,10000000,bb84-decoy,BB84DecoyProtocol,238,0,0.0,7499.578149,0.0,0.0,0.01537999,0,125,113,3.7322e-05,7.0037e-06,0.0,0.0,0.0,0.0,0,24,30.0,0.001,ZERO_KEY,9.2933,0,0,0,0,0,0,0,0,0,0,0,0,0,0,0,0,0,0,0,0,0,0,0,0,0,0,480,0,False,False,0,"{""afterpulse_total_count"": 0, ""ap_depth_d0"": 0, ""a",PoissonSource,False,1.0,poisson,random_gaussian,0.0,0.0,1,0,True,False,False,er_80.0db,2.8706829971541617e-05,0.5,0.6,0.1,0.2,0.0,0.2,False,0,0.15,0.15,6e-07,2e-06,50.0,45.0,293.0,293.0,50.0,1,-20.0,0.0,ideal,3.0,25.0,30.0,0.0,0.005,0.01
0.0,True,10000000,bb84-decoy,BB84DecoyProtocol,231795,33312,0.0033312,7100768.934142,0.01516426,0.0146585,0.01567002,3515,116075,115720,0.0361489011,0.0074089189,3.10029e-05,0.01499177,0.01579587,0.46774194,1,23180,0.0,1.0,OK,6.6262,510,256,254,0,0,0,1,0,0,0,0,0,47775,23875,23875,340,231743,473,0,0,0,0,0,2683,0,1,464019,0,False,False,0,"{""afterpulse_total_count"": 473, ""ap_depth_d0"": 0, ",PoissonSource,False,1.0,poisson,random_gaussian,0.0,0.0,1,0,True,False,False,er_80.0db,2.8706829971541617e-05,0.5,0.6,0.1,0.2,0.0,0.2,False,0,0.15,0.15,6e-07,2e-06,50.0,45.0,293.0,293.0,50.0,1,-20.0,0.0,ideal,3.0,25.0,0.0,0.0,0.005,0.01
15.0,True,10000000,bb84-decoy,BB84DecoyProtocol,117790,14170,0.001417,3655851.421332,0.01565498,0.01492977,0.01638019,1844,58838,58952,0.0183566448,0.0038044398,1.14951e-05,0.01554004,0.01605263,0.43478261,1,11779,3.0,0.501187233627,OK,6.9074,133,65,68,0,0,0,1,0,0,0,0,0,23955,12029,12029,155,118361,240,0,0,0,0,0,726,0,1,236171,0,False,False,0,"{""afterpulse_total_count"": 240, ""ap_depth_d0"": 0, ",PoissonSource,False,1.0,poisson,random_gaussian,0.0,0.0,1,0,True,False,False,er_80.0db,2.8706829971541617e-05,0.5,0.6,0.1,0.2,0.0,0.2,False,0,0.15,0.15,6e-07,2e-06,50.0,45.0,293.0,293.0,50.0,1,-20.0,0.0,ideal,3.0,25.0,3.0,0.0,0.005,0.01
30.0,True,10000000,bb84-decoy,BB84DecoyProtocol,59862,4532,0.0004532,1857667.938681,0.01550232,0.0144805,0.01652415,928,29846,30016,0.0093342692,0.0019297902,7.4903e-06,0.01507439,0.01918092,0.66666667,1,5986,6.0,0.251188643151,OK,7.6257,30,17,13,0,0,0,1,0,0,0,0,0,12113,6079,6079,77,59698,118,0,0,0,0,0,168,0,1,119469,0,False,False,0,"{""afterpulse_total_count"": 118, ""ap_depth_d0"": 0, ",PoissonSource,False,1.0,poisson,random_gaussian,0.0,0.0,1,0,True,False,False,er_80.0db,2.8706829971541617e-05,0.5,0.6,0.1,0.2,0.0,0.2,False,0,0.15,0.15,6e-07,2e-06,50.0,45.0,293.0,293.0,50.0,1,-20.0,0.0,ideal,3.0,25.0,6.0,0.0,0.005,0.01
45.0,True,10000000,bb84-decoy,BB84DecoyProtocol,30799,748,7.48e-05,937554.855239,0.01548752,0.0140456,0.01692943,477,15463,15336,0.0048083433,0.0009635093,3.0025e-06,0.01524179,0.01766234,0.5,1,3080,9.0,0.125892541179,OK,8.752,11,7,4,0,0,0,1,0,0,0,0,0,6036,2968,2968,43,30299,67,0,0,0,0,0,42,0,1,60680,0,False,False,0,"{""afterpulse_total_count"": 67, ""ap_depth_d0"": 0, """,PoissonSource,False,1.0,poisson,random_gaussian,0.0,0.0,1,0,True,False,False,er_80.0db,2.8706829971541617e-05,0.5,0.6,0.1,0.2,0.0,0.2,False,0,0.15,0.15,6e-07,2e-06,50.0,45.0,293.0,293.0,50.0,1,-20.0,0.0,ideal,3.0,25.0,9.0,0.0,0.005,0.01
60.0,True,10000000,bb84-decoy,BB84DecoyProtocol,14935,0,0.0,471544.43659,0.0151992,0.01310636,0.01729204,227,7555,7380,0.0023329092,0.0004641005,1.5005e-06,0.01478044,0.02049622,0.33333333,1,1494,12.0,0.063095734448,ZERO_KEY,6.5378,3,2,1,0,0,0,1,0,0,0,0,0,2988,1504,1504,21,15001,25,0,0,0,0,0,23,0,1,30127,0,False,False,0,"{""afterpulse_total_count"": 25, ""ap_depth_d0"": 0, """,PoissonSource,False,1.0,poisson,random_gaussian,0.0,0.0,1,0,True,False,False,er_80.0db,2.8706829971541617e-05,0.5,0.6,0.1,0.2,0.0,0.2,False,0,0.15,0.15,6e-07,2e-06,50.0,45.0,293.0,293.0,50.0,1,-20.0,0.0,ideal,3.0,25.0,12.0,0.0,0.005,0.01
120.0,True,10000000,bb84-decoy,BB84DecoyProtocol,951,0,0.0,29851.35302,0.0126183,0.0032988,0.02193779,12,464,487,0.0001513255,2.15045e-05,0.0,0.01321586,0.0,0.0,1,95,24.0,0.003981071706,ZERO_KEY,6.4413,0,0,0,0,0,0,1,0,0,0,0,0,182,80,80,0,958,0,0,0,0,0,0,0,0,1,1882,0,False,False,0,"{""afterpulse_total_count"": 0, ""ap_depth_d0"": 0, ""a",PoissonSource,False,1.0,poisson,random_gaussian,0.0,0.0,1,0,True,False,False,er_80.0db,2.8706829971541617e-05,0.5,0.6,0.1,0.2,0.0,0.2,False,0,0.15,0.15,6e-07,2e-06,50.0,45.0,293.0,293.0,50.0,1,-20.0,0.0,ideal,3.0,25.0,24.0,0.0,0.005,0.01
135.0,True,10000000,bb84-decoy,BB84DecoyProtocol,529,0,0.0,14962.788036,0.02079395,0.0046869,0.036901,11,277,252,8.2842e-05,1.59899e-05,0.0,0.01810865,0.0625,0.0,1,53,27.0,0.001995262315,ZERO_KEY,6.2093,0,0,0,0,0,0,1,0,0,0,0,0,101,48,48,1,549,1,0,0,0,0,0,0,0,1,1069,0,False,False,0,"{""afterpulse_total_count"": 1, ""ap_depth_d0"": 0, ""a",PoissonSource,False,1.0,poisson,random_gaussian,0.0,0.0,1,0,True,False,False,er_80.0db,2.8706829971541617e-05,0.5,0.6,0.1,0.2,0.0,0.2,False,0,0.15,0.15,6e-07,2e-06,50.0,45.0,293.0,293.0,50.0,1,-20.0,0.0,ideal,3.0,25.0,27.0,0.0,0.005,0.01
150.0,True,10000000,bb84-decoy,BB84DecoyProtocol,259,0,0.0,7499.578149,0.01544402,0.0,0.03906852,4,120,139,4.03452e-05,8.5009e-06,0.0,0.01652893,0.0,0.0,1,26,30.0,0.001,ZERO_KEY,6.0554,0,0,0,0,0,0,1,0,0,0,0,0,53,25,25,0,250,0,0,0,0,0,0,0,0,1,489,0,False,False,0,"{""afterpulse_total_count"": 0, ""ap_depth_d0"": 0, ""a",PoissonSource,False,1.0,poisson,random_gaussian,0.0,0.0,1,0,True,False,False,er_80.0db,2.8706829971541617e-05,0.5,0.6,0.1,0.2,0.0,0.2,False,0,0.15,0.15,6e-07,2e-06,50.0,45.0,293.0,293.0,50.0,1,-20.0,0.0,ideal,3.0,25.0,30.0,0.0,0.005,0.01
45.0,False,10000000,bb84-decoy,BB84DecoyProtocol,30063,5704,0.0005704,937554.855239,0.0,0.0,0.0001227,0,15028,15035,0.0047063145,0.0009133566,0.0,0.0,0.0,0.0,0,3006,9.0,0.125892541179,OK,6.5749,0,0,0,0,0,0,0,0,0,0,0,0,0,0,0,0,0,0,0,0,0,0,0,0,0,0,60005,0,False,False,0,"{""afterpulse_total_count"": 0, ""ap_depth_d0"": 0, ""a",PoissonSource,False,1.0,poisson,random_gaussian,0.0,0.0,1,0,True,False,False,er_80.0db,2.8706829971541617e-05,0.5,0.6,0.1,0.2,0.0,0.2,False,0,0.15,0.15,6e-07,2e-06,50.0,45.0,293.0,293.0,50.0,1,-20.0,0.0,ideal,3.0,25.0,9.0,0.0,0.01,0.002
60.0,False,10000000,bb84-decoy,BB84DecoyProtocol,14992,1998,0.0001998,471544.43659,0.0,0.0,0.00024603,0,7492,7500,0.0023436718,0.0004629551,0.0,0.0,0.0,0.0,0,1499,12.0,0.063095734448,OK,6.5153,0,0,0,0,0,0,0,0,0,0,0,0,0,0,0,0,0,0,0,0,0,0,0,0,0,0,29852,0,False,False,0,"{""afterpulse_total_count"": 0, ""ap_depth_d0"": 0, ""a",PoissonSource,False,1.0,poisson,random_gaussian,0.0,0.0,1,0,True,False,False,er_80.0db,2.8706829971541617e-05,0.5,0.6,0.1,0.2,0.0,0.2,False,0,0.15,0.15,6e-07,2e-06,50.0,45.0,293.0,293.0,50.0,1,-20.0,0.0,ideal,3.0,25.0,12.0,0.0,0.01,0.002
75.0,False,10000000,bb84-decoy,BB84DecoyProtocol,7511,648,6.48e-05,236749.698801,0.0,0.0,0.00049101,0,3808,3703,0.0011697694,0.0002458816,0.0,0.0,0.0,0.0,0,751,15.0,0.031622776602,OK,6.1366,0,0,0,0,0,0,0,0,0,0,0,0,0,0,0,0,0,0,0,0,0,0,0,0,0,0,15118,0,False,False,0,"{""afterpulse_total_count"": 0, ""ap_depth_d0"": 0, ""a",PoissonSource,False,1.0,poisson,random_gaussian,0.0,0.0,1,0,True,False,False,er_80.0db,2.8706829971541617e-05,0.5,0.6,0.1,0.2,0.0,0.2,False,0,0.15,0.15,6e-07,2e-06,50.0,45.0,293.0,293.0,50.0,1,-20.0,0.0,ideal,3.0,25.0,15.0,0.0,0.01,0.002
90.0,False,10000000,bb84-decoy,BB84DecoyProtocol,3740,0,0.0,118761.113627,0.0,0.0,0.00098585,0,1844,1896,0.0005885285,0.0001048816,0.0,0.0,0.0,0.0,0,374,18.0,0.015848931925,ZERO_KEY,6.2729,0,0,0,0,0,0,0,0,0,0,0,0,0,0,0,0,0,0,0,0,0,0,0,0,0,0,7471,0,False,False,0,"{""afterpulse_total_count"": 0, ""ap_depth_d0"": 0, ""a",PoissonSource,False,1.0,poisson,random_gaussian,0.0,0.0,1,0,True,False,False,er_80.0db,2.8706829971541617e-05,0.5,0.6,0.1,0.2,0.0,0.2,False,0,0.15,0.15,6e-07,2e-06,50.0,45.0,293.0,293.0,50.0,1,-20.0,0.0,ideal,3.0,25.0,18.0,0.0,0.01,0.002
105.0,False,10000000,bb84-decoy,BB84DecoyProtocol,1921,0,0.0,59548.01098,0.0,0.0,0.00191845,0,933,988,0.0003015937,5.59877e-05,0.0,0.0,0.0,0.0,0,192,21.0,0.007943282347,ZERO_KEY,6.4449,0,0,0,0,0,0,0,0,0,0,0,0,0,0,0,0,0,0,0,0,0,0,0,0,0,0,3845,0,False,False,0,"{""afterpulse_total_count"": 0, ""ap_depth_d0"": 0, ""a",PoissonSource,False,1.0,poisson,random_gaussian,0.0,0.0,1,0,True,False,False,er_80.0db,2.8706829971541617e-05,0.5,0.6,0.1,0.2,0.0,0.2,False,0,0.15,0.15,6e-07,2e-06,50.0,45.0,293.0,293.0,50.0,1,-20.0,0.0,ideal,3.0,25.0,21.0,0.0,0.01,0.002
120.0,False,10000000,bb84-decoy,BB84DecoyProtocol,993,0,0.0,29851.35302,0.0,0.0,0.00370799,0,511,482,0.0001525482,3.89716e-05,0.0,0.0,0.0,0.0,0,99,24.0,0.003981071706,ZERO_KEY,6.5795,0,0,0,0,0,0,0,0,0,0,0,0,0,0,0,0,0,0,0,0,0,0,0,0,0,0,1981,0,False,False,0,"{""afterpulse_total_count"": 0, ""ap_depth_d0"": 0, ""a",PoissonSource,False,1.0,poisson,random_gaussian,0.0,0.0,1,0,True,False,False,er_80.0db,2.8706829971541617e-05,0.5,0.6,0.1,0.2,0.0,0.2,False,0,0.15,0.15,6e-07,2e-06,50.0,45.0,293.0,293.0,50.0,1,-20.0,0.0,ideal,3.0,25.0,24.0,0.0,0.01,0.002
75.0,True,10000000,bb84-decoy,BB84DecoyProtocol,7641,0,0.0,236749.698801,0.01413428,0.01122874,0.01703981,108,3828,3813,0.0011924046,0.0002435272,4.996e-07,0.01384035,0.01848049,0.0,1,764,15.0,0.031622776602,ZERO_KEY,14.6415,0,0,0,0,0,0,1,0,0,0,0,0,1582,772,772,10,7587,11,0,0,0,0,0,3,0,1,15137,0,False,False,0,"{""afterpulse_total_count"": 11, ""ap_depth_d0"": 0, """,PoissonSource,False,1.0,poisson,random_gaussian,0.0,0.0,1,0,True,False,False,er_80.0db,2.8706829971541617e-05,0.5,0.6,0.1,0.2,0.0,0.2,False,0,0.15,0.15,6e-07,2e-06,50.0,45.0,293.0,293.0,50.0,1,-20.0,0.0,ideal,3.0,25.0,15.0,0.0,0.005,0.01
90.0,True,10000000,bb84-decoy,BB84DecoyProtocol,3800,0,0.0,118761.113627,0.01342105,0.00923325,0.01760886,51,1930,1870,0.0005930747,0.0001195357,1.0002e-06,0.01320596,0.0125523,0.5,1,380,18.0,0.015848931925,ZERO_KEY,13.1644,0,0,0,0,0,0,1,0,0,0,0,0,782,400,400,6,3849,12,0,0,0,0,0,0,0,1,7623,0,False,False,0,"{""afterpulse_total_count"": 12, ""ap_depth_d0"": 0, """,PoissonSource,False,1.0,poisson,random_gaussian,0.0,0.0,1,0,True,False,False,er_80.0db,2.8706829971541617e-05,0.5,0.6,0.1,0.2,0.0,0.2,False,0,0.15,0.15,6e-07,2e-06,50.0,45.0,293.0,293.0,50.0,1,-20.0,0.0,ideal,3.0,25.0,18.0,0.0,0.005,0.01
105.0,True,10000000,bb84-decoy,BB84DecoyProtocol,1920,0,0.0,59548.01098,0.0140625,0.00773033,0.02039467,27,925,995,0.0002991513,6.24689e-05,0.0,0.01337047,0.024,0.0,1,192,21.0,0.007943282347,ZERO_KEY,6.2609,0,0,0,0,0,0,1,0,0,0,0,0,357,179,179,1,1896,4,0,0,0,0,0,2,0,1,3838,0,False,False,0,"{""afterpulse_total_count"": 4, ""ap_depth_d0"": 0, ""a",PoissonSource,False,1.0,poisson,random_gaussian,0.0,0.0,1,0,True,False,False,er_80.0db,2.8706829971541617e-05,0.5,0.6,0.1,0.2,0.0,0.2,False,0,0.15,0.15,6e-07,2e-06,50.0,45.0,293.0,293.0,50.0,1,-20.0,0.0,ideal,3.0,25.0,21.0,0.0,0.005,0.01
15.0,True,10000000,bb84-decoy,BB84DecoyProtocol,118327,16030,0.001603,3655851.421332,0.01251616,0.01186641,0.01316592,1481,59159,59168,0.0184683373,0.0037487258,9.9973e-06,0.01235426,0.01347565,0.55,1,11833,3.0,0.501187233627,OK,7.0376,105,52,53,0,0,0,1,0,0,0,0,0,19108,9581,9581,171,118583,257,0,0,0,0,0,759,0,1,237043,0,False,False,0,"{""afterpulse_total_count"": 257, ""ap_depth_d0"": 0, ",PoissonSource,False,1.0,poisson,random_gaussian,0.0,0.0,1,0,True,False,False,er_80.0db,2.8706829971541617e-05,0.5,0.6,0.1,0.2,0.0,0.2,False,0,0.15,0.15,6e-07,2e-06,50.0,45.0,293.0,293.0,50.0,1,-20.0,0.0,ideal,3.0,25.0,3.0,0.0,0.01,0.002
30.0,True,10000000,bb84-decoy,BB84DecoyProtocol,59946,5578,0.0005578,1857667.938681,0.01276149,0.01183064,0.01369233,765,30019,29927,0.0093456355,0.0019254888,7.0042e-06,0.01260699,0.01401869,0.28571429,1,5995,6.0,0.251188643151,OK,6.3233,20,7,13,0,0,0,1,0,0,0,0,0,9720,4982,4982,93,59694,140,0,0,0,0,0,187,0,1,119696,0,False,False,0,"{""afterpulse_total_count"": 140, ""ap_depth_d0"": 0, ",PoissonSource,False,1.0,poisson,random_gaussian,0.0,0.0,1,0,True,False,False,er_80.0db,2.8706829971541617e-05,0.5,0.6,0.1,0.2,0.0,0.2,False,0,0.15,0.15,6e-07,2e-06,50.0,45.0,293.0,293.0,50.0,1,-20.0,0.0,ideal,3.0,25.0,6.0,0.0,0.01,0.002
45.0,True,10000000,bb84-decoy,BB84DecoyProtocol,30161,1290,0.000129,937554.855239,0.01203541,0.01074007,0.01333075,363,15042,15119,0.0047217284,0.0009093563,1.4996e-06,0.0118552,0.01431718,0.33333333,1,3016,9.0,0.125892541179,OK,6.3357,7,5,2,0,0,0,1,0,0,0,0,0,4869,2397,2397,42,30140,59,0,0,0,0,0,43,0,1,60346,0,False,False,0,"{""afterpulse_total_count"": 59, ""ap_depth_d0"": 0, """,PoissonSource,False,1.0,poisson,random_gaussian,0.0,0.0,1,0,True,False,False,er_80.0db,2.8706829971541617e-05,0.5,0.6,0.1,0.2,0.0,0.2,False,0,0.15,0.15,6e-07,2e-06,50.0,45.0,293.0,293.0,50.0,1,-20.0,0.0,ideal,3.0,25.0,9.0,0.0,0.01,0.002
60.0,True,10000000,bb84-decoy,BB84DecoyProtocol,15336,181,1.81e-05,471544.43659,0.01128065,0.00948062,0.01308067,173,7637,7699,0.002391671,0.0004911915,2.5005e-06,0.0108029,0.01424212,0.8,1,1534,12.0,0.063095734448,OK,6.9641,1,0,1,0,0,0,1,0,0,0,0,0,2389,1216,1216,29,15242,40,0,0,0,0,0,21,0,1,30444,0,False,False,0,"{""afterpulse_total_count"": 40, ""ap_depth_d0"": 0, """,PoissonSource,False,1.0,poisson,random_gaussian,0.0,0.0,1,0,True,False,False,er_80.0db,2.8706829971541617e-05,0.5,0.6,0.1,0.2,0.0,0.2,False,0,0.15,0.15,6e-07,2e-06,50.0,45.0,293.0,293.0,50.0,1,-20.0,0.0,ideal,3.0,25.0,12.0,0.0,0.01,0.002
75.0,True,10000000,bb84-decoy,BB84DecoyProtocol,7597,0,0.0,236749.698801,0.01263657,0.00986333,0.0154098,96,3828,3769,0.0011865787,0.0002388117,0.0,0.01222082,0.01882845,0.0,1,760,15.0,0.031622776602,ZERO_KEY,6.781,0,0,0,0,0,0,1,0,0,0,0,0,1188,609,609,14,7641,20,0,0,0,0,0,6,0,1,15271,0,False,False,0,"{""afterpulse_total_count"": 20, ""ap_depth_d0"": 0, """,PoissonSource,False,1.0,poisson,random_gaussian,0.0,0.0,1,0,True,False,False,er_80.0db,2.8706829971541617e-05,0.5,0.6,0.1,0.2,0.0,0.2,False,0,0.15,0.15,6e-07,2e-06,50.0,45.0,293.0,293.0,50.0,1,-20.0,0.0,ideal,3.0,25.0,15.0,0.0,0.01,0.002
90.0,True,10000000,bb84-decoy,BB84DecoyProtocol,3872,0,0.0,118761.113627,0.01239669,0.00839042,0.01640297,48,1929,1943,0.0006016608,0.0001296797,9.995e-07,0.01273885,0.00772201,0.0,1,387,18.0,0.015848931925,ZERO_KEY,6.9053,0,0,0,0,0,0,1,0,0,0,0,0,581,283,283,6,3985,8,0,0,0,0,0,2,0,1,7822,0,False,False,0,"{""afterpulse_total_count"": 8, ""ap_depth_d0"": 0, ""a",PoissonSource,False,1.0,poisson,random_gaussian,0.0,0.0,1,0,True,False,False,er_80.0db,2.8706829971541617e-05,0.5,0.6,0.1,0.2,0.0,0.2,False,0,0.15,0.15,6e-07,2e-06,50.0,45.0,293.0,293.0,50.0,1,-20.0,0.0,ideal,3.0,25.0,18.0,0.0,0.01,0.002
105.0,True,10000000,bb84-decoy,BB84DecoyProtocol,1933,0,0.0,59548.01098,0.01034661,0.00475875,0.01593447,20,963,970,0.0003044202,5.3493e-05,0.0,0.01040526,0.00934579,0.0,1,193,21.0,0.007943282347,ZERO_KEY,7.095,0,0,0,0,0,0,1,0,0,0,0,0,312,163,163,0,2035,1,0,0,0,0,0,1,0,1,3897,0,False,False,0,"{""afterpulse_total_count"": 1, ""ap_depth_d0"": 0, ""a",PoissonSource,False,1.0,poisson,random_gaussian,0.0,0.0,1,0,True,False,False,er_80.0db,2.8706829971541617e-05,0.5,0.6,0.1,0.2,0.0,0.2,False,0,0.15,0.15,6e-07,2e-06,50.0,45.0,293.0,293.0,50.0,1,-20.0,0.0,ideal,3.0,25.0,21.0,0.0,0.01,0.002
120.0,True,10000000,bb84-decoy,BB84DecoyProtocol,983,0,0.0,29851.35302,0.01424212,0.00470374,0.0237805,14,504,479,0.0001542133,2.89734e-05,0.0,0.01405405,0.01724138,0.0,1,98,24.0,0.003981071706,ZERO_KEY,6.3345,0,0,0,0,0,0,1,0,0,0,0,0,143,66,66,0,989,0,0,0,0,0,0,0,0,1,1921,0,False,False,0,"{""afterpulse_total_count"": 0, ""ap_depth_d0"": 0, ""a",PoissonSource,False,1.0,poisson,random_gaussian,0.0,0.0,1,0,True,False,False,er_80.0db,2.8706829971541617e-05,0.5,0.6,0.1,0.2,0.0,0.2,False,0,0.15,0.15,6e-07,2e-06,50.0,45.0,293.0,293.0,50.0,1,-20.0,0.0,ideal,3.0,25.0,24.0,0.0,0.01,0.002
135.0,True,10000000,bb84-decoy,BB84DecoyProtocol,509,0,0.0,14962.788036,0.02750491,0.00929154,0.04571828,14,257,252,7.93074e-05,1.65038e-05,0.0,0.02731092,0.03030303,0.0,1,51,27.0,0.001995262315,ZERO_KEY,6.8582,0,0,0,0,0,0,1,0,0,0,0,0,81,39,39,1,457,1,0,0,0,0,0,0,0,1,975,0,False,False,0,"{""afterpulse_total_count"": 1, ""ap_depth_d0"": 0, ""a",PoissonSource,False,1.0,poisson,random_gaussian,0.0,0.0,1,0,True,False,False,er_80.0db,2.8706829971541617e-05,0.5,0.6,0.1,0.2,0.0,0.2,False,0,0.15,0.15,6e-07,2e-06,50.0,45.0,293.0,293.0,50.0,1,-20.0,0.0,ideal,3.0,25.0,27.0,0.0,0.01,0.002
0.0,False,10000000,bb84-decoy,BB84DecoyProtocol,231918,65523,0.0065523,7100768.934142,0.0,0.0,1.591e-05,0,115864,116054,0.0361220506,0.0075774597,0.0,0.0,0.0,0.0,0,23192,0.0,1.0,OK,7.2848,0,0,0,0,0,0,0,0,0,0,0,0,0,0,0,0,0,0,0,0,0,0,0,0,0,0,463266,0,False,False,0,"{""afterpulse_total_count"": 0, ""ap_depth_d0"": 0, ""a",PoissonSource,False,1.0,poisson,random_gaussian,0.0,0.0,1,0,True,False,False,er_80.0db,2.8706829971541617e-05,0.5,0.6,0.1,0.2,0.0,0.2,False,0,0.15,0.15,6e-07,2e-06,50.0,45.0,293.0,293.0,50.0,1,-20.0,0.0,ideal,3.0,25.0,0.0,0.0,0.01,0.002
15.0,False,10000000,bb84-decoy,BB84DecoyProtocol,117634,29982,0.0029982,3655851.421332,0.0,0.0,3.136e-05,0,58736,58898,0.0183503621,0.0037552206,0.0,0.0,0.0,0.0,0,11763,3.0,0.501187233627,OK,16.3449,0,0,0,0,0,0,0,0,0,0,0,0,0,0,0,0,0,0,0,0,0,0,0,0,0,0,235991,0,False,False,0,"{""afterpulse_total_count"": 0, ""ap_depth_d0"": 0, ""a",PoissonSource,False,1.0,poisson,random_gaussian,0.0,0.0,1,0,True,False,False,er_80.0db,2.8706829971541617e-05,0.5,0.6,0.1,0.2,0.0,0.2,False,0,0.15,0.15,6e-07,2e-06,50.0,45.0,293.0,293.0,50.0,1,-20.0,0.0,ideal,3.0,25.0,3.0,0.0,0.01,0.002
30.0,False,10000000,bb84-decoy,BB84DecoyProtocol,60079,14907,0.0014907,1857667.938681,0.0,0.0,6.14e-05,0,30126,29953,0.0093602853,0.0019509569,0.0,0.0,0.0,0.0,0,6008,6.0,0.251188643151,OK,15.5075,0,0,0,0,0,0,0,0,0,0,0,0,0,0,0,0,0,0,0,0,0,0,0,0,0,0,119749,0,False,False,0,"{""afterpulse_total_count"": 0, ""ap_depth_d0"": 0, ""a",PoissonSource,False,1.0,poisson,random_gaussian,0.0,0.0,1,0,True,False,False,er_80.0db,2.8706829971541617e-05,0.5,0.6,0.1,0.2,0.0,0.2,False,0,0.15,0.15,6e-07,2e-06,50.0,45.0,293.0,293.0,50.0,1,-20.0,0.0,ideal,3.0,25.0,6.0,0.0,0.01,0.002
135.0,False,10000000,bb84-decoy,BB84DecoyProtocol,489,0,0.0,14962.788036,0.0,0.0,0.00751534,0,252,237,7.69976e-05,1.35054e-05,0.0,0.0,0.0,0.0,0,49,27.0,0.001995262315,ZERO_KEY,6.2196,0,0,0,0,0,0,0,0,0,0,0,0,0,0,0,0,0,0,0,0,0,0,0,0,0,0,999,0,False,False,0,"{""afterpulse_total_count"": 0, ""ap_depth_d0"": 0, ""a",PoissonSource,False,1.0,poisson,random_gaussian,0.0,0.0,1,0,True,False,False,er_80.0db,2.8706829971541617e-05,0.5,0.6,0.1,0.2,0.0,0.2,False,0,0.15,0.15,6e-07,2e-06,50.0,45.0,293.0,293.0,50.0,1,-20.0,0.0,ideal,3.0,25.0,27.0,0.0,0.01,0.002
150.0,False,10000000,bb84-decoy,BB84DecoyProtocol,250,0,0.0,7499.578149,0.0,0.0,0.01464719,0,135,115,3.84817e-05,9.4965e-06,0.0,0.0,0.0,0.0,0,25,30.0,0.001,ZERO_KEY,12.6598,0,0,0,0,0,0,0,0,0,0,0,0,0,0,0,0,0,0,0,0,0,0,0,0,0,0,459,0,False,False,0,"{""afterpulse_total_count"": 0, ""ap_depth_d0"": 0, ""a",PoissonSource,False,1.0,poisson,random_gaussian,0.0,0.0,1,0,True,False,False,er_80.0db,2.8706829971541617e-05,0.5,0.6,0.1,0.2,0.0,0.2,False,0,0.15,0.15,6e-07,2e-06,50.0,45.0,293.0,293.0,50.0,1,-20.0,0.0,ideal,3.0,25.0,30.0,0.0,0.01,0.002
0.0,True,10000000,bb84-decoy,BB84DecoyProtocol,231558,36167,0.0036167,7100768.934142,0.01243749,0.01197777,0.01289721,2880,115704,115854,0.0361062015,0.0074173389,2.55238e-05,0.01222169,0.01367648,0.56862745,1,23156,0.0,1.0,OK,14.2742,451,234,217,0,0,0,1,0,0,0,0,0,37942,18885,18885,328,231599,473,0,0,0,0,0,2772,0,1,463626,0,False,False,0,"{""afterpulse_total_count"": 473, ""ap_depth_d0"": 0, ",PoissonSource,False,1.0,poisson,random_gaussian,0.0,0.0,1,0,True,False,False,er_80.0db,2.8706829971541617e-05,0.5,0.6,0.1,0.2,0.0,0.2,False,0,0.15,0.15,6e-07,2e-06,50.0,45.0,293.0,293.0,50.0,1,-20.0,0.0,ideal,3.0,25.0,0.0,0.0,0.01,0.002
150.0,True,10000000,bb84-decoy,BB84DecoyProtocol,259,0,0.0,7499.578149,0.01544402,0.0,0.03906852,4,124,135,3.98378e-05,1.00015e-05,0.0,0.0167364,0.0,0.0,1,26,30.0,0.001,ZERO_KEY,5.7676,0,0,0,0,0,0,1,0,0,0,0,0,42,23,23,0,249,1,0,0,0,0,0,0,0,1,509,0,False,False,0,"{""afterpulse_total_count"": 1, ""ap_depth_d0"": 0, ""a",PoissonSource,False,1.0,poisson,random_gaussian,0.0,0.0,1,0,True,False,False,er_80.0db,2.8706829971541617e-05,0.5,0.6,0.1,0.2,0.0,0.2,False,0,0.15,0.15,6e-07,2e-06,50.0,45.0,293.0,293.0,50.0,1,-20.0,0.0,ideal,3.0,25.0,30.0,0.0,0.01,0.002
0.0,False,10000000,bb84-decoy,BB84DecoyProtocol,231792,64394,0.0064394,7100768.934142,0.0,0.0,1.591e-05,0,116278,115514,0.0361382982,0.0074659976,0.0,0.0,0.0,0.0,0,23179,0.0,1.0,OK,6.9702,0,0,0,0,0,0,0,0,0,0,0,0,0,0,0,0,0,0,0,0,0,0,0,0,0,0,462809,0,False,False,0,"{""afterpulse_total_count"": 0, ""ap_depth_d0"": 0, ""a",PoissonSource,False,1.0,poisson,random_gaussian,0.0,0.0,1,0,True,False,False,er_80.0db,2.8706829971541617e-05,0.5,0.6,0.1,0.2,0.0,0.2,False,0,0.15,0.15,6e-07,2e-06,50.0,45.0,293.0,293.0,50.0,1,-20.0,0.0,ideal,3.0,25.0,0.0,0.0,0.01,0.005
15.0,False,10000000,bb84-decoy,BB84DecoyProtocol,117819,30222,0.0030222,3655851.421332,0.0,0.0,3.131e-05,0,59012,58807,0.0184003902,0.0037022178,0.0,0.0,0.0,0.0,0,11782,3.0,0.501187233627,OK,6.2458,0,0,0,0,0,0,0,0,0,0,0,0,0,0,0,0,0,0,0,0,0,0,0,0,0,0,236177,0,False,False,0,"{""afterpulse_total_count"": 0, ""ap_depth_d0"": 0, ""a",PoissonSource,False,1.0,poisson,random_gaussian,0.0,0.0,1,0,True,False,False,er_80.0db,2.8706829971541617e-05,0.5,0.6,0.1,0.2,0.0,0.2,False,0,0.15,0.15,6e-07,2e-06,50.0,45.0,293.0,293.0,50.0,1,-20.0,0.0,ideal,3.0,25.0,3.0,0.0,0.01,0.005
30.0,False,10000000,bb84-decoy,BB84DecoyProtocol,59826,13252,0.0013252,1857667.938681,0.0,0.0,6.166e-05,0,29955,29871,0.0093474469,0.0018699129,0.0,0.0,0.0,0.0,0,5983,6.0,0.251188643151,OK,6.4336,0,0,0,0,0,0,0,0,0,0,0,0,0,0,0,0,0,0,0,0,0,0,0,0,0,0,119715,0,False,False,0,"{""afterpulse_total_count"": 0, ""ap_depth_d0"": 0, ""a",PoissonSource,False,1.0,poisson,random_gaussian,0.0,0.0,1,0,True,False,False,er_80.0db,2.8706829971541617e-05,0.5,0.6,0.1,0.2,0.0,0.2,False,0,0.15,0.15,6e-07,2e-06,50.0,45.0,293.0,293.0,50.0,1,-20.0,0.0,ideal,3.0,25.0,6.0,0.0,0.01,0.005
45.0,False,10000000,bb84-decoy,BB84DecoyProtocol,29916,6343,0.0006343,937554.855239,0.0,0.0,0.0001233,0,14758,15158,0.0046687609,0.0009492008,0.0,0.0,0.0,0.0,0,2992,9.0,0.125892541179,OK,6.2605,0,0,0,0,0,0,0,0,0,0,0,0,0,0,0,0,0,0,0,0,0,0,0,0,0,0,59939,0,False,False,0,"{""afterpulse_total_count"": 0, ""ap_depth_d0"": 0, ""a",PoissonSource,False,1.0,poisson,random_gaussian,0.0,0.0,1,0,True,False,False,er_80.0db,2.8706829971541617e-05,0.5,0.6,0.1,0.2,0.0,0.2,False,0,0.15,0.15,6e-07,2e-06,50.0,45.0,293.0,293.0,50.0,1,-20.0,0.0,ideal,3.0,25.0,9.0,0.0,0.01,0.005
60.0,False,10000000,bb84-decoy,BB84DecoyProtocol,15036,2369,0.0002369,471544.43659,0.0,0.0,0.00024531,0,7387,7649,0.0023499114,0.0004657646,0.0,0.0,0.0,0.0,0,1504,12.0,0.063095734448,OK,5.6693,0,0,0,0,0,0,0,0,0,0,0,0,0,0,0,0,0,0,0,0,0,0,0,0,0,0,30343,0,False,False,0,"{""afterpulse_total_count"": 0, ""ap_depth_d0"": 0, ""a",PoissonSource,False,1.0,poisson,random_gaussian,0.0,0.0,1,0,True,False,False,er_80.0db,2.8706829971541617e-05,0.5,0.6,0.1,0.2,0.0,0.2,False,0,0.15,0.15,6e-07,2e-06,50.0,45.0,293.0,293.0,50.0,1,-20.0,0.0,ideal,3.0,25.0,12.0,0.0,0.01,0.005
75.0,False,10000000,bb84-decoy,BB84DecoyProtocol,7656,668,6.68e-05,236749.698801,0.0,0.0,0.00048171,0,3742,3914,0.0011891554,0.0002601156,0.0,0.0,0.0,0.0,0,766,15.0,0.031622776602,OK,6.5078,0,0,0,0,0,0,0,0,0,0,0,0,0,0,0,0,0,0,0,0,0,0,0,0,0,0,15368,0,False,False,0,"{""afterpulse_total_count"": 0, ""ap_depth_d0"": 0, ""a",PoissonSource,False,1.0,poisson,random_gaussian,0.0,0.0,1,0,True,False,False,er_80.0db,2.8706829971541617e-05,0.5,0.6,0.1,0.2,0.0,0.2,False,0,0.15,0.15,6e-07,2e-06,50.0,45.0,293.0,293.0,50.0,1,-20.0,0.0,ideal,3.0,25.0,15.0,0.0,0.01,0.005
90.0,False,10000000,bb84-decoy,BB84DecoyProtocol,3826,0,0.0,118761.113627,0.0,0.0,0.0009637,0,1881,1945,0.0006007253,0.0001109526,0.0,0.0,0.0,0.0,0,383,18.0,0.015848931925,ZERO_KEY,6.4941,0,0,0,0,0,0,0,0,0,0,0,0,0,0,0,0,0,0,0,0,0,0,0,0,0,0,7718,0,False,False,0,"{""afterpulse_total_count"": 0, ""ap_depth_d0"": 0, ""a",PoissonSource,False,1.0,poisson,random_gaussian,0.0,0.0,1,0,True,False,False,er_80.0db,2.8706829971541617e-05,0.5,0.6,0.1,0.2,0.0,0.2,False,0,0.15,0.15,6e-07,2e-06,50.0,45.0,293.0,293.0,50.0,1,-20.0,0.0,ideal,3.0,25.0,18.0,0.0,0.01,0.005
105.0,False,10000000,bb84-decoy,BB84DecoyProtocol,1873,0,0.0,59548.01098,0.0,0.0,0.00196756,0,951,922,0.000292072,6.00152e-05,0.0,0.0,0.0,0.0,0,187,21.0,0.007943282347,ZERO_KEY,8.0643,0,0,0,0,0,0,0,0,0,0,0,0,0,0,0,0,0,0,0,0,0,0,0,0,0,0,3781,0,False,False,0,"{""afterpulse_total_count"": 0, ""ap_depth_d0"": 0, ""a",PoissonSource,False,1.0,poisson,random_gaussian,0.0,0.0,1,0,True,False,False,er_80.0db,2.8706829971541617e-05,0.5,0.6,0.1,0.2,0.0,0.2,False,0,0.15,0.15,6e-07,2e-06,50.0,45.0,293.0,293.0,50.0,1,-20.0,0.0,ideal,3.0,25.0,21.0,0.0,0.01,0.005
120.0,False,10000000,bb84-decoy,BB84DecoyProtocol,977,0,0.0,29851.35302,0.0,0.0,0.0037686,0,493,484,0.0001526143,3.04809e-05,0.0,0.0,0.0,0.0,0,98,24.0,0.003981071706,ZERO_KEY,5.938,0,0,0,0,0,0,0,0,0,0,0,0,0,0,0,0,0,0,0,0,0,0,0,0,0,0,1950,0,False,False,0,"{""afterpulse_total_count"": 0, ""ap_depth_d0"": 0, ""a",PoissonSource,False,1.0,poisson,random_gaussian,0.0,0.0,1,0,True,False,False,er_80.0db,2.8706829971541617e-05,0.5,0.6,0.1,0.2,0.0,0.2,False,0,0.15,0.15,6e-07,2e-06,50.0,45.0,293.0,293.0,50.0,1,-20.0,0.0,ideal,3.0,25.0,24.0,0.0,0.01,0.005
135.0,False,10000000,bb84-decoy,BB84DecoyProtocol,478,0,0.0,14962.788036,0.0,0.0,0.00768762,0,233,245,7.49819e-05,1.4007e-05,0.0,0.0,0.0,0.0,0,48,27.0,0.001995262315,ZERO_KEY,5.4951,0,0,0,0,0,0,0,0,0,0,0,0,0,0,0,0,0,0,0,0,0,0,0,0,0,0,995,0,False,False,0,"{""afterpulse_total_count"": 0, ""ap_depth_d0"": 0, ""a",PoissonSource,False,1.0,poisson,random_gaussian,0.0,0.0,1,0,True,False,False,er_80.0db,2.8706829971541617e-05,0.5,0.6,0.1,0.2,0.0,0.2,False,0,0.15,0.15,6e-07,2e-06,50.0,45.0,293.0,293.0,50.0,1,-20.0,0.0,ideal,3.0,25.0,27.0,0.0,0.01,0.005
150.0,False,10000000,bb84-decoy,BB84DecoyProtocol,243,0,0.0,7499.578149,0.0,0.0,0.01506593,0,127,116,3.83311e-05,6.5022e-06,0.0,0.0,0.0,0.0,0,24,30.0,0.001,ZERO_KEY,5.5101,0,0,0,0,0,0,0,0,0,0,0,0,0,0,0,0,0,0,0,0,0,0,0,0,0,0,488,0,False,False,0,"{""afterpulse_total_count"": 0, ""ap_depth_d0"": 0, ""a",PoissonSource,False,1.0,poisson,random_gaussian,0.0,0.0,1,0,True,False,False,er_80.0db,2.8706829971541617e-05,0.5,0.6,0.1,0.2,0.0,0.2,False,0,0.15,0.15,6e-07,2e-06,50.0,45.0,293.0,293.0,50.0,1,-20.0,0.0,ideal,3.0,25.0,30.0,0.0,0.01,0.005
0.0,True,10000000,bb84-decoy,BB84DecoyProtocol,231648,32201,0.0032201,7100768.934142,0.01509618,0.01459136,0.015601,3497,115605,116043,0.036129515,0.0074147763,1.59982e-05,0.01488069,0.01733558,0.4375,1,23165,0.0,1.0,OK,6.5428,521,260,261,0,0,0,1,0,0,0,0,0,47730,24163,24163,311,231443,454,0,0,0,0,0,2796,0,1,463086,0,False,False,0,"{""afterpulse_total_count"": 454, ""ap_depth_d0"": 0, ",PoissonSource,False,1.0,poisson,random_gaussian,0.0,0.0,1,0,True,False,False,er_80.0db,2.8706829971541617e-05,0.5,0.6,0.1,0.2,0.0,0.2,False,0,0.15,0.15,6e-07,2e-06,50.0,45.0,293.0,293.0,50.0,1,-20.0,0.0,ideal,3.0,25.0,0.0,0.0,0.01,0.005
15.0,True,10000000,bb84-decoy,BB84DecoyProtocol,118574,12942,0.0012942,3655851.421332,0.01476715,0.01406439,0.01546991,1751,59514,59060,0.0185068103,0.003730582,1.40149e-05,0.01452028,0.01648794,0.53571429,1,11857,3.0,0.501187233627,OK,5.8922,123,61,62,0,0,0,1,0,0,0,0,0,23845,11758,11758,165,118770,255,0,0,0,0,0,750,0,1,237436,0,False,False,0,"{""afterpulse_total_count"": 255, ""ap_depth_d0"": 0, ",PoissonSource,False,1.0,poisson,random_gaussian,0.0,0.0,1,0,True,False,False,er_80.0db,2.8706829971541617e-05,0.5,0.6,0.1,0.2,0.0,0.2,False,0,0.15,0.15,6e-07,2e-06,50.0,45.0,293.0,293.0,50.0,1,-20.0,0.0,ideal,3.0,25.0,3.0,0.0,0.01,0.005
30.0,True,10000000,bb84-decoy,BB84DecoyProtocol,59990,4401,0.0004401,1857667.938681,0.01511919,0.01411057,0.01612781,907,29934,30056,0.0093752349,0.0018644534,4.5003e-06,0.01487947,0.01689461,0.77777778,1,5999,6.0,0.251188643151,OK,5.9597,32,12,20,0,0,0,1,0,0,0,0,0,11914,5986,5986,78,59938,125,0,0,0,0,0,209,0,1,119803,0,False,False,0,"{""afterpulse_total_count"": 125, ""ap_depth_d0"": 0, ",PoissonSource,False,1.0,poisson,random_gaussian,0.0,0.0,1,0,True,False,False,er_80.0db,2.8706829971541617e-05,0.5,0.6,0.1,0.2,0.0,0.2,False,0,0.15,0.15,6e-07,2e-06,50.0,45.0,293.0,293.0,50.0,1,-20.0,0.0,ideal,3.0,25.0,6.0,0.0,0.01,0.005
45.0,True,10000000,bb84-decoy,BB84DecoyProtocol,30324,1056,0.0001056,937554.855239,0.01447698,0.01306859,0.01588537,439,15169,15155,0.004736869,0.0009523938,1.9998e-06,0.01418315,0.01836306,0.25,1,3032,9.0,0.125892541179,OK,6.0948,5,4,1,0,0,0,1,0,0,0,0,0,5939,3037,3037,32,30244,52,0,0,0,0,0,49,0,1,60441,0,False,False,0,"{""afterpulse_total_count"": 52, ""ap_depth_d0"": 0, """,PoissonSource,False,1.0,poisson,random_gaussian,0.0,0.0,1,0,True,False,False,er_80.0db,2.8706829971541617e-05,0.5,0.6,0.1,0.2,0.0,0.2,False,0,0.15,0.15,6e-07,2e-06,50.0,45.0,293.0,293.0,50.0,1,-20.0,0.0,ideal,3.0,25.0,9.0,0.0,0.01,0.005
60.0,True,10000000,bb84-decoy,BB84DecoyProtocol,15186,0,0.0,471544.43659,0.01409193,0.01208837,0.01609549,214,7641,7545,0.0023731169,0.0004736658,5.002e-07,0.01348599,0.0221519,1.0,1,1519,12.0,0.063095734448,ZERO_KEY,6.1301,3,1,2,0,0,0,1,0,0,0,0,0,2967,1473,1473,21,15250,31,0,0,0,0,0,18,0,1,30342,0,False,False,0,"{""afterpulse_total_count"": 31, ""ap_depth_d0"": 0, """,PoissonSource,False,1.0,poisson,random_gaussian,0.0,0.0,1,0,True,False,False,er_80.0db,2.8706829971541617e-05,0.5,0.6,0.1,0.2,0.0,0.2,False,0,0.15,0.15,6e-07,2e-06,50.0,45.0,293.0,293.0,50.0,1,-20.0,0.0,ideal,3.0,25.0,12.0,0.0,0.01,0.005
75.0,True,10000000,bb84-decoy,BB84DecoyProtocol,7691,0,0.0,236749.698801,0.01508256,0.01210231,0.01806282,116,3770,3921,0.0012014048,0.0002401386,5e-07,0.0148405,0.01666667,1.0,1,769,15.0,0.031622776602,ZERO_KEY,7.567,0,0,0,0,0,0,1,0,0,0,0,0,1472,748,748,16,7715,23,0,0,0,0,0,8,0,1,15383,0,False,False,0,"{""afterpulse_total_count"": 23, ""ap_depth_d0"": 0, """,PoissonSource,False,1.0,poisson,random_gaussian,0.0,0.0,1,0,True,False,False,er_80.0db,2.8706829971541617e-05,0.5,0.6,0.1,0.2,0.0,0.2,False,0,0.15,0.15,6e-07,2e-06,50.0,45.0,293.0,293.0,50.0,1,-20.0,0.0,ideal,3.0,25.0,15.0,0.0,0.01,0.005
90.0,True,10000000,bb84-decoy,BB84DecoyProtocol,3765,0,0.0,118761.113627,0.01354582,0.00931943,0.0177722,51,1892,1873,0.0005869883,0.0001218248,0.0,0.01278046,0.02459016,0.0,1,376,18.0,0.015848931925,ZERO_KEY,11.2938,0,0,0,0,0,0,1,0,0,0,0,0,713,352,352,0,3807,2,0,0,0,0,0,1,0,1,7582,0,False,False,0,"{""afterpulse_total_count"": 2, ""ap_depth_d0"": 0, ""a",PoissonSource,False,1.0,poisson,random_gaussian,0.0,0.0,1,0,True,False,False,er_80.0db,2.8706829971541617e-05,0.5,0.6,0.1,0.2,0.0,0.2,False,0,0.15,0.15,6e-07,2e-06,50.0,45.0,293.0,293.0,50.0,1,-20.0,0.0,ideal,3.0,25.0,18.0,0.0,0.01,0.005
105.0,True,10000000,bb84-decoy,BB84DecoyProtocol,1930,0,0.0,59548.01098,0.01865285,0.01157507,0.02573063,36,972,958,0.0003017203,5.95433e-05,0.0,0.0176698,0.03361345,0.0,1,193,21.0,0.007943282347,ZERO_KEY,6.7207,0,0,0,0,0,0,1,0,0,0,0,0,390,180,180,0,1922,0,0,0,0,0,0,0,0,1,3824,0,False,False,0,"{""afterpulse_total_count"": 0, ""ap_depth_d0"": 0, ""a",PoissonSource,False,1.0,poisson,random_gaussian,0.0,0.0,1,0,True,False,False,er_80.0db,2.8706829971541617e-05,0.5,0.6,0.1,0.2,0.0,0.2,False,0,0.15,0.15,6e-07,2e-06,50.0,45.0,293.0,293.0,50.0,1,-20.0,0.0,ideal,3.0,25.0,21.0,0.0,0.01,0.005
120.0,True,10000000,bb84-decoy,BB84DecoyProtocol,994,0,0.0,29851.35302,0.01911469,0.00853979,0.02968958,19,502,492,0.0001564589,2.75106e-05,0.0,0.01597444,0.07272727,0.0,1,99,24.0,0.003981071706,ZERO_KEY,5.5856,0,0,0,0,0,0,1,0,0,0,0,0,188,91,91,1,985,2,0,0,0,0,0,0,0,1,2002,0,False,False,0,"{""afterpulse_total_count"": 2, ""ap_depth_d0"": 0, ""a",PoissonSource,False,1.0,poisson,random_gaussian,0.0,0.0,1,0,True,False,False,er_80.0db,2.8706829971541617e-05,0.5,0.6,0.1,0.2,0.0,0.2,False,0,0.15,0.15,6e-07,2e-06,50.0,45.0,293.0,293.0,50.0,1,-20.0,0.0,ideal,3.0,25.0,24.0,0.0,0.01,0.005
60.0,False,10000000,bb84-decoy,BB84DecoyProtocol,15282,2145,0.0002145,471544.43659,0.0,0.0,0.00024136,0,7614,7668,0.0023891972,0.0004719478,0.0,0.0,0.0,0.0,0,1528,12.0,0.063095734448,OK,5.7499,0,0,0,0,0,0,0,0,0,0,0,0,0,0,0,0,0,0,0,0,0,0,0,0,0,0,30197,0,False,False,0,"{""afterpulse_total_count"": 0, ""ap_depth_d0"": 0, ""a",PoissonSource,False,1.0,poisson,random_gaussian,0.0,0.0,1,0,True,False,False,er_80.0db,2.8706829971541617e-05,0.5,0.6,0.1,0.2,0.0,0.2,False,0,0.15,0.15,6e-07,2e-06,50.0,45.0,293.0,293.0,50.0,1,-20.0,0.0,ideal,3.0,25.0,12.0,0.0,0.01,0.01
75.0,False,10000000,bb84-decoy,BB84DecoyProtocol,7561,346,3.46e-05,236749.698801,0.0,0.0,0.00048776,0,3789,3772,0.0011851826,0.0002263893,0.0,0.0,0.0,0.0,0,756,15.0,0.031622776602,OK,7.0657,0,0,0,0,0,0,0,0,0,0,0,0,0,0,0,0,0,0,0,0,0,0,0,0,0,0,15192,0,False,False,0,"{""afterpulse_total_count"": 0, ""ap_depth_d0"": 0, ""a",PoissonSource,False,1.0,poisson,random_gaussian,0.0,0.0,1,0,True,False,False,er_80.0db,2.8706829971541617e-05,0.5,0.6,0.1,0.2,0.0,0.2,False,0,0.15,0.15,6e-07,2e-06,50.0,45.0,293.0,293.0,50.0,1,-20.0,0.0,ideal,3.0,25.0,15.0,0.0,0.01,0.01
90.0,False,10000000,bb84-decoy,BB84DecoyProtocol,3815,0,0.0,118761.113627,0.0,0.0,0.00096647,0,1913,1902,0.000597732,0.0001140603,0.0,0.0,0.0,0.0,0,382,18.0,0.015848931925,ZERO_KEY,6.2336,0,0,0,0,0,0,0,0,0,0,0,0,0,0,0,0,0,0,0,0,0,0,0,0,0,0,7658,0,False,False,0,"{""afterpulse_total_count"": 0, ""ap_depth_d0"": 0, ""a",PoissonSource,False,1.0,poisson,random_gaussian,0.0,0.0,1,0,True,False,False,er_80.0db,2.8706829971541617e-05,0.5,0.6,0.1,0.2,0.0,0.2,False,0,0.15,0.15,6e-07,2e-06,50.0,45.0,293.0,293.0,50.0,1,-20.0,0.0,ideal,3.0,25.0,18.0,0.0,0.01,0.01
135.0,True,10000000,bb84-decoy,BB84DecoyProtocol,465,0,0.0,14962.788036,0.00860215,0.0,0.02187748,4,250,215,7.3541e-05,1.19994e-05,0.0,0.00907029,0.0,0.0,1,46,27.0,0.001995262315,ZERO_KEY,6.1008,0,0,0,0,0,0,1,0,0,0,0,0,80,42,42,1,462,1,0,0,0,0,0,0,0,1,947,0,False,False,0,"{""afterpulse_total_count"": 1, ""ap_depth_d0"": 0, ""a",PoissonSource,False,1.0,poisson,random_gaussian,0.0,0.0,1,0,True,False,False,er_80.0db,2.8706829971541617e-05,0.5,0.6,0.1,0.2,0.0,0.2,False,0,0.15,0.15,6e-07,2e-06,50.0,45.0,293.0,293.0,50.0,1,-20.0,0.0,ideal,3.0,25.0,27.0,0.0,0.01,0.005
150.0,True,10000000,bb84-decoy,BB84DecoyProtocol,239,0,0.0,7499.578149,0.0167364,0.0,0.04229505,4,119,120,3.7012e-05,8.4952e-06,0.0,0.01351351,0.05882353,0.0,1,24,30.0,0.001,ZERO_KEY,5.5871,0,0,0,0,0,0,1,0,0,0,0,0,50,21,21,2,274,2,0,0,0,0,0,0,0,1,501,0,False,False,0,"{""afterpulse_total_count"": 2, ""ap_depth_d0"": 0, ""a",PoissonSource,False,1.0,poisson,random_gaussian,0.0,0.0,1,0,True,False,False,er_80.0db,2.8706829971541617e-05,0.5,0.6,0.1,0.2,0.0,0.2,False,0,0.15,0.15,6e-07,2e-06,50.0,45.0,293.0,293.0,50.0,1,-20.0,0.0,ideal,3.0,25.0,30.0,0.0,0.01,0.005
0.0,False,10000000,bb84-decoy,BB84DecoyProtocol,231598,66690,0.006669,7100768.934142,0.0,0.0,1.593e-05,0,115387,116211,0.0360681052,0.007599984,0.0,0.0,0.0,0.0,0,23160,0.0,1.0,OK,9.2778,0,0,0,0,0,0,0,0,0,0,0,0,0,0,0,0,0,0,0,0,0,0,0,0,0,0,463737,0,False,False,0,"{""afterpulse_total_count"": 0, ""ap_depth_d0"": 0, ""a",PoissonSource,False,1.0,poisson,random_gaussian,0.0,0.0,1,0,True,False,False,er_80.0db,2.8706829971541617e-05,0.5,0.6,0.1,0.2,0.0,0.2,False,0,0.15,0.15,6e-07,2e-06,50.0,45.0,293.0,293.0,50.0,1,-20.0,0.0,ideal,3.0,25.0,0.0,0.0,0.01,0.01
105.0,False,10000000,bb84-decoy,BB84DecoyProtocol,1899,0,0.0,59548.01098,0.0,0.0,0.00194065,0,954,945,0.0002988455,5.34837e-05,0.0,0.0,0.0,0.0,0,190,21.0,0.007943282347,ZERO_KEY,5.6633,0,0,0,0,0,0,0,0,0,0,0,0,0,0,0,0,0,0,0,0,0,0,0,0,0,0,3825,0,False,False,0,"{""afterpulse_total_count"": 0, ""ap_depth_d0"": 0, ""a",PoissonSource,False,1.0,poisson,random_gaussian,0.0,0.0,1,0,True,False,False,er_80.0db,2.8706829971541617e-05,0.5,0.6,0.1,0.2,0.0,0.2,False,0,0.15,0.15,6e-07,2e-06,50.0,45.0,293.0,293.0,50.0,1,-20.0,0.0,ideal,3.0,25.0,21.0,0.0,0.01,0.01
120.0,False,10000000,bb84-decoy,BB84DecoyProtocol,970,0,0.0,29851.35302,0.0,0.0,0.00379575,0,480,490,0.0001491695,3.74796e-05,0.0,0.0,0.0,0.0,0,97,24.0,0.003981071706,ZERO_KEY,5.6857,0,0,0,0,0,0,0,0,0,0,0,0,0,0,0,0,0,0,0,0,0,0,0,0,0,0,1933,0,False,False,0,"{""afterpulse_total_count"": 0, ""ap_depth_d0"": 0, ""a",PoissonSource,False,1.0,poisson,random_gaussian,0.0,0.0,1,0,True,False,False,er_80.0db,2.8706829971541617e-05,0.5,0.6,0.1,0.2,0.0,0.2,False,0,0.15,0.15,6e-07,2e-06,50.0,45.0,293.0,293.0,50.0,1,-20.0,0.0,ideal,3.0,25.0,24.0,0.0,0.01,0.01
135.0,False,10000000,bb84-decoy,BB84DecoyProtocol,467,0,0.0,14962.788036,0.0,0.0,0.00786798,0,237,230,7.28294e-05,1.5012e-05,0.0,0.0,0.0,0.0,0,47,27.0,0.001995262315,ZERO_KEY,6.6219,0,0,0,0,0,0,0,0,0,0,0,0,0,0,0,0,0,0,0,0,0,0,0,0,0,0,912,0,False,False,0,"{""afterpulse_total_count"": 0, ""ap_depth_d0"": 0, ""a",PoissonSource,False,1.0,poisson,random_gaussian,0.0,0.0,1,0,True,False,False,er_80.0db,2.8706829971541617e-05,0.5,0.6,0.1,0.2,0.0,0.2,False,0,0.15,0.15,6e-07,2e-06,50.0,45.0,293.0,293.0,50.0,1,-20.0,0.0,ideal,3.0,25.0,27.0,0.0,0.01,0.01
150.0,False,10000000,bb84-decoy,BB84DecoyProtocol,280,0,0.0,7499.578149,0.0,0.0,0.01308816,0,129,151,4.34868e-05,9.4973e-06,0.0,0.0,0.0,0.0,0,28,30.0,0.001,ZERO_KEY,5.6127,0,0,0,0,0,0,0,0,0,0,0,0,0,0,0,0,0,0,0,0,0,0,0,0,0,0,517,0,False,False,0,"{""afterpulse_total_count"": 0, ""ap_depth_d0"": 0, ""a",PoissonSource,False,1.0,poisson,random_gaussian,0.0,0.0,1,0,True,False,False,er_80.0db,2.8706829971541617e-05,0.5,0.6,0.1,0.2,0.0,0.2,False,0,0.15,0.15,6e-07,2e-06,50.0,45.0,293.0,293.0,50.0,1,-20.0,0.0,ideal,3.0,25.0,30.0,0.0,0.01,0.01
0.0,True,10000000,bb84-decoy,BB84DecoyProtocol,231633,28019,0.0028019,7100768.934142,0.02050226,0.01991697,0.02108755,4749,115927,115706,0.0360836484,0.0075289767,2.04984e-05,0.02031458,0.02173046,0.56097561,1,23163,0.0,1.0,OK,6.4987,599,278,321,0,0,0,1,0,0,0,0,0,63238,31589,31589,298,232144,441,0,0,0,0,0,2730,0,1,463379,0,False,False,0,"{""afterpulse_total_count"": 441, ""ap_depth_d0"": 0, ",PoissonSource,False,1.0,poisson,random_gaussian,0.0,0.0,1,0,True,False,False,er_80.0db,2.8706829971541617e-05,0.5,0.6,0.1,0.2,0.0,0.2,False,0,0.15,0.15,6e-07,2e-06,50.0,45.0,293.0,293.0,50.0,1,-20.0,0.0,ideal,3.0,25.0,0.0,0.0,0.01,0.01
15.0,True,10000000,bb84-decoy,BB84DecoyProtocol,117926,10100,0.00101,3655851.421332,0.02065702,0.0198291,0.02148494,2436,59125,58801,0.018377709,0.0038047032,9.5087e-06,0.0204176,0.02299606,0.47368421,1,11793,3.0,0.501187233627,OK,7.0146,195,81,114,0,0,0,1,0,0,0,0,0,31853,15792,15792,166,118402,258,0,0,0,0,0,742,0,1,236499,0,False,False,0,"{""afterpulse_total_count"": 258, ""ap_depth_d0"": 0, ",PoissonSource,False,1.0,poisson,random_gaussian,0.0,0.0,1,0,True,False,False,er_80.0db,2.8706829971541617e-05,0.5,0.6,0.1,0.2,0.0,0.2,False,0,0.15,0.15,6e-07,2e-06,50.0,45.0,293.0,293.0,50.0,1,-20.0,0.0,ideal,3.0,25.0,3.0,0.0,0.01,0.01
30.0,True,10000000,bb84-decoy,BB84DecoyProtocol,59529,2826,0.0002826,1857667.938681,0.02057821,0.01940571,0.0217507,1225,29864,29665,0.0093039041,0.00184987,6.9958e-06,0.02040634,0.02189781,0.35714286,1,5953,6.0,0.251188643151,OK,6.5168,50,20,30,0,0,0,1,0,0,0,0,0,15820,7970,7970,102,59532,149,0,0,0,0,0,176,0,1,119428,0,False,False,0,"{""afterpulse_total_count"": 149, ""ap_depth_d0"": 0, ",PoissonSource,False,1.0,poisson,random_gaussian,0.0,0.0,1,0,True,False,False,er_80.0db,2.8706829971541617e-05,0.5,0.6,0.1,0.2,0.0,0.2,False,0,0.15,0.15,6e-07,2e-06,50.0,45.0,293.0,293.0,50.0,1,-20.0,0.0,ideal,3.0,25.0,6.0,0.0,0.01,0.01
45.0,True,10000000,bb84-decoy,BB84DecoyProtocol,29963,0,0.0,937554.855239,0.01955745,0.01792545,0.02118946,586,15041,14922,0.004681995,0.0009403322,4.995e-07,0.01930131,0.02339181,0.0,1,2996,9.0,0.125892541179,ZERO_KEY,7.4793,6,3,3,0,0,0,1,0,0,0,0,0,7866,3906,3906,29,30070,56,0,0,0,0,0,49,0,1,60207,0,False,False,0,"{""afterpulse_total_count"": 56, ""ap_depth_d0"": 0, """,PoissonSource,False,1.0,poisson,random_gaussian,0.0,0.0,1,0,True,False,False,er_80.0db,2.8706829971541617e-05,0.5,0.6,0.1,0.2,0.0,0.2,False,0,0.15,0.15,6e-07,2e-06,50.0,45.0,293.0,293.0,50.0,1,-20.0,0.0,ideal,3.0,25.0,9.0,0.0,0.01,0.01
60.0,True,10000000,bb84-decoy,BB84DecoyProtocol,14997,0,0.0,471544.43659,0.02047076,0.01807584,0.02286569,307,7478,7519,0.0023387107,0.0004814357,1.0001e-06,0.01995439,0.02596054,1.0,1,1500,12.0,0.063095734448,ZERO_KEY,6.2772,2,1,1,0,0,0,1,0,0,0,0,0,4044,1999,1999,17,15027,27,0,0,0,0,0,18,0,1,30199,0,False,False,0,"{""afterpulse_total_count"": 27, ""ap_depth_d0"": 0, """,PoissonSource,False,1.0,poisson,random_gaussian,0.0,0.0,1,0,True,False,False,er_80.0db,2.8706829971541617e-05,0.5,0.6,0.1,0.2,0.0,0.2,False,0,0.15,0.15,6e-07,2e-06,50.0,45.0,293.0,293.0,50.0,1,-20.0,0.0,ideal,3.0,25.0,12.0,0.0,0.01,0.01
120.0,True,10000000,bb84-decoy,BB84DecoyProtocol,968,0,0.0,29851.35302,0.02479339,0.01291973,0.03666705,24,466,502,0.0001480781,3.89672e-05,9.993e-07,0.02252252,0.02564103,1.0,1,97,24.0,0.003981071706,ZERO_KEY,6.4625,0,0,0,0,0,0,1,0,0,0,0,0,259,132,132,1,948,4,0,0,0,0,0,0,0,1,1942,0,False,False,0,"{""afterpulse_total_count"": 4, ""ap_depth_d0"": 0, ""a",PoissonSource,False,1.0,poisson,random_gaussian,0.0,0.0,1,0,True,False,False,er_80.0db,2.8706829971541617e-05,0.5,0.6,0.1,0.2,0.0,0.2,False,0,0.15,0.15,6e-07,2e-06,50.0,45.0,293.0,293.0,50.0,1,-20.0,0.0,ideal,3.0,25.0,24.0,0.0,0.01,0.01
135.0,True,10000000,bb84-decoy,BB84DecoyProtocol,483,0,0.0,14962.788036,0.02484472,0.00669316,0.04299628,12,227,256,7.59681e-05,1.35081e-05,0.0,0.02631579,0.0,0.0,1,48,27.0,0.001995262315,ZERO_KEY,5.9114,0,0,0,0,0,0,1,0,0,0,0,0,129,62,62,0,492,0,0,0,0,0,0,0,0,1,996,0,False,False,0,"{""afterpulse_total_count"": 0, ""ap_depth_d0"": 0, ""a",PoissonSource,False,1.0,poisson,random_gaussian,0.0,0.0,1,0,True,False,False,er_80.0db,2.8706829971541617e-05,0.5,0.6,0.1,0.2,0.0,0.2,False,0,0.15,0.15,6e-07,2e-06,50.0,45.0,293.0,293.0,50.0,1,-20.0,0.0,ideal,3.0,25.0,27.0,0.0,0.01,0.01
150.0,True,10000000,bb84-decoy,BB84DecoyProtocol,233,0,0.0,7499.578149,0.00858369,0.0,0.03066154,2,123,110,3.49998e-05,1.14929e-05,0.0,0.00952381,0.0,0.0,1,23,30.0,0.001,ZERO_KEY,6.0973,0,0,0,0,0,0,1,0,0,0,0,0,79,38,38,1,211,1,0,0,0,0,0,1,0,1,437,0,False,False,0,"{""afterpulse_total_count"": 1, ""ap_depth_d0"": 0, ""a",PoissonSource,False,1.0,poisson,random_gaussian,0.0,0.0,1,0,True,False,False,er_80.0db,2.8706829971541617e-05,0.5,0.6,0.1,0.2,0.0,0.2,False,0,0.15,0.15,6e-07,2e-06,50.0,45.0,293.0,293.0,50.0,1,-20.0,0.0,ideal,3.0,25.0,30.0,0.0,0.01,0.01
75.0,True,10000000,bb84-decoy,BB84DecoyProtocol,7657,0,0.0,236749.698801,0.01972052,0.01635185,0.02308919,151,3904,3753,0.0011985581,0.0002299753,2.0016e-06,0.0184902,0.03913043,0.0,1,766,15.0,0.031622776602,ZERO_KEY,5.7951,0,0,0,0,0,0,1,0,0,0,0,0,2025,1018,1018,7,7642,14,0,0,0,0,0,4,0,1,15196,0,False,False,0,"{""afterpulse_total_count"": 14, ""ap_depth_d0"": 0, """,PoissonSource,False,1.0,poisson,random_gaussian,0.0,0.0,1,0,True,False,False,er_80.0db,2.8706829971541617e-05,0.5,0.6,0.1,0.2,0.0,0.2,False,0,0.15,0.15,6e-07,2e-06,50.0,45.0,293.0,293.0,50.0,1,-20.0,0.0,ideal,3.0,25.0,15.0,0.0,0.01,0.01
90.0,True,10000000,bb84-decoy,BB84DecoyProtocol,3882,0,0.0,118761.113627,0.02163833,0.01655618,0.02672048,84,1980,1902,0.0006023468,0.000134447,0.0,0.02158871,0.02230483,0.0,1,388,18.0,0.015848931925,ZERO_KEY,14.3323,0,0,0,0,0,0,1,0,0,0,0,0,993,496,496,5,3809,8,0,0,0,0,0,1,0,1,7641,0,False,False,0,"{""afterpulse_total_count"": 8, ""ap_depth_d0"": 0, ""a",PoissonSource,False,1.0,poisson,random_gaussian,0.0,0.0,1,0,True,False,False,er_80.0db,2.8706829971541617e-05,0.5,0.6,0.1,0.2,0.0,0.2,False,0,0.15,0.15,6e-07,2e-06,50.0,45.0,293.0,293.0,50.0,1,-20.0,0.0,ideal,3.0,25.0,18.0,0.0,0.01,0.01
105.0,True,10000000,bb84-decoy,BB84DecoyProtocol,1801,0,0.0,59548.01098,0.02054414,0.01288121,0.02820708,37,903,898,0.0002825664,5.20356e-05,5.002e-07,0.02063679,0.01923077,0.0,1,180,21.0,0.007943282347,ZERO_KEY,7.0823,0,0,0,0,0,0,1,0,0,0,0,0,517,260,260,3,1925,4,0,0,0,0,0,0,0,1,3799,0,False,False,0,"{""afterpulse_total_count"": 4, ""ap_depth_d0"": 0, ""a",PoissonSource,False,1.0,poisson,random_gaussian,0.0,0.0,1,0,True,False,False,er_80.0db,2.8706829971541617e-05,0.5,0.6,0.1,0.2,0.0,0.2,False,0,0.15,0.15,6e-07,2e-06,50.0,45.0,293.0,293.0,50.0,1,-20.0,0.0,ideal,3.0,25.0,21.0,0.0,0.01,0.01
15.0,False,10000000,bb84-decoy,BB84DecoyProtocol,118377,31124,0.0031124,3655851.421332,0.0,0.0,3.116e-05,0,59345,59032,0.0184815629,0.0037424435,0.0,0.0,0.0,0.0,0,11838,3.0,0.501187233627,OK,10.447,0,0,0,0,0,0,0,0,0,0,0,0,0,0,0,0,0,0,0,0,0,0,0,0,0,0,236285,0,False,False,0,"{""afterpulse_total_count"": 0, ""ap_depth_d0"": 0, ""a",PoissonSource,False,1.0,poisson,random_gaussian,0.0,0.0,1,0,True,False,False,er_80.0db,2.8706829971541617e-05,0.5,0.6,0.1,0.2,0.0,0.2,False,0,0.15,0.15,6e-07,2e-06,50.0,45.0,293.0,293.0,50.0,1,-20.0,0.0,ideal,3.0,25.0,3.0,0.0,0.01,0.01
30.0,False,10000000,bb84-decoy,BB84DecoyProtocol,59742,14329,0.0014329,1857667.938681,0.0,0.0,6.174e-05,0,29975,29767,0.0093250615,0.0018997447,0.0,0.0,0.0,0.0,0,5974,6.0,0.251188643151,OK,15.1244,0,0,0,0,0,0,0,0,0,0,0,0,0,0,0,0,0,0,0,0,0,0,0,0,0,0,119532,0,False,False,0,"{""afterpulse_total_count"": 0, ""ap_depth_d0"": 0, ""a",PoissonSource,False,1.0,poisson,random_gaussian,0.0,0.0,1,0,True,False,False,er_80.0db,2.8706829971541617e-05,0.5,0.6,0.1,0.2,0.0,0.2,False,0,0.15,0.15,6e-07,2e-06,50.0,45.0,293.0,293.0,50.0,1,-20.0,0.0,ideal,3.0,25.0,6.0,0.0,0.01,0.01
45.0,False,10000000,bb84-decoy,BB84DecoyProtocol,30085,5520,0.000552,937554.855239,0.0,0.0,0.00012261,0,15117,14968,0.0047059576,0.0009199512,0.0,0.0,0.0,0.0,0,3008,9.0,0.125892541179,OK,13.8282,0,0,0,0,0,0,0,0,0,0,0,0,0,0,0,0,0,0,0,0,0,0,0,0,0,0,60207,0,False,False,0,"{""afterpulse_total_count"": 0, ""ap_depth_d0"": 0, ""a",PoissonSource,False,1.0,poisson,random_gaussian,0.0,0.0,1,0,True,False,False,er_80.0db,2.8706829971541617e-05,0.5,0.6,0.1,0.2,0.0,0.2,False,0,0.15,0.15,6e-07,2e-06,50.0,45.0,293.0,293.0,50.0,1,-20.0,0.0,ideal,3.0,25.0,9.0,0.0,0.01,0.01
45.0,False,10000000,bb84-decoy,BB84DecoyProtocol,30006,5332,0.0005332,937554.855239,0.0,0.0,0.00012293,0,15045,14961,0.0046975075,0.000909085,0.0,0.0,0.0,0.0,0,3001,9.0,0.125892541179,OK,7.0665,0,0,0,0,0,0,0,0,0,0,0,0,0,0,0,0,0,0,0,0,0,0,0,0,0,0,59730,0,False,False,0,"{""afterpulse_total_count"": 0, ""ap_depth_d0"": 0, ""a",PoissonSource,False,1.0,poisson,random_gaussian,0.0,0.0,1,0,True,False,False,er_80.0db,2.8706829971541617e-05,0.5,0.6,0.1,0.2,0.0,0.2,False,0,0.15,0.15,6e-07,2e-06,50.0,45.0,293.0,293.0,50.0,1,-20.0,0.0,ideal,3.0,25.0,9.0,0.0,0.02,0.002
60.0,False,10000000,bb84-decoy,BB84DecoyProtocol,15129,2495,0.0002495,471544.43659,0.0,0.0,0.0002438,0,7584,7545,0.0023546217,0.0004984728,0.0,0.0,0.0,0.0,0,1513,12.0,0.063095734448,OK,5.8356,0,0,0,0,0,0,0,0,0,0,0,0,0,0,0,0,0,0,0,0,0,0,0,0,0,0,30314,0,False,False,0,"{""afterpulse_total_count"": 0, ""ap_depth_d0"": 0, ""a",PoissonSource,False,1.0,poisson,random_gaussian,0.0,0.0,1,0,True,False,False,er_80.0db,2.8706829971541617e-05,0.5,0.6,0.1,0.2,0.0,0.2,False,0,0.15,0.15,6e-07,2e-06,50.0,45.0,293.0,293.0,50.0,1,-20.0,0.0,ideal,3.0,25.0,12.0,0.0,0.02,0.002
75.0,False,10000000,bb84-decoy,BB84DecoyProtocol,7736,538,5.38e-05,236749.698801,0.0,0.0,0.00047673,0,3883,3853,0.0012067788,0.0002477592,0.0,0.0,0.0,0.0,0,774,15.0,0.031622776602,OK,7.0008,0,0,0,0,0,0,0,0,0,0,0,0,0,0,0,0,0,0,0,0,0,0,0,0,0,0,15352,0,False,False,0,"{""afterpulse_total_count"": 0, ""ap_depth_d0"": 0, ""a",PoissonSource,False,1.0,poisson,random_gaussian,0.0,0.0,1,0,True,False,False,er_80.0db,2.8706829971541617e-05,0.5,0.6,0.1,0.2,0.0,0.2,False,0,0.15,0.15,6e-07,2e-06,50.0,45.0,293.0,293.0,50.0,1,-20.0,0.0,ideal,3.0,25.0,15.0,0.0,0.02,0.002
0.0,False,10000000,bb84-decoy,BB84DecoyProtocol,232434,65695,0.0065695,7100768.934142,0.0,0.0,1.587e-05,0,116215,116219,0.0362618003,0.0074381745,0.0,0.0,0.0,0.0,0,23243,0.0,1.0,OK,7.4361,0,0,0,0,0,0,0,0,0,0,0,0,0,0,0,0,0,0,0,0,0,0,0,0,0,0,464268,0,False,False,0,"{""afterpulse_total_count"": 0, ""ap_depth_d0"": 0, ""a",PoissonSource,False,1.0,poisson,random_gaussian,0.0,0.0,1,0,True,False,False,er_80.0db,2.8706829971541617e-05,0.5,0.6,0.1,0.2,0.0,0.2,False,0,0.15,0.15,6e-07,2e-06,50.0,45.0,293.0,293.0,50.0,1,-20.0,0.0,ideal,3.0,25.0,0.0,0.0,0.02,0.002
15.0,False,10000000,bb84-decoy,BB84DecoyProtocol,118245,31076,0.0031076,3655851.421332,0.0,0.0,3.12e-05,0,59523,58722,0.018441387,0.0037972817,0.0,0.0,0.0,0.0,0,11824,3.0,0.501187233627,OK,6.464,0,0,0,0,0,0,0,0,0,0,0,0,0,0,0,0,0,0,0,0,0,0,0,0,0,0,236802,0,False,False,0,"{""afterpulse_total_count"": 0, ""ap_depth_d0"": 0, ""a",PoissonSource,False,1.0,poisson,random_gaussian,0.0,0.0,1,0,True,False,False,er_80.0db,2.8706829971541617e-05,0.5,0.6,0.1,0.2,0.0,0.2,False,0,0.15,0.15,6e-07,2e-06,50.0,45.0,293.0,293.0,50.0,1,-20.0,0.0,ideal,3.0,25.0,3.0,0.0,0.02,0.002
30.0,False,10000000,bb84-decoy,BB84DecoyProtocol,59961,14770,0.001477,1857667.938681,0.0,0.0,6.152e-05,0,30083,29878,0.0093445899,0.001954959,0.0,0.0,0.0,0.0,0,5996,6.0,0.251188643151,OK,6.1943,0,0,0,0,0,0,0,0,0,0,0,0,0,0,0,0,0,0,0,0,0,0,0,0,0,0,119808,0,False,False,0,"{""afterpulse_total_count"": 0, ""ap_depth_d0"": 0, ""a",PoissonSource,False,1.0,poisson,random_gaussian,0.0,0.0,1,0,True,False,False,er_80.0db,2.8706829971541617e-05,0.5,0.6,0.1,0.2,0.0,0.2,False,0,0.15,0.15,6e-07,2e-06,50.0,45.0,293.0,293.0,50.0,1,-20.0,0.0,ideal,3.0,25.0,6.0,0.0,0.02,0.002
135.0,False,10000000,bb84-decoy,BB84DecoyProtocol,500,0,0.0,14962.788036,0.0,0.0,0.00735061,0,245,255,7.85022e-05,1.45059e-05,0.0,0.0,0.0,0.0,0,50,27.0,0.001995262315,ZERO_KEY,5.9059,0,0,0,0,0,0,0,0,0,0,0,0,0,0,0,0,0,0,0,0,0,0,0,0,0,0,1044,0,False,False,0,"{""afterpulse_total_count"": 0, ""ap_depth_d0"": 0, ""a",PoissonSource,False,1.0,poisson,random_gaussian,0.0,0.0,1,0,True,False,False,er_80.0db,2.8706829971541617e-05,0.5,0.6,0.1,0.2,0.0,0.2,False,0,0.15,0.15,6e-07,2e-06,50.0,45.0,293.0,293.0,50.0,1,-20.0,0.0,ideal,3.0,25.0,27.0,0.0,0.02,0.002
150.0,False,10000000,bb84-decoy,BB84DecoyProtocol,221,0,0.0,7499.578149,0.0,0.0,0.01655323,0,111,110,3.53515e-05,4.4965e-06,0.0,0.0,0.0,0.0,0,22,30.0,0.001,ZERO_KEY,5.9707,0,0,0,0,0,0,0,0,0,0,0,0,0,0,0,0,0,0,0,0,0,0,0,0,0,0,480,0,False,False,0,"{""afterpulse_total_count"": 0, ""ap_depth_d0"": 0, ""a",PoissonSource,False,1.0,poisson,random_gaussian,0.0,0.0,1,0,True,False,False,er_80.0db,2.8706829971541617e-05,0.5,0.6,0.1,0.2,0.0,0.2,False,0,0.15,0.15,6e-07,2e-06,50.0,45.0,293.0,293.0,50.0,1,-20.0,0.0,ideal,3.0,25.0,30.0,0.0,0.02,0.002
0.0,True,10000000,bb84-decoy,BB84DecoyProtocol,232069,24541,0.0024541,7100768.934142,0.02222615,0.02161821,0.02283408,5158,116117,115952,0.0361507118,0.0075357649,2.90118e-05,0.02184465,0.02548109,0.60344828,1,23207,0.0,1.0,OK,6.608,707,344,363,0,0,0,1,0,0,0,0,0,69617,34890,34890,311,232126,463,0,0,0,0,0,2853,0,1,464522,0,False,False,0,"{""afterpulse_total_count"": 463, ""ap_depth_d0"": 0, ",PoissonSource,False,1.0,poisson,random_gaussian,0.0,0.0,1,0,True,False,False,er_80.0db,2.8706829971541617e-05,0.5,0.6,0.1,0.2,0.0,0.2,False,0,0.15,0.15,6e-07,2e-06,50.0,45.0,293.0,293.0,50.0,1,-20.0,0.0,ideal,3.0,25.0,0.0,0.0,0.02,0.002
90.0,False,10000000,bb84-decoy,BB84DecoyProtocol,3724,0,0.0,118761.113627,0.0,0.0,0.00099008,0,1851,1873,0.0005777307,0.000128531,0.0,0.0,0.0,0.0,0,372,18.0,0.015848931925,ZERO_KEY,7.0185,0,0,0,0,0,0,0,0,0,0,0,0,0,0,0,0,0,0,0,0,0,0,0,0,0,0,7594,0,False,False,0,"{""afterpulse_total_count"": 0, ""ap_depth_d0"": 0, ""a",PoissonSource,False,1.0,poisson,random_gaussian,0.0,0.0,1,0,True,False,False,er_80.0db,2.8706829971541617e-05,0.5,0.6,0.1,0.2,0.0,0.2,False,0,0.15,0.15,6e-07,2e-06,50.0,45.0,293.0,293.0,50.0,1,-20.0,0.0,ideal,3.0,25.0,18.0,0.0,0.02,0.002
105.0,False,10000000,bb84-decoy,BB84DecoyProtocol,1950,0,0.0,59548.01098,0.0,0.0,0.00188994,0,981,969,0.0003072571,5.30332e-05,0.0,0.0,0.0,0.0,0,195,21.0,0.007943282347,ZERO_KEY,7.0518,0,0,0,0,0,0,0,0,0,0,0,0,0,0,0,0,0,0,0,0,0,0,0,0,0,0,3846,0,False,False,0,"{""afterpulse_total_count"": 0, ""ap_depth_d0"": 0, ""a",PoissonSource,False,1.0,poisson,random_gaussian,0.0,0.0,1,0,True,False,False,er_80.0db,2.8706829971541617e-05,0.5,0.6,0.1,0.2,0.0,0.2,False,0,0.15,0.15,6e-07,2e-06,50.0,45.0,293.0,293.0,50.0,1,-20.0,0.0,ideal,3.0,25.0,21.0,0.0,0.02,0.002
120.0,False,10000000,bb84-decoy,BB84DecoyProtocol,979,0,0.0,29851.35302,0.0,0.0,0.00376092,0,494,485,0.0001525408,3.19522e-05,0.0,0.0,0.0,0.0,0,98,24.0,0.003981071706,ZERO_KEY,6.3298,0,0,0,0,0,0,0,0,0,0,0,0,0,0,0,0,0,0,0,0,0,0,0,0,0,0,1919,0,False,False,0,"{""afterpulse_total_count"": 0, ""ap_depth_d0"": 0, ""a",PoissonSource,False,1.0,poisson,random_gaussian,0.0,0.0,1,0,True,False,False,er_80.0db,2.8706829971541617e-05,0.5,0.6,0.1,0.2,0.0,0.2,False,0,0.15,0.15,6e-07,2e-06,50.0,45.0,293.0,293.0,50.0,1,-20.0,0.0,ideal,3.0,25.0,24.0,0.0,0.02,0.002
15.0,True,10000000,bb84-decoy,BB84DecoyProtocol,118075,8840,0.000884,3655851.421332,0.02229939,0.02144112,0.02315765,2633,58903,59172,0.0184046269,0.0037849781,1.202e-05,0.02216711,0.02284733,0.45833333,1,11808,3.0,0.501187233627,OK,7.4506,165,86,79,0,0,0,1,0,0,0,0,0,34980,17430,17430,164,118007,248,0,0,0,0,0,738,0,1,236645,0,False,False,0,"{""afterpulse_total_count"": 248, ""ap_depth_d0"": 0, ",PoissonSource,False,1.0,poisson,random_gaussian,0.0,0.0,1,0,True,False,False,er_80.0db,2.8706829971541617e-05,0.5,0.6,0.1,0.2,0.0,0.2,False,0,0.15,0.15,6e-07,2e-06,50.0,45.0,293.0,293.0,50.0,1,-20.0,0.0,ideal,3.0,25.0,3.0,0.0,0.02,0.002
30.0,True,10000000,bb84-decoy,BB84DecoyProtocol,59867,2520,0.000252,1857667.938681,0.02213239,0.02092217,0.02334262,1325,30032,29835,0.0093433482,0.0018899005,5.0027e-06,0.02179069,0.02541027,0.7,1,5987,6.0,0.251188643151,OK,5.9799,49,27,22,0,0,0,1,0,0,0,0,0,17457,8796,8796,70,59780,113,0,0,0,0,0,193,0,1,119803,0,False,False,0,"{""afterpulse_total_count"": 113, ""ap_depth_d0"": 0, ",PoissonSource,False,1.0,poisson,random_gaussian,0.0,0.0,1,0,True,False,False,er_80.0db,2.8706829971541617e-05,0.5,0.6,0.1,0.2,0.0,0.2,False,0,0.15,0.15,6e-07,2e-06,50.0,45.0,293.0,293.0,50.0,1,-20.0,0.0,ideal,3.0,25.0,6.0,0.0,0.02,0.002
45.0,True,10000000,bb84-decoy,BB84DecoyProtocol,29714,0,0.0,937554.855239,0.02288484,0.02112037,0.0246493,680,14752,14962,0.0046443747,0.0009236003,3.0019e-06,0.02221983,0.03081081,0.66666667,1,2971,9.0,0.125892541179,ZERO_KEY,6.452,11,5,6,0,0,0,1,0,0,0,0,0,8803,4427,4427,30,29841,53,0,0,0,0,0,41,0,1,59913,0,False,False,0,"{""afterpulse_total_count"": 53, ""ap_depth_d0"": 0, """,PoissonSource,False,1.0,poisson,random_gaussian,0.0,0.0,1,0,True,False,False,er_80.0db,2.8706829971541617e-05,0.5,0.6,0.1,0.2,0.0,0.2,False,0,0.15,0.15,6e-07,2e-06,50.0,45.0,293.0,293.0,50.0,1,-20.0,0.0,ideal,3.0,25.0,9.0,0.0,0.02,0.002
105.0,True,10000000,bb84-decoy,BB84DecoyProtocol,1917,0,0.0,59548.01098,0.02138758,0.01387143,0.02890374,41,935,982,0.0002996352,5.94976e-05,0.0,0.02169077,0.01680672,0.0,1,192,21.0,0.007943282347,ZERO_KEY,5.5985,0,0,0,0,0,0,1,0,0,0,0,0,555,270,270,0,1922,0,0,0,0,0,0,0,0,1,3796,0,False,False,0,"{""afterpulse_total_count"": 0, ""ap_depth_d0"": 0, ""a",PoissonSource,False,1.0,poisson,random_gaussian,0.0,0.0,1,0,True,False,False,er_80.0db,2.8706829971541617e-05,0.5,0.6,0.1,0.2,0.0,0.2,False,0,0.15,0.15,6e-07,2e-06,50.0,45.0,293.0,293.0,50.0,1,-20.0,0.0,ideal,3.0,25.0,21.0,0.0,0.02,0.002
120.0,True,10000000,bb84-decoy,BB84DecoyProtocol,955,0,0.0,29851.35302,0.02408377,0.01224822,0.03591932,23,485,470,0.0001496529,2.84816e-05,0.0,0.02449889,0.01754386,0.0,1,96,24.0,0.003981071706,ZERO_KEY,6.7976,0,0,0,0,0,0,1,0,0,0,0,0,278,131,131,0,955,1,0,0,0,0,0,1,0,1,1855,0,False,False,0,"{""afterpulse_total_count"": 1, ""ap_depth_d0"": 0, ""a",PoissonSource,False,1.0,poisson,random_gaussian,0.0,0.0,1,0,True,False,False,er_80.0db,2.8706829971541617e-05,0.5,0.6,0.1,0.2,0.0,0.2,False,0,0.15,0.15,6e-07,2e-06,50.0,45.0,293.0,293.0,50.0,1,-20.0,0.0,ideal,3.0,25.0,24.0,0.0,0.02,0.002
135.0,True,10000000,bb84-decoy,BB84DecoyProtocol,480,0,0.0,14962.788036,0.02083333,0.00368794,0.03797872,10,247,233,7.48442e-05,1.54917e-05,0.0,0.02227171,0.0,0.0,1,48,27.0,0.001995262315,ZERO_KEY,8.6503,1,0,1,0,0,0,1,0,0,0,0,0,139,62,62,1,472,1,0,0,0,0,0,1,0,1,922,0,False,False,0,"{""afterpulse_total_count"": 1, ""ap_depth_d0"": 0, ""a",PoissonSource,False,1.0,poisson,random_gaussian,0.0,0.0,1,0,True,False,False,er_80.0db,2.8706829971541617e-05,0.5,0.6,0.1,0.2,0.0,0.2,False,0,0.15,0.15,6e-07,2e-06,50.0,45.0,293.0,293.0,50.0,1,-20.0,0.0,ideal,3.0,25.0,27.0,0.0,0.02,0.002
75.0,False,10000000,bb84-decoy,BB84DecoyProtocol,7502,569,5.69e-05,236749.698801,0.0,0.0,0.0004916,0,3720,3782,0.0011735694,0.0002318062,0.0,0.0,0.0,0.0,0,750,15.0,0.031622776602,OK,6.2209,0,0,0,0,0,0,0,0,0,0,0,0,0,0,0,0,0,0,0,0,0,0,0,0,0,0,14919,0,False,False,0,"{""afterpulse_total_count"": 0, ""ap_depth_d0"": 0, ""a",PoissonSource,False,1.0,poisson,random_gaussian,0.0,0.0,1,0,True,False,False,er_80.0db,2.8706829971541617e-05,0.5,0.6,0.1,0.2,0.0,0.2,False,0,0.15,0.15,6e-07,2e-06,50.0,45.0,293.0,293.0,50.0,1,-20.0,0.0,ideal,3.0,25.0,15.0,0.0,0.02,0.005
90.0,False,10000000,bb84-decoy,BB84DecoyProtocol,3714,0,0.0,118761.113627,0.0,0.0,0.00099274,0,1870,1844,0.0005817286,0.0001120342,0.0,0.0,0.0,0.0,0,371,18.0,0.015848931925,ZERO_KEY,8.1156,0,0,0,0,0,0,0,0,0,0,0,0,0,0,0,0,0,0,0,0,0,0,0,0,0,0,7554,0,False,False,0,"{""afterpulse_total_count"": 0, ""ap_depth_d0"": 0, ""a",PoissonSource,False,1.0,poisson,random_gaussian,0.0,0.0,1,0,True,False,False,er_80.0db,2.8706829971541617e-05,0.5,0.6,0.1,0.2,0.0,0.2,False,0,0.15,0.15,6e-07,2e-06,50.0,45.0,293.0,293.0,50.0,1,-20.0,0.0,ideal,3.0,25.0,18.0,0.0,0.02,0.005
105.0,False,10000000,bb84-decoy,BB84DecoyProtocol,1939,0,0.0,59548.01098,0.0,0.0,0.00190066,0,951,988,0.000303689,5.84908e-05,0.0,0.0,0.0,0.0,0,194,21.0,0.007943282347,ZERO_KEY,8.2767,0,0,0,0,0,0,0,0,0,0,0,0,0,0,0,0,0,0,0,0,0,0,0,0,0,0,3799,0,False,False,0,"{""afterpulse_total_count"": 0, ""ap_depth_d0"": 0, ""a",PoissonSource,False,1.0,poisson,random_gaussian,0.0,0.0,1,0,True,False,False,er_80.0db,2.8706829971541617e-05,0.5,0.6,0.1,0.2,0.0,0.2,False,0,0.15,0.15,6e-07,2e-06,50.0,45.0,293.0,293.0,50.0,1,-20.0,0.0,ideal,3.0,25.0,21.0,0.0,0.02,0.005
30.0,False,10000000,bb84-decoy,BB84DecoyProtocol,59878,14592,0.0014592,1857667.938681,0.0,0.0,6.16e-05,0,30115,29763,0.0093501927,0.0018863687,0.0,0.0,0.0,0.0,0,5988,6.0,0.251188643151,OK,6.6092,0,0,0,0,0,0,0,0,0,0,0,0,0,0,0,0,0,0,0,0,0,0,0,0,0,0,119326,0,False,False,0,"{""afterpulse_total_count"": 0, ""ap_depth_d0"": 0, ""a",PoissonSource,False,1.0,poisson,random_gaussian,0.0,0.0,1,0,True,False,False,er_80.0db,2.8706829971541617e-05,0.5,0.6,0.1,0.2,0.0,0.2,False,0,0.15,0.15,6e-07,2e-06,50.0,45.0,293.0,293.0,50.0,1,-20.0,0.0,ideal,3.0,25.0,6.0,0.0,0.02,0.005
45.0,False,10000000,bb84-decoy,BB84DecoyProtocol,30293,6235,0.0006235,937554.855239,0.0,0.0,0.00012177,0,15341,14952,0.0047305075,0.0009536413,0.0,0.0,0.0,0.0,0,3029,9.0,0.125892541179,OK,9.0711,0,0,0,0,0,0,0,0,0,0,0,0,0,0,0,0,0,0,0,0,0,0,0,0,0,0,60591,0,False,False,0,"{""afterpulse_total_count"": 0, ""ap_depth_d0"": 0, ""a",PoissonSource,False,1.0,poisson,random_gaussian,0.0,0.0,1,0,True,False,False,er_80.0db,2.8706829971541617e-05,0.5,0.6,0.1,0.2,0.0,0.2,False,0,0.15,0.15,6e-07,2e-06,50.0,45.0,293.0,293.0,50.0,1,-20.0,0.0,ideal,3.0,25.0,9.0,0.0,0.02,0.005
60.0,False,10000000,bb84-decoy,BB84DecoyProtocol,15273,2307,0.0002307,471544.43659,0.0,0.0,0.0002415,0,7753,7520,0.0023864718,0.0004773317,0.0,0.0,0.0,0.0,0,1527,12.0,0.063095734448,OK,9.3648,0,0,0,0,0,0,0,0,0,0,0,0,0,0,0,0,0,0,0,0,0,0,0,0,0,0,30433,0,False,False,0,"{""afterpulse_total_count"": 0, ""ap_depth_d0"": 0, ""a",PoissonSource,False,1.0,poisson,random_gaussian,0.0,0.0,1,0,True,False,False,er_80.0db,2.8706829971541617e-05,0.5,0.6,0.1,0.2,0.0,0.2,False,0,0.15,0.15,6e-07,2e-06,50.0,45.0,293.0,293.0,50.0,1,-20.0,0.0,ideal,3.0,25.0,12.0,0.0,0.02,0.005
60.0,True,10000000,bb84-decoy,BB84DecoyProtocol,15223,0,0.0,471544.43659,0.02325429,0.02073426,0.02577432,354,7505,7718,0.002369735,0.0004984164,2.4998e-06,0.02285192,0.02710843,0.4,1,1522,12.0,0.063095734448,ZERO_KEY,11.9,2,1,1,0,0,0,1,0,0,0,0,0,4507,2263,2263,14,15161,27,0,0,0,0,0,20,0,1,30327,0,False,False,0,"{""afterpulse_total_count"": 27, ""ap_depth_d0"": 0, """,PoissonSource,False,1.0,poisson,random_gaussian,0.0,0.0,1,0,True,False,False,er_80.0db,2.8706829971541617e-05,0.5,0.6,0.1,0.2,0.0,0.2,False,0,0.15,0.15,6e-07,2e-06,50.0,45.0,293.0,293.0,50.0,1,-20.0,0.0,ideal,3.0,25.0,12.0,0.0,0.02,0.002
75.0,True,10000000,bb84-decoy,BB84DecoyProtocol,7487,0,0.0,236749.698801,0.02283959,0.01919726,0.02648191,171,3740,3747,0.001165801,0.0002454875,1.4989e-06,0.02230802,0.02851324,0.33333333,1,749,15.0,0.031622776602,ZERO_KEY,8.9551,2,1,1,0,0,0,1,0,0,0,0,0,2160,1065,1065,14,7511,19,0,0,0,0,0,6,0,1,15156,0,False,False,0,"{""afterpulse_total_count"": 19, ""ap_depth_d0"": 0, """,PoissonSource,False,1.0,poisson,random_gaussian,0.0,0.0,1,0,True,False,False,er_80.0db,2.8706829971541617e-05,0.5,0.6,0.1,0.2,0.0,0.2,False,0,0.15,0.15,6e-07,2e-06,50.0,45.0,293.0,293.0,50.0,1,-20.0,0.0,ideal,3.0,25.0,15.0,0.0,0.02,0.002
90.0,True,10000000,bb84-decoy,BB84DecoyProtocol,3816,0,0.0,118761.113627,0.02279874,0.01755046,0.02804703,87,1937,1879,0.0005945538,0.0001234964,5.003e-07,0.02298206,0.02024291,0.0,1,382,18.0,0.015848931925,ZERO_KEY,9.6882,0,0,0,0,0,0,1,0,0,0,0,0,1179,589,589,4,3787,9,0,0,0,0,0,4,0,1,7614,0,False,False,0,"{""afterpulse_total_count"": 9, ""ap_depth_d0"": 0, ""a",PoissonSource,False,1.0,poisson,random_gaussian,0.0,0.0,1,0,True,False,False,er_80.0db,2.8706829971541617e-05,0.5,0.6,0.1,0.2,0.0,0.2,False,0,0.15,0.15,6e-07,2e-06,50.0,45.0,293.0,293.0,50.0,1,-20.0,0.0,ideal,3.0,25.0,18.0,0.0,0.02,0.002
120.0,False,10000000,bb84-decoy,BB84DecoyProtocol,1000,0,0.0,29851.35302,0.0,0.0,0.00368208,0,502,498,0.0001543821,3.70221e-05,0.0,0.0,0.0,0.0,0,100,24.0,0.003981071706,ZERO_KEY,6.1484,0,0,0,0,0,0,0,0,0,0,0,0,0,0,0,0,0,0,0,0,0,0,0,0,0,0,1898,0,False,False,0,"{""afterpulse_total_count"": 0, ""ap_depth_d0"": 0, ""a",PoissonSource,False,1.0,poisson,random_gaussian,0.0,0.0,1,0,True,False,False,er_80.0db,2.8706829971541617e-05,0.5,0.6,0.1,0.2,0.0,0.2,False,0,0.15,0.15,6e-07,2e-06,50.0,45.0,293.0,293.0,50.0,1,-20.0,0.0,ideal,3.0,25.0,24.0,0.0,0.02,0.005
135.0,False,10000000,bb84-decoy,BB84DecoyProtocol,434,0,0.0,14962.788036,0.0,0.0,0.0084637,0,223,211,6.60055e-05,1.90084e-05,0.0,0.0,0.0,0.0,0,43,27.0,0.001995262315,ZERO_KEY,9.4085,0,0,0,0,0,0,0,0,0,0,0,0,0,0,0,0,0,0,0,0,0,0,0,0,0,0,916,0,False,False,0,"{""afterpulse_total_count"": 0, ""ap_depth_d0"": 0, ""a",PoissonSource,False,1.0,poisson,random_gaussian,0.0,0.0,1,0,True,False,False,er_80.0db,2.8706829971541617e-05,0.5,0.6,0.1,0.2,0.0,0.2,False,0,0.15,0.15,6e-07,2e-06,50.0,45.0,293.0,293.0,50.0,1,-20.0,0.0,ideal,3.0,25.0,27.0,0.0,0.02,0.005
150.0,False,10000000,bb84-decoy,BB84DecoyProtocol,236,0,0.0,7499.578149,0.0,0.0,0.01550932,0,121,115,3.68299e-05,7.4967e-06,0.0,0.0,0.0,0.0,0,24,30.0,0.001,ZERO_KEY,12.1337,0,0,0,0,0,0,0,0,0,0,0,0,0,0,0,0,0,0,0,0,0,0,0,0,0,0,484,0,False,False,0,"{""afterpulse_total_count"": 0, ""ap_depth_d0"": 0, ""a",PoissonSource,False,1.0,poisson,random_gaussian,0.0,0.0,1,0,True,False,False,er_80.0db,2.8706829971541617e-05,0.5,0.6,0.1,0.2,0.0,0.2,False,0,0.15,0.15,6e-07,2e-06,50.0,45.0,293.0,293.0,50.0,1,-20.0,0.0,ideal,3.0,25.0,30.0,0.0,0.02,0.005
45.0,True,10000000,bb84-decoy,BB84DecoyProtocol,29944,0,0.0,937554.855239,0.02584825,0.02398758,0.02770892,774,14879,15065,0.004663828,0.0009852861,2.9991e-06,0.02564011,0.02684904,0.66666667,1,2994,9.0,0.125892541179,ZERO_KEY,9.7449,12,4,8,0,0,0,1,0,0,0,0,0,10083,4996,4996,45,29919,62,0,0,0,0,0,50,0,1,59975,0,False,False,0,"{""afterpulse_total_count"": 62, ""ap_depth_d0"": 0, """,PoissonSource,False,1.0,poisson,random_gaussian,0.0,0.0,1,0,True,False,False,er_80.0db,2.8706829971541617e-05,0.5,0.6,0.1,0.2,0.0,0.2,False,0,0.15,0.15,6e-07,2e-06,50.0,45.0,293.0,293.0,50.0,1,-20.0,0.0,ideal,3.0,25.0,9.0,0.0,0.02,0.005
60.0,True,10000000,bb84-decoy,BB84DecoyProtocol,15206,0,0.0,471544.43659,0.02617388,0.02351098,0.02883678,398,7574,7632,0.0023740959,0.0004820282,4.996e-07,0.02598132,0.0280083,1.0,1,1521,12.0,0.063095734448,ZERO_KEY,11.5028,7,3,4,0,0,0,1,0,0,0,0,0,4974,2482,2482,22,15237,31,0,0,0,0,0,20,0,1,30473,0,False,False,0,"{""afterpulse_total_count"": 31, ""ap_depth_d0"": 0, """,PoissonSource,False,1.0,poisson,random_gaussian,0.0,0.0,1,0,True,False,False,er_80.0db,2.8706829971541617e-05,0.5,0.6,0.1,0.2,0.0,0.2,False,0,0.15,0.15,6e-07,2e-06,50.0,45.0,293.0,293.0,50.0,1,-20.0,0.0,ideal,3.0,25.0,12.0,0.0,0.02,0.005
75.0,True,10000000,bb84-decoy,BB84DecoyProtocol,7572,0,0.0,236749.698801,0.02377179,0.02008564,0.02745794,180,3775,3797,0.0011855044,0.0002298753,9.993e-07,0.02348805,0.02391304,1.0,1,757,15.0,0.031622776602,ZERO_KEY,10.0641,0,0,0,0,0,0,1,0,0,0,0,0,2547,1280,1280,11,7623,17,0,0,0,0,0,3,0,1,15149,0,False,False,0,"{""afterpulse_total_count"": 17, ""ap_depth_d0"": 0, """,PoissonSource,False,1.0,poisson,random_gaussian,0.0,0.0,1,0,True,False,False,er_80.0db,2.8706829971541617e-05,0.5,0.6,0.1,0.2,0.0,0.2,False,0,0.15,0.15,6e-07,2e-06,50.0,45.0,293.0,293.0,50.0,1,-20.0,0.0,ideal,3.0,25.0,15.0,0.0,0.02,0.005
0.0,True,10000000,bb84-decoy,BB84DecoyProtocol,232111,20989,0.0020989,7100768.934142,0.02530255,0.02465556,0.02594954,5873,116345,115766,0.0361752508,0.0074795708,2.05025e-05,0.02511929,0.02709755,0.34146341,1,23211,0.0,1.0,OK,16.2136,783,389,394,0,0,0,1,0,0,0,0,0,78902,39662,39662,306,232086,471,0,0,0,0,0,2832,0,1,464896,0,False,False,0,"{""afterpulse_total_count"": 471, ""ap_depth_d0"": 0, ",PoissonSource,False,1.0,poisson,random_gaussian,0.0,0.0,1,0,True,False,False,er_80.0db,2.8706829971541617e-05,0.5,0.6,0.1,0.2,0.0,0.2,False,0,0.15,0.15,6e-07,2e-06,50.0,45.0,293.0,293.0,50.0,1,-20.0,0.0,ideal,3.0,25.0,0.0,0.0,0.02,0.005
15.0,True,10000000,bb84-decoy,BB84DecoyProtocol,118087,7502,0.0007502,3655851.421332,0.02414322,0.02325174,0.02503469,2851,58920,59167,0.0184369025,0.0037122111,1.24968e-05,0.02405914,0.02359126,0.56,1,11809,3.0,0.501187233627,OK,12.9095,175,92,83,0,0,0,1,0,0,0,0,0,39663,19708,19708,178,118037,249,0,0,0,0,0,710,0,1,236155,0,False,False,0,"{""afterpulse_total_count"": 249, ""ap_depth_d0"": 0, ",PoissonSource,False,1.0,poisson,random_gaussian,0.0,0.0,1,0,True,False,False,er_80.0db,2.8706829971541617e-05,0.5,0.6,0.1,0.2,0.0,0.2,False,0,0.15,0.15,6e-07,2e-06,50.0,45.0,293.0,293.0,50.0,1,-20.0,0.0,ideal,3.0,25.0,3.0,0.0,0.02,0.005
30.0,True,10000000,bb84-decoy,BB84DecoyProtocol,59698,1979,0.0001979,1857667.938681,0.0247077,0.02343073,0.02598466,1475,29880,29818,0.0093239258,0.0018860556,6.4892e-06,0.02452024,0.0257158,0.53846154,1,5970,6.0,0.251188643151,OK,10.7139,38,12,26,0,0,0,1,0,0,0,0,0,19789,9853,9853,64,59889,111,0,0,0,0,0,187,0,1,119729,0,False,False,0,"{""afterpulse_total_count"": 111, ""ap_depth_d0"": 0, ",PoissonSource,False,1.0,poisson,random_gaussian,0.0,0.0,1,0,True,False,False,er_80.0db,2.8706829971541617e-05,0.5,0.6,0.1,0.2,0.0,0.2,False,0,0.15,0.15,6e-07,2e-06,50.0,45.0,293.0,293.0,50.0,1,-20.0,0.0,ideal,3.0,25.0,6.0,0.0,0.02,0.005
90.0,True,10000000,bb84-decoy,BB84DecoyProtocol,3822,0,0.0,118761.113627,0.02459445,0.01917468,0.03001422,94,1933,1889,0.0005960985,0.0001225823,0.0,0.02432206,0.02857143,0.0,1,382,18.0,0.015848931925,ZERO_KEY,8.6158,0,0,0,0,0,0,1,0,0,0,0,0,1234,638,638,4,3727,12,0,0,0,0,0,3,0,1,7644,0,False,False,0,"{""afterpulse_total_count"": 12, ""ap_depth_d0"": 0, """,PoissonSource,False,1.0,poisson,random_gaussian,0.0,0.0,1,0,True,False,False,er_80.0db,2.8706829971541617e-05,0.5,0.6,0.1,0.2,0.0,0.2,False,0,0.15,0.15,6e-07,2e-06,50.0,45.0,293.0,293.0,50.0,1,-20.0,0.0,ideal,3.0,25.0,18.0,0.0,0.02,0.005
105.0,True,10000000,bb84-decoy,BB84DecoyProtocol,1975,0,0.0,59548.01098,0.02278481,0.01519952,0.0303701,45,992,983,0.0003076747,6.44646e-05,0.0,0.02166847,0.03875969,0.0,1,198,21.0,0.007943282347,ZERO_KEY,10.5393,0,0,0,0,0,0,1,0,0,0,0,0,619,316,316,2,1945,5,0,0,0,0,0,0,0,1,3941,0,False,False,0,"{""afterpulse_total_count"": 5, ""ap_depth_d0"": 0, ""a",PoissonSource,False,1.0,poisson,random_gaussian,0.0,0.0,1,0,True,False,False,er_80.0db,2.8706829971541617e-05,0.5,0.6,0.1,0.2,0.0,0.2,False,0,0.15,0.15,6e-07,2e-06,50.0,45.0,293.0,293.0,50.0,1,-20.0,0.0,ideal,3.0,25.0,21.0,0.0,0.02,0.005
120.0,True,10000000,bb84-decoy,BB84DecoyProtocol,943,0,0.0,29851.35302,0.02651113,0.01413416,0.03888811,25,459,484,0.0001468472,3.09945e-05,0.0,0.02724177,0.01612903,0.0,1,94,24.0,0.003981071706,ZERO_KEY,11.4423,0,0,0,0,0,0,1,0,0,0,0,0,310,176,176,0,972,1,0,0,0,0,0,0,0,1,1958,0,False,False,0,"{""afterpulse_total_count"": 1, ""ap_depth_d0"": 0, ""a",PoissonSource,False,1.0,poisson,random_gaussian,0.0,0.0,1,0,True,False,False,er_80.0db,2.8706829971541617e-05,0.5,0.6,0.1,0.2,0.0,0.2,False,0,0.15,0.15,6e-07,2e-06,50.0,45.0,293.0,293.0,50.0,1,-20.0,0.0,ideal,3.0,25.0,24.0,0.0,0.02,0.005
135.0,True,10000000,bb84-decoy,BB84DecoyProtocol,506,0,0.0,14962.788036,0.03162055,0.01239829,0.05084282,16,238,268,7.83294e-05,1.80016e-05,0.0,0.03191489,0.02777778,0.0,1,51,27.0,0.001995262315,ZERO_KEY,8.5196,0,0,0,0,0,0,1,0,0,0,0,0,145,77,77,0,498,0,0,0,0,0,0,0,0,1,1001,0,False,False,0,"{""afterpulse_total_count"": 0, ""ap_depth_d0"": 0, ""a",PoissonSource,False,1.0,poisson,random_gaussian,0.0,0.0,1,0,True,False,False,er_80.0db,2.8706829971541617e-05,0.5,0.6,0.1,0.2,0.0,0.2,False,0,0.15,0.15,6e-07,2e-06,50.0,45.0,293.0,293.0,50.0,1,-20.0,0.0,ideal,3.0,25.0,27.0,0.0,0.02,0.005
150.0,True,10000000,bb84-decoy,BB84DecoyProtocol,215,0,0.0,7499.578149,0.01860465,0.0,0.04694765,4,103,112,3.39841e-05,5.5048e-06,0.0,0.01960784,0.0,0.0,1,22,30.0,0.001,ZERO_KEY,8.7932,0,0,0,0,0,0,1,0,0,0,0,0,86,44,44,0,241,0,0,0,0,0,0,0,0,1,451,0,False,False,0,"{""afterpulse_total_count"": 0, ""ap_depth_d0"": 0, ""a",PoissonSource,False,1.0,poisson,random_gaussian,0.0,0.0,1,0,True,False,False,er_80.0db,2.8706829971541617e-05,0.5,0.6,0.1,0.2,0.0,0.2,False,0,0.15,0.15,6e-07,2e-06,50.0,45.0,293.0,293.0,50.0,1,-20.0,0.0,ideal,3.0,25.0,30.0,0.0,0.02,0.005
0.0,False,10000000,bb84-decoy,BB84DecoyProtocol,230196,64836,0.0064836,7100768.934142,0.0,0.0,1.602e-05,0,115445,114751,0.0359112684,0.0073662384,0.0,0.0,0.0,0.0,0,23020,0.0,1.0,OK,10.1413,0,0,0,0,0,0,0,0,0,0,0,0,0,0,0,0,0,0,0,0,0,0,0,0,0,0,462222,0,False,False,0,"{""afterpulse_total_count"": 0, ""ap_depth_d0"": 0, ""a",PoissonSource,False,1.0,poisson,random_gaussian,0.0,0.0,1,0,True,False,False,er_80.0db,2.8706829971541617e-05,0.5,0.6,0.1,0.2,0.0,0.2,False,0,0.15,0.15,6e-07,2e-06,50.0,45.0,293.0,293.0,50.0,1,-20.0,0.0,ideal,3.0,25.0,0.0,0.0,0.02,0.01
15.0,False,10000000,bb84-decoy,BB84DecoyProtocol,118043,30302,0.0030302,3655851.421332,0.0,0.0,3.125e-05,0,59092,58951,0.0184421841,0.0036943555,0.0,0.0,0.0,0.0,0,11804,3.0,0.501187233627,OK,8.633,0,0,0,0,0,0,0,0,0,0,0,0,0,0,0,0,0,0,0,0,0,0,0,0,0,0,236237,0,False,False,0,"{""afterpulse_total_count"": 0, ""ap_depth_d0"": 0, ""a",PoissonSource,False,1.0,poisson,random_gaussian,0.0,0.0,1,0,True,False,False,er_80.0db,2.8706829971541617e-05,0.5,0.6,0.1,0.2,0.0,0.2,False,0,0.15,0.15,6e-07,2e-06,50.0,45.0,293.0,293.0,50.0,1,-20.0,0.0,ideal,3.0,25.0,3.0,0.0,0.02,0.01
30.0,False,10000000,bb84-decoy,BB84DecoyProtocol,59291,13814,0.0013814,1857667.938681,0.0,0.0,6.221e-05,0,29700,29591,0.0092647085,0.0018528023,0.0,0.0,0.0,0.0,0,5929,6.0,0.251188643151,OK,10.0078,0,0,0,0,0,0,0,0,0,0,0,0,0,0,0,0,0,0,0,0,0,0,0,0,0,0,119055,0,False,False,0,"{""afterpulse_total_count"": 0, ""ap_depth_d0"": 0, ""a",PoissonSource,False,1.0,poisson,random_gaussian,0.0,0.0,1,0,True,False,False,er_80.0db,2.8706829971541617e-05,0.5,0.6,0.1,0.2,0.0,0.2,False,0,0.15,0.15,6e-07,2e-06,50.0,45.0,293.0,293.0,50.0,1,-20.0,0.0,ideal,3.0,25.0,6.0,0.0,0.02,0.01
45.0,False,10000000,bb84-decoy,BB84DecoyProtocol,29922,5054,0.0005054,937554.855239,0.0,0.0,0.00012328,0,14781,15141,0.0046828721,0.000916358,0.0,0.0,0.0,0.0,0,2992,9.0,0.125892541179,OK,9.6459,0,0,0,0,0,0,0,0,0,0,0,0,0,0,0,0,0,0,0,0,0,0,0,0,0,0,59821,0,False,False,0,"{""afterpulse_total_count"": 0, ""ap_depth_d0"": 0, ""a",PoissonSource,False,1.0,poisson,random_gaussian,0.0,0.0,1,0,True,False,False,er_80.0db,2.8706829971541617e-05,0.5,0.6,0.1,0.2,0.0,0.2,False,0,0.15,0.15,6e-07,2e-06,50.0,45.0,293.0,293.0,50.0,1,-20.0,0.0,ideal,3.0,25.0,9.0,0.0,0.02,0.01
105.0,False,10000000,bb84-decoy,BB84DecoyProtocol,1858,0,0.0,59548.01098,0.0,0.0,0.00198343,0,933,925,0.0002922105,5.25011e-05,0.0,0.0,0.0,0.0,0,186,21.0,0.007943282347,ZERO_KEY,8.3228,0,0,0,0,0,0,0,0,0,0,0,0,0,0,0,0,0,0,0,0,0,0,0,0,0,0,3706,0,False,False,0,"{""afterpulse_total_count"": 0, ""ap_depth_d0"": 0, ""a",PoissonSource,False,1.0,poisson,random_gaussian,0.0,0.0,1,0,True,False,False,er_80.0db,2.8706829971541617e-05,0.5,0.6,0.1,0.2,0.0,0.2,False,0,0.15,0.15,6e-07,2e-06,50.0,45.0,293.0,293.0,50.0,1,-20.0,0.0,ideal,3.0,25.0,21.0,0.0,0.02,0.01
120.0,False,10000000,bb84-decoy,BB84DecoyProtocol,963,0,0.0,29851.35302,0.0,0.0,0.00382328,0,484,479,0.0001494565,3.29914e-05,0.0,0.0,0.0,0.0,0,96,24.0,0.003981071706,ZERO_KEY,7.6718,0,0,0,0,0,0,0,0,0,0,0,0,0,0,0,0,0,0,0,0,0,0,0,0,0,0,1925,0,False,False,0,"{""afterpulse_total_count"": 0, ""ap_depth_d0"": 0, ""a",PoissonSource,False,1.0,poisson,random_gaussian,0.0,0.0,1,0,True,False,False,er_80.0db,2.8706829971541617e-05,0.5,0.6,0.1,0.2,0.0,0.2,False,0,0.15,0.15,6e-07,2e-06,50.0,45.0,293.0,293.0,50.0,1,-20.0,0.0,ideal,3.0,25.0,24.0,0.0,0.02,0.01
135.0,False,10000000,bb84-decoy,BB84DecoyProtocol,493,0,0.0,14962.788036,0.0,0.0,0.00745459,0,228,265,7.83184e-05,1.15052e-05,0.0,0.0,0.0,0.0,0,49,27.0,0.001995262315,ZERO_KEY,8.2023,0,0,0,0,0,0,0,0,0,0,0,0,0,0,0,0,0,0,0,0,0,0,0,0,0,0,990,0,False,False,0,"{""afterpulse_total_count"": 0, ""ap_depth_d0"": 0, ""a",PoissonSource,False,1.0,poisson,random_gaussian,0.0,0.0,1,0,True,False,False,er_80.0db,2.8706829971541617e-05,0.5,0.6,0.1,0.2,0.0,0.2,False,0,0.15,0.15,6e-07,2e-06,50.0,45.0,293.0,293.0,50.0,1,-20.0,0.0,ideal,3.0,25.0,27.0,0.0,0.02,0.01
60.0,False,10000000,bb84-decoy,BB84DecoyProtocol,15153,2111,0.0002111,471544.43659,0.0,0.0,0.00024341,0,7582,7571,0.0023733087,0.0004529634,0.0,0.0,0.0,0.0,0,1515,12.0,0.063095734448,OK,11.1345,0,0,0,0,0,0,0,0,0,0,0,0,0,0,0,0,0,0,0,0,0,0,0,0,0,0,30025,0,False,False,0,"{""afterpulse_total_count"": 0, ""ap_depth_d0"": 0, ""a",PoissonSource,False,1.0,poisson,random_gaussian,0.0,0.0,1,0,True,False,False,er_80.0db,2.8706829971541617e-05,0.5,0.6,0.1,0.2,0.0,0.2,False,0,0.15,0.15,6e-07,2e-06,50.0,45.0,293.0,293.0,50.0,1,-20.0,0.0,ideal,3.0,25.0,12.0,0.0,0.02,0.01
75.0,False,10000000,bb84-decoy,BB84DecoyProtocol,7551,688,6.88e-05,236749.698801,0.0,0.0,0.00048841,0,3746,3805,0.0011734194,0.0002555118,0.0,0.0,0.0,0.0,0,755,15.0,0.031622776602,OK,9.4957,0,0,0,0,0,0,0,0,0,0,0,0,0,0,0,0,0,0,0,0,0,0,0,0,0,0,15231,0,False,False,0,"{""afterpulse_total_count"": 0, ""ap_depth_d0"": 0, ""a",PoissonSource,False,1.0,poisson,random_gaussian,0.0,0.0,1,0,True,False,False,er_80.0db,2.8706829971541617e-05,0.5,0.6,0.1,0.2,0.0,0.2,False,0,0.15,0.15,6e-07,2e-06,50.0,45.0,293.0,293.0,50.0,1,-20.0,0.0,ideal,3.0,25.0,15.0,0.0,0.02,0.01
90.0,False,10000000,bb84-decoy,BB84DecoyProtocol,3890,0,0.0,118761.113627,0.0,0.0,0.00094785,0,1898,1992,0.0006078669,0.0001224161,0.0,0.0,0.0,0.0,0,389,18.0,0.015848931925,ZERO_KEY,9.2779,0,0,0,0,0,0,0,0,0,0,0,0,0,0,0,0,0,0,0,0,0,0,0,0,0,0,7654,0,False,False,0,"{""afterpulse_total_count"": 0, ""ap_depth_d0"": 0, ""a",PoissonSource,False,1.0,poisson,random_gaussian,0.0,0.0,1,0,True,False,False,er_80.0db,2.8706829971541617e-05,0.5,0.6,0.1,0.2,0.0,0.2,False,0,0.15,0.15,6e-07,2e-06,50.0,45.0,293.0,293.0,50.0,1,-20.0,0.0,ideal,3.0,25.0,18.0,0.0,0.02,0.01
150.0,True,10000000,bb84-decoy,BB84DecoyProtocol,218,0,0.0,7499.578149,0.02752294,0.0,0.05894026,6,108,110,3.31702e-05,9.5091e-06,0.0,0.0201005,0.10526316,0.0,1,22,30.0,0.001,ZERO_KEY,15.7969,0,0,0,0,0,0,1,0,0,0,0,0,72,29,29,0,238,1,0,0,0,0,0,0,0,1,446,0,False,False,0,"{""afterpulse_total_count"": 1, ""ap_depth_d0"": 0, ""a",PoissonSource,False,1.0,poisson,random_gaussian,0.0,0.0,1,0,True,False,False,er_80.0db,2.8706829971541617e-05,0.5,0.6,0.1,0.2,0.0,0.2,False,0,0.15,0.15,6e-07,2e-06,50.0,45.0,293.0,293.0,50.0,1,-20.0,0.0,ideal,3.0,25.0,30.0,0.0,0.02,0.002
0.0,False,10000000,bb84-decoy,BB84DecoyProtocol,231294,65023,0.0065023,7100768.934142,0.0,0.0,1.595e-05,0,115251,116043,0.036049835,0.0074583545,0.0,0.0,0.0,0.0,0,23129,0.0,1.0,OK,23.2789,0,0,0,0,0,0,0,0,0,0,0,0,0,0,0,0,0,0,0,0,0,0,0,0,0,0,463068,0,False,False,0,"{""afterpulse_total_count"": 0, ""ap_depth_d0"": 0, ""a",PoissonSource,False,1.0,poisson,random_gaussian,0.0,0.0,1,0,True,False,False,er_80.0db,2.8706829971541617e-05,0.5,0.6,0.1,0.2,0.0,0.2,False,0,0.15,0.15,6e-07,2e-06,50.0,45.0,293.0,293.0,50.0,1,-20.0,0.0,ideal,3.0,25.0,0.0,0.0,0.02,0.005
15.0,False,10000000,bb84-decoy,BB84DecoyProtocol,117996,31152,0.0031152,3655851.421332,0.0,0.0,3.126e-05,0,58922,59074,0.0184302274,0.0037230488,0.0,0.0,0.0,0.0,0,11800,3.0,0.501187233627,OK,17.3972,0,0,0,0,0,0,0,0,0,0,0,0,0,0,0,0,0,0,0,0,0,0,0,0,0,0,235622,0,False,False,0,"{""afterpulse_total_count"": 0, ""ap_depth_d0"": 0, ""a",PoissonSource,False,1.0,poisson,random_gaussian,0.0,0.0,1,0,True,False,False,er_80.0db,2.8706829971541617e-05,0.5,0.6,0.1,0.2,0.0,0.2,False,0,0.15,0.15,6e-07,2e-06,50.0,45.0,293.0,293.0,50.0,1,-20.0,0.0,ideal,3.0,25.0,3.0,0.0,0.02,0.005
150.0,False,10000000,bb84-decoy,BB84DecoyProtocol,240,0,0.0,7499.578149,0.0,0.0,0.01525281,0,109,131,3.83395e-05,4.9949e-06,0.0,0.0,0.0,0.0,0,24,30.0,0.001,ZERO_KEY,8.087,0,0,0,0,0,0,0,0,0,0,0,0,0,0,0,0,0,0,0,0,0,0,0,0,0,0,486,0,False,False,0,"{""afterpulse_total_count"": 0, ""ap_depth_d0"": 0, ""a",PoissonSource,False,1.0,poisson,random_gaussian,0.0,0.0,1,0,True,False,False,er_80.0db,2.8706829971541617e-05,0.5,0.6,0.1,0.2,0.0,0.2,False,0,0.15,0.15,6e-07,2e-06,50.0,45.0,293.0,293.0,50.0,1,-20.0,0.0,ideal,3.0,25.0,30.0,0.0,0.02,0.01
0.0,True,10000000,bb84-decoy,BB84DecoyProtocol,232253,15227,0.0015227,7100768.934142,0.03006635,0.0293638,0.0307689,6983,116314,115939,0.0361818345,0.0075443692,2.5531e-05,0.02983933,0.03210645,0.39215686,1,23225,0.0,1.0,OK,9.1217,930,492,438,0,0,0,1,0,0,0,0,0,93971,47170,47170,307,232684,499,0,0,0,0,0,2816,0,1,465793,0,False,False,0,"{""afterpulse_total_count"": 499, ""ap_depth_d0"": 0, ",PoissonSource,False,1.0,poisson,random_gaussian,0.0,0.0,1,0,True,False,False,er_80.0db,2.8706829971541617e-05,0.5,0.6,0.1,0.2,0.0,0.2,False,0,0.15,0.15,6e-07,2e-06,50.0,45.0,293.0,293.0,50.0,1,-20.0,0.0,ideal,3.0,25.0,0.0,0.0,0.02,0.01
15.0,True,10000000,bb84-decoy,BB84DecoyProtocol,118345,4209,0.0004209,3655851.421332,0.03026744,0.02927555,0.03125933,3582,59069,59276,0.0184785499,0.0037283589,1.75032e-05,0.03009554,0.03041672,0.54285714,1,11834,3.0,0.501187233627,OK,6.2184,238,135,103,0,0,0,1,0,0,0,0,0,47207,23724,23724,159,118733,249,0,0,0,0,0,748,0,1,237262,0,False,False,0,"{""afterpulse_total_count"": 249, ""ap_depth_d0"": 0, ",PoissonSource,False,1.0,poisson,random_gaussian,0.0,0.0,1,0,True,False,False,er_80.0db,2.8706829971541617e-05,0.5,0.6,0.1,0.2,0.0,0.2,False,0,0.15,0.15,6e-07,2e-06,50.0,45.0,293.0,293.0,50.0,1,-20.0,0.0,ideal,3.0,25.0,3.0,0.0,0.02,0.01
30.0,True,10000000,bb84-decoy,BB84DecoyProtocol,59784,304,3.04e-05,1857667.938681,0.02880369,0.02743154,0.03017585,1722,29953,29831,0.0093404215,0.0018587407,7.5028e-06,0.02854492,0.02986279,0.73333333,1,5978,6.0,0.251188643151,OK,8.1792,62,29,33,0,0,0,1,0,0,0,0,0,23565,11894,11894,86,59721,127,0,0,0,0,0,204,0,1,119546,0,False,False,0,"{""afterpulse_total_count"": 127, ""ap_depth_d0"": 0, ",PoissonSource,False,1.0,poisson,random_gaussian,0.0,0.0,1,0,True,False,False,er_80.0db,2.8706829971541617e-05,0.5,0.6,0.1,0.2,0.0,0.2,False,0,0.15,0.15,6e-07,2e-06,50.0,45.0,293.0,293.0,50.0,1,-20.0,0.0,ideal,3.0,25.0,6.0,0.0,0.02,0.01
45.0,True,10000000,bb84-decoy,BB84DecoyProtocol,29986,0,0.0,937554.855239,0.02924698,0.02727696,0.03121701,877,14895,15091,0.0046836465,0.0009313424,2.5026e-06,0.02923186,0.02740462,0.8,1,2999,9.0,0.125892541179,ZERO_KEY,7.5733,13,11,2,0,0,0,1,0,0,0,0,0,12058,6042,6042,38,30192,56,0,0,0,0,0,49,0,1,60217,0,False,False,0,"{""afterpulse_total_count"": 56, ""ap_depth_d0"": 0, """,PoissonSource,False,1.0,poisson,random_gaussian,0.0,0.0,1,0,True,False,False,er_80.0db,2.8706829971541617e-05,0.5,0.6,0.1,0.2,0.0,0.2,False,0,0.15,0.15,6e-07,2e-06,50.0,45.0,293.0,293.0,50.0,1,-20.0,0.0,ideal,3.0,25.0,9.0,0.0,0.02,0.01
60.0,True,10000000,bb84-decoy,BB84DecoyProtocol,15076,0,0.0,471544.43659,0.03064473,0.02776817,0.03352129,462,7380,7696,0.0023438683,0.0005023509,1.0008e-06,0.03070362,0.02888446,0.5,1,1508,12.0,0.063095734448,ZERO_KEY,5.5495,5,2,3,0,0,0,1,0,0,0,0,0,6043,3028,3028,30,15292,49,0,0,0,0,0,27,0,1,30372,0,False,False,0,"{""afterpulse_total_count"": 49, ""ap_depth_d0"": 0, """,PoissonSource,False,1.0,poisson,random_gaussian,0.0,0.0,1,0,True,False,False,er_80.0db,2.8706829971541617e-05,0.5,0.6,0.1,0.2,0.0,0.2,False,0,0.15,0.15,6e-07,2e-06,50.0,45.0,293.0,293.0,50.0,1,-20.0,0.0,ideal,3.0,25.0,12.0,0.0,0.02,0.01
75.0,True,10000000,bb84-decoy,BB84DecoyProtocol,7592,0,0.0,236749.698801,0.03003161,0.02594156,0.03412167,228,3743,3849,0.0011871878,0.0002343295,0.0,0.0289204,0.04690832,0.0,1,759,15.0,0.031622776602,ZERO_KEY,7.5608,1,0,1,0,0,0,1,0,0,0,0,0,3004,1516,1516,10,7632,15,0,0,0,0,0,3,0,1,15227,0,False,False,0,"{""afterpulse_total_count"": 15, ""ap_depth_d0"": 0, """,PoissonSource,False,1.0,poisson,random_gaussian,0.0,0.0,1,0,True,False,False,er_80.0db,2.8706829971541617e-05,0.5,0.6,0.1,0.2,0.0,0.2,False,0,0.15,0.15,6e-07,2e-06,50.0,45.0,293.0,293.0,50.0,1,-20.0,0.0,ideal,3.0,25.0,15.0,0.0,0.02,0.01
90.0,True,10000000,bb84-decoy,BB84DecoyProtocol,3765,0,0.0,118761.113627,0.03479416,0.02843507,0.04115325,131,1851,1914,0.0005848267,0.0001274997,9.992e-07,0.03506271,0.02745098,0.5,1,376,18.0,0.015848931925,ZERO_KEY,5.7183,1,0,1,0,0,0,1,0,0,0,0,0,1514,761,761,8,3822,10,0,0,0,0,0,1,0,1,7593,0,False,False,0,"{""afterpulse_total_count"": 10, ""ap_depth_d0"": 0, """,PoissonSource,False,1.0,poisson,random_gaussian,0.0,0.0,1,0,True,False,False,er_80.0db,2.8706829971541617e-05,0.5,0.6,0.1,0.2,0.0,0.2,False,0,0.15,0.15,6e-07,2e-06,50.0,45.0,293.0,293.0,50.0,1,-20.0,0.0,ideal,3.0,25.0,18.0,0.0,0.02,0.01
105.0,True,10000000,bb84-decoy,BB84DecoyProtocol,1857,0,0.0,59548.01098,0.03123317,0.02227564,0.0401907,58,908,949,0.0002921028,5.20048e-05,0.0,0.03080434,0.03846154,0.0,1,186,21.0,0.007943282347,ZERO_KEY,3.4776,0,0,0,0,0,0,1,0,0,0,0,0,747,375,375,1,1914,1,0,0,0,0,0,2,0,1,3796,0,False,False,0,"{""afterpulse_total_count"": 1, ""ap_depth_d0"": 0, ""a",PoissonSource,False,1.0,poisson,random_gaussian,0.0,0.0,1,0,True,False,False,er_80.0db,2.8706829971541617e-05,0.5,0.6,0.1,0.2,0.0,0.2,False,0,0.15,0.15,6e-07,2e-06,50.0,45.0,293.0,293.0,50.0,1,-20.0,0.0,ideal,3.0,25.0,21.0,0.0,0.02,0.01
120.0,True,10000000,bb84-decoy,BB84DecoyProtocol,986,0,0.0,29851.35302,0.03853955,0.02456206,0.05251705,38,463,523,0.0001520189,3.70088e-05,0.0,0.03618421,0.06756757,0.0,1,99,24.0,0.003981071706,ZERO_KEY,6.9013,0,0,0,0,0,0,1,0,0,0,0,0,379,173,173,1,930,1,0,0,0,0,0,0,0,1,1920,0,False,False,0,"{""afterpulse_total_count"": 1, ""ap_depth_d0"": 0, ""a",PoissonSource,False,1.0,poisson,random_gaussian,0.0,0.0,1,0,True,False,False,er_80.0db,2.8706829971541617e-05,0.5,0.6,0.1,0.2,0.0,0.2,False,0,0.15,0.15,6e-07,2e-06,50.0,45.0,293.0,293.0,50.0,1,-20.0,0.0,ideal,3.0,25.0,24.0,0.0,0.02,0.01
135.0,True,10000000,bb84-decoy,BB84DecoyProtocol,518,0,0.0,14962.788036,0.02316602,0.00621558,0.04011647,12,259,259,8.23241e-05,1.19969e-05,0.0,0.02024291,0.08333333,0.0,1,52,27.0,0.001995262315,ZERO_KEY,5.5924,0,0,0,0,0,0,1,0,0,0,0,0,205,109,109,0,506,0,0,0,0,0,0,0,0,1,975,0,False,False,0,"{""afterpulse_total_count"": 0, ""ap_depth_d0"": 0, ""a",PoissonSource,False,1.0,poisson,random_gaussian,0.0,0.0,1,0,True,False,False,er_80.0db,2.8706829971541617e-05,0.5,0.6,0.1,0.2,0.0,0.2,False,0,0.15,0.15,6e-07,2e-06,50.0,45.0,293.0,293.0,50.0,1,-20.0,0.0,ideal,3.0,25.0,27.0,0.0,0.02,0.01
150.0,True,10000000,bb84-decoy,BB84DecoyProtocol,220,0,0.0,7499.578149,0.01363636,0.0,0.03933187,3,101,119,3.26756e-05,1.19924e-05,0.0,0.01530612,0.0,0.0,1,22,30.0,0.001,ZERO_KEY,3.1241,0,0,0,0,0,0,1,0,0,0,0,0,90,41,41,1,249,1,0,0,0,0,0,1,0,1,476,0,False,False,0,"{""afterpulse_total_count"": 1, ""ap_depth_d0"": 0, ""a",PoissonSource,False,1.0,poisson,random_gaussian,0.0,0.0,1,0,True,False,False,er_80.0db,2.8706829971541617e-05,0.5,0.6,0.1,0.2,0.0,0.2,False,0,0.15,0.15,6e-07,2e-06,50.0,45.0,293.0,293.0,50.0,1,-20.0,0.0,ideal,3.0,25.0,30.0,0.0,0.02,0.01
